HCO_ID,Province,Region,Target_HCC,Vaccinated_HCC,Uptake_Rate,HCO_Type,HCO_Tier
HCO0001,Dong Nai,South,633,63,0.0995260663507109,Vax Center,Tier 2
HCO0002,Kien Giang,South,1405,130,0.09252669039145907,Hospital,Tier 1
HCO0003,Ninh Binh,North,242,20,0.08264462809917356,Vax Center,Tier 3
HCO0004,Thanh Hoa,Central,182,17,0.09340659340659341,Vax Center,Tier 3
HCO0005,Quang Binh,Central,107,9,0.08411214953271028,Vax Center,Tier 3
HCO0006,Hung Yen,North,972,89,0.09156378600823045,Vax Center,Tier 1
HCO0007,Bac Ninh,North,436,38,0.0871559633027523,Vax Center,Tier 2
HCO0008,Quang Binh,Central,251,25,0.099601593625498,Vax Center,Tier 3
HCO0009,Thai Nguyen,North,405,28,0.0691358024691358,Vax Center,Tier 2
HCO0010,Binh Dinh,Central,127,11,0.08661417322834646,Vax Center,Tier 3
HCO0011,Ha Tinh,Central,554,47,0.08483754512635379,Vax Center,Tier 2
HCO0012,Binh Duong,South,257,29,0.11284046692607004,Vax Center,Tier 3
HCO0013,Khanh Hoa,South,912,87,0.09539473684210527,Vax Center,Tier 1
HCO0014,Nam Dinh,North,496,41,0.08266129032258064,Vax Center,Tier 2
HCO0015,Binh Duong,South,636,56,0.0880503144654088,Vax Center,Tier 2
HCO0016,Binh Duong,South,418,39,0.09330143540669857,Vax Center,Tier 2
HCO0017,Nghe An,Central,438,34,0.0776255707762557,Vax Center,Tier 2
HCO0018,Vinh Phuc,North,406,41,0.10098522167487685,Vax Center,Tier 2
HCO0019,Khanh Hoa,South,555,35,0.06306306306306306,Vax Center,Tier 2
HCO0020,Bac Ninh,North,537,53,0.09869646182495345,Hospital,Tier 2
HCO0021,Hung Yen,North,486,46,0.09465020576131687,Vax Center,Tier 2
HCO0022,Hanoi,North,229,20,0.08733624454148471,Vax Center,Tier 3
HCO0023,Dong Nai,South,814,62,0.07616707616707617,Vax Center,Tier 1
HCO0024,Binh Dinh,Central,157,13,0.08280254777070063,Vax Center,Tier 3
HCO0025,Khanh Hoa,South,336,24,0.07142857142857142,Hospital,Tier 2
HCO0026,Dong Nai,South,402,37,0.09203980099502487,Vax Center,Tier 2
HCO0027,Quang Binh,Central,383,45,0.1174934725848564,Vax Center,Tier 2
HCO0028,Da Nang,Central,394,40,0.10152284263959391,Vax Center,Tier 2
HCO0029,Bac Ninh,North,110,12,0.10909090909090909,Vax Center,Tier 3
HCO0030,Quang Ninh,North,344,39,0.11337209302325581,Hospital,Tier 2
HCO0031,Binh Dinh,Central,594,69,0.11616161616161616,Vax Center,Tier 2
HCO0032,Quang Binh,Central,342,27,0.07894736842105263,Vax Center,Tier 2
HCO0033,Da Nang,Central,209,11,0.05263157894736842,Vax Center,Tier 3
HCO0034,Dong Nai,South,428,42,0.09813084112149532,Vax Center,Tier 2
HCO0035,Quang Ngai,Central,181,8,0.04419889502762431,Vax Center,Tier 3
HCO0036,Da Nang,Central,213,17,0.07981220657276995,Vax Center,Tier 3
HCO0037,Da Nang,Central,415,32,0.07710843373493977,Vax Center,Tier 2
HCO0038,Nam Dinh,North,403,37,0.09181141439205956,Vax Center,Tier 2
HCO0039,Hanoi,North,1625,144,0.08861538461538461,Hospital,Tier 1
HCO0040,Ha Tinh,Central,516,40,0.07751937984496124,Vax Center,Tier 2
HCO0041,Hung Yen,North,691,67,0.09696092619392185,Vax Center,Tier 2
HCO0042,Nghe An,Central,168,16,0.09523809523809523,Vax Center,Tier 3
HCO0043,Ho Chi Minh City,South,132,15,0.11363636363636363,Vax Center,Tier 3
HCO0044,Thai Nguyen,North,904,79,0.08738938053097345,Vax Center,Tier 1
HCO0045,Hai Phong,North,296,29,0.09797297297297297,Vax Center,Tier 2
HCO0046,Vinh Phuc,North,469,61,0.1300639658848614,Vax Center,Tier 2
HCO0047,Vinh Phuc,North,247,16,0.06477732793522267,Vax Center,Tier 3
HCO0048,Binh Dinh,Central,378,36,0.09523809523809523,Vax Center,Tier 2
HCO0049,Da Nang,Central,329,19,0.057750759878419454,Vax Center,Tier 2
HCO0050,Dong Nai,South,398,47,0.11809045226130653,Vax Center,Tier 2
HCO0051,Binh Dinh,Central,524,41,0.07824427480916031,Vax Center,Tier 2
HCO0052,Nghe An,Central,2027,233,0.11494819930932412,Hospital,Tier 1
HCO0053,Binh Duong,South,340,24,0.07058823529411765,Vax Center,Tier 2
HCO0054,Hai Duong,North,238,19,0.07983193277310924,Vax Center,Tier 3
HCO0055,Hanoi,North,1185,140,0.11814345991561181,Hospital,Tier 1
HCO0056,Quang Ninh,North,412,31,0.07524271844660194,Vax Center,Tier 2
HCO0057,Lam Dong,South,90,4,0.044444444444444446,Vax Center,Tier 3
HCO0058,Quang Binh,Central,408,33,0.08088235294117647,Hospital,Tier 2
HCO0059,Hai Duong,North,607,53,0.08731466227347612,Vax Center,Tier 2
HCO0060,Quang Tri,Central,2119,154,0.0726757904672015,Vax Center,Tier 1
HCO0061,Bac Ninh,North,784,69,0.08801020408163265,Vax Center,Tier 1
HCO0062,Khanh Hoa,South,537,39,0.07262569832402235,Hospital,Tier 2
HCO0063,Ha Tinh,Central,752,69,0.09175531914893617,Vax Center,Tier 1
HCO0064,Nghe An,Central,842,73,0.08669833729216152,Hospital,Tier 1
HCO0065,Nam Dinh,North,679,60,0.08836524300441827,Hospital,Tier 2
HCO0066,Quang Ngai,Central,406,36,0.08866995073891626,Vax Center,Tier 2
HCO0067,Thanh Hoa,Central,100,12,0.12,Vax Center,Tier 3
HCO0068,Quang Ninh,North,252,22,0.0873015873015873,Vax Center,Tier 3
HCO0069,Bac Ninh,North,628,56,0.08917197452229299,Vax Center,Tier 2
HCO0070,Can Tho,South,315,31,0.09841269841269841,Vax Center,Tier 2
HCO0071,Long An,South,292,27,0.09246575342465753,Vax Center,Tier 2
HCO0072,Khanh Hoa,South,507,53,0.10453648915187377,Hospital,Tier 2
HCO0073,Vinh Phuc,North,407,37,0.09090909090909091,Vax Center,Tier 2
HCO0074,Kien Giang,South,192,19,0.09895833333333333,Vax Center,Tier 3
HCO0075,Dong Nai,South,302,29,0.09602649006622517,Vax Center,Tier 2
HCO0076,Khanh Hoa,South,427,31,0.07259953161592506,Hospital,Tier 2
HCO0077,Ha Tinh,Central,457,40,0.087527352297593,Vax Center,Tier 2
HCO0078,Vinh Phuc,North,185,16,0.08648648648648649,Vax Center,Tier 3
HCO0079,Quang Ninh,North,334,40,0.11976047904191617,Vax Center,Tier 2
HCO0080,Long An,South,255,16,0.06274509803921569,Vax Center,Tier 3
HCO0081,Ha Tinh,Central,661,60,0.0907715582450832,Vax Center,Tier 1
HCO0082,Hung Yen,North,313,21,0.0670926517571885,Vax Center,Tier 2
HCO0083,Nam Dinh,North,235,34,0.14468085106382977,Vax Center,Tier 3
HCO0084,Da Nang,Central,971,72,0.07415036045314109,Hospital,Tier 1
HCO0085,Hung Yen,North,451,33,0.07317073170731707,Vax Center,Tier 2
HCO0086,Ho Chi Minh City,South,1274,104,0.08163265306122448,Hospital,Tier 1
HCO0087,Dong Nai,South,1436,116,0.0807799442896936,Hospital,Tier 1
HCO0088,Lam Dong,South,451,44,0.0975609756097561,Vax Center,Tier 2
HCO0089,Ha Tinh,Central,539,36,0.06679035250463822,Hospital,Tier 2
HCO0090,Quang Ngai,Central,435,41,0.09425287356321839,Vax Center,Tier 2
HCO0091,Quang Nam,Central,523,48,0.09177820267686425,Vax Center,Tier 2
HCO0092,Binh Dinh,Central,516,32,0.06201550387596899,Vax Center,Tier 2
HCO0093,Quang Ninh,North,812,85,0.10467980295566502,Hospital,Tier 1
HCO0094,Nghe An,Central,399,30,0.07518796992481203,Vax Center,Tier 2
HCO0095,Hai Phong,North,156,7,0.04487179487179487,Hospital,Tier 3
HCO0096,Quang Binh,Central,397,28,0.07052896725440806,Hospital,Tier 2
HCO0097,Ninh Binh,North,430,42,0.09767441860465116,Vax Center,Tier 2
HCO0098,Bac Ninh,North,257,24,0.0933852140077821,Vax Center,Tier 3
HCO0099,Quang Ninh,North,220,18,0.08181818181818182,Hospital,Tier 3
HCO0100,Quang Nam,Central,71,5,0.07042253521126761,Vax Center,Tier 3
HCO0101,Hung Yen,North,473,33,0.06976744186046512,Vax Center,Tier 2
HCO0102,Long An,South,212,13,0.06132075471698113,Vax Center,Tier 3
HCO0103,Da Nang,Central,447,23,0.05145413870246085,Vax Center,Tier 2
HCO0104,Ninh Binh,North,361,32,0.0886426592797784,Vax Center,Tier 2
HCO0105,Quang Nam,Central,339,26,0.07669616519174041,Vax Center,Tier 2
HCO0106,Hanoi,North,565,35,0.061946902654867256,Vax Center,Tier 2
HCO0107,Can Tho,South,359,29,0.0807799442896936,Vax Center,Tier 2
HCO0108,Quang Binh,Central,608,51,0.08388157894736842,Vax Center,Tier 2
HCO0109,Dong Nai,South,408,47,0.11519607843137254,Hospital,Tier 2
HCO0110,Quang Ninh,North,429,27,0.06293706293706294,Vax Center,Tier 2
HCO0111,Quang Binh,Central,982,75,0.07637474541751528,Vax Center,Tier 1
HCO0112,Quang Binh,Central,540,56,0.1037037037037037,Vax Center,Tier 2
HCO0113,Tien Giang,South,371,42,0.11320754716981132,Vax Center,Tier 2
HCO0114,Da Nang,Central,533,45,0.08442776735459662,Vax Center,Tier 2
HCO0115,Quang Binh,Central,532,40,0.07518796992481203,Vax Center,Tier 2
HCO0116,Vinh Phuc,North,86,5,0.05813953488372093,Vax Center,Tier 3
HCO0117,Ninh Binh,North,559,50,0.08944543828264759,Vax Center,Tier 2
HCO0118,Quang Tri,Central,932,86,0.09227467811158799,Hospital,Tier 1
HCO0119,Ha Tinh,Central,1586,148,0.09331651954602774,Vax Center,Tier 1
HCO0120,Hanoi,North,324,30,0.09259259259259259,Vax Center,Tier 2
HCO0121,Binh Duong,South,432,42,0.09722222222222222,Vax Center,Tier 2
HCO0122,Ba Ria - Vung Tau,South,355,29,0.08169014084507042,Vax Center,Tier 2
HCO0123,Bac Ninh,North,391,35,0.08951406649616368,Vax Center,Tier 2
HCO0124,Da Nang,Central,1053,80,0.07597340930674264,Vax Center,Tier 1
HCO0125,Quang Ninh,North,223,20,0.08968609865470852,Vax Center,Tier 3
HCO0126,Binh Dinh,Central,261,22,0.0842911877394636,Vax Center,Tier 3
HCO0127,Vinh Phuc,North,840,77,0.09166666666666666,Hospital,Tier 1
HCO0128,Binh Dinh,Central,128,9,0.0703125,Vax Center,Tier 3
HCO0129,Lam Dong,South,278,25,0.08992805755395683,Vax Center,Tier 3
HCO0130,Dong Nai,South,185,13,0.07027027027027027,Vax Center,Tier 3
HCO0131,Quang Ninh,North,352,25,0.07102272727272728,Vax Center,Tier 2
HCO0132,Long An,South,1450,116,0.08,Vax Center,Tier 1
HCO0133,Thai Nguyen,North,309,27,0.08737864077669903,Vax Center,Tier 2
HCO0134,Hanoi,North,185,13,0.07027027027027027,Vax Center,Tier 3
HCO0135,Da Nang,Central,616,54,0.08766233766233766,Vax Center,Tier 2
HCO0136,Thanh Hoa,Central,338,25,0.07396449704142012,Vax Center,Tier 2
HCO0137,Binh Duong,South,133,11,0.08270676691729323,Hospital,Tier 3
HCO0138,Binh Duong,South,874,81,0.09267734553775744,Vax Center,Tier 1
HCO0139,Nam Dinh,North,362,40,0.11049723756906077,Vax Center,Tier 2
HCO0140,Can Tho,South,246,20,0.08130081300813008,Vax Center,Tier 3
HCO0141,Vinh Phuc,North,318,33,0.10377358490566038,Vax Center,Tier 2
HCO0142,Quang Tri,Central,598,45,0.07525083612040134,Vax Center,Tier 2
HCO0143,Thai Nguyen,North,210,8,0.0380952380952381,Vax Center,Tier 3
HCO0144,Tien Giang,South,237,21,0.08860759493670886,Vax Center,Tier 3
HCO0145,Hai Duong,North,1015,102,0.10049261083743842,Hospital,Tier 1
HCO0146,Hai Phong,North,375,37,0.09866666666666667,Vax Center,Tier 2
HCO0147,Ha Tinh,Central,231,15,0.06493506493506493,Vax Center,Tier 3
HCO0148,Kien Giang,South,643,53,0.08242612752721618,Vax Center,Tier 2
HCO0149,Ba Ria - Vung Tau,South,129,14,0.10852713178294573,Vax Center,Tier 3
HCO0150,Dong Nai,South,353,38,0.10764872521246459,Vax Center,Tier 2
HCO0151,Ba Ria - Vung Tau,South,553,57,0.10307414104882459,Vax Center,Tier 2
HCO0152,Ba Ria - Vung Tau,South,627,70,0.11164274322169059,Vax Center,Tier 2
HCO0153,Quang Tri,Central,439,46,0.10478359908883828,Vax Center,Tier 2
HCO0154,Nam Dinh,North,327,29,0.08868501529051988,Vax Center,Tier 2
HCO0155,Dong Nai,South,450,37,0.08222222222222222,Vax Center,Tier 2
HCO0156,Binh Dinh,Central,607,62,0.10214168039538715,Hospital,Tier 2
HCO0157,Nghe An,Central,358,22,0.061452513966480445,Vax Center,Tier 2
HCO0158,Quang Ninh,North,1334,103,0.07721139430284858,Hospital,Tier 1
HCO0159,Dong Nai,South,419,22,0.05250596658711217,Vax Center,Tier 2
HCO0160,Vinh Phuc,North,243,24,0.09876543209876543,Hospital,Tier 3
HCO0161,Tien Giang,South,850,55,0.06470588235294118,Hospital,Tier 1
HCO0162,Thai Nguyen,North,587,48,0.0817717206132879,Vax Center,Tier 2
HCO0163,Bac Ninh,North,291,25,0.0859106529209622,Vax Center,Tier 3
HCO0164,Binh Duong,South,608,53,0.08717105263157894,Hospital,Tier 2
HCO0165,Hai Duong,North,240,21,0.0875,Vax Center,Tier 3
HCO0166,Hung Yen,North,200,11,0.055,Vax Center,Tier 3
HCO0167,Quang Ngai,Central,616,55,0.08928571428571429,Vax Center,Tier 2
HCO0168,Ho Chi Minh City,South,688,62,0.09011627906976744,Vax Center,Tier 2
HCO0169,Hung Yen,North,870,64,0.0735632183908046,Vax Center,Tier 1
HCO0170,Nam Dinh,North,211,24,0.11374407582938388,Vax Center,Tier 3
HCO0171,Dong Nai,South,268,24,0.08955223880597014,Vax Center,Tier 3
HCO0172,Kien Giang,South,330,23,0.0696969696969697,Vax Center,Tier 2
HCO0173,Quang Tri,Central,391,36,0.09207161125319693,Vax Center,Tier 2
HCO0174,Bac Ninh,North,171,15,0.08771929824561403,Vax Center,Tier 3
HCO0175,Hanoi,North,588,44,0.07482993197278912,Vax Center,Tier 2
HCO0176,Thai Nguyen,North,221,23,0.10407239819004525,Vax Center,Tier 3
HCO0177,Bac Ninh,North,214,21,0.09813084112149532,Vax Center,Tier 3
HCO0178,Khanh Hoa,South,997,94,0.09428284854563691,Vax Center,Tier 1
HCO0179,Bac Ninh,North,781,65,0.08322663252240717,Vax Center,Tier 1
HCO0180,Quang Tri,Central,263,23,0.08745247148288973,Vax Center,Tier 3
HCO0181,Khanh Hoa,South,360,44,0.12222222222222222,Vax Center,Tier 2
HCO0182,Da Nang,Central,406,38,0.09359605911330049,Vax Center,Tier 2
HCO0183,Hung Yen,North,979,80,0.08171603677221655,Vax Center,Tier 1
HCO0184,Binh Duong,South,330,36,0.10909090909090909,Vax Center,Tier 2
HCO0185,Khanh Hoa,South,320,18,0.05625,Vax Center,Tier 2
HCO0186,Lam Dong,South,770,55,0.07142857142857142,Vax Center,Tier 1
HCO0187,Bac Ninh,North,243,29,0.11934156378600823,Vax Center,Tier 3
HCO0188,Bac Ninh,North,347,29,0.08357348703170028,Vax Center,Tier 2
HCO0189,Long An,South,247,26,0.10526315789473684,Vax Center,Tier 3
HCO0190,Nghe An,Central,316,24,0.0759493670886076,Vax Center,Tier 2
HCO0191,Nam Dinh,North,154,19,0.12337662337662338,Vax Center,Tier 3
HCO0192,Quang Binh,Central,252,18,0.07142857142857142,Vax Center,Tier 3
HCO0193,Binh Dinh,Central,1038,85,0.08188824662813102,Hospital,Tier 1
HCO0194,Can Tho,South,761,67,0.08804204993429698,Vax Center,Tier 1
HCO0195,Vinh Phuc,North,340,37,0.10882352941176471,Vax Center,Tier 2
HCO0196,Long An,South,682,65,0.09530791788856305,Hospital,Tier 1
HCO0197,Hanoi,North,329,28,0.0851063829787234,Vax Center,Tier 2
HCO0198,Da Nang,Central,206,25,0.12135922330097088,Vax Center,Tier 3
HCO0199,Quang Ngai,Central,762,68,0.08923884514435695,Hospital,Tier 1
HCO0200,Quang Ninh,North,317,22,0.0694006309148265,Vax Center,Tier 2
HCO0201,Bac Ninh,North,382,40,0.10471204188481675,Vax Center,Tier 2
HCO0202,Nghe An,Central,278,27,0.09712230215827339,Hospital,Tier 3
HCO0203,Kien Giang,South,761,64,0.08409986859395532,Vax Center,Tier 1
HCO0204,Quang Nam,Central,73,5,0.0684931506849315,Vax Center,Tier 3
HCO0205,Tien Giang,South,97,10,0.10309278350515463,Vax Center,Tier 3
HCO0206,Binh Duong,South,417,30,0.07194244604316546,Vax Center,Tier 2
HCO0207,Quang Binh,Central,399,27,0.06766917293233082,Vax Center,Tier 2
HCO0208,Dong Nai,South,530,40,0.07547169811320754,Vax Center,Tier 2
HCO0209,Hanoi,North,344,33,0.09593023255813954,Vax Center,Tier 2
HCO0210,Quang Ninh,North,188,19,0.10106382978723404,Hospital,Tier 3
HCO0211,Binh Duong,South,289,33,0.11418685121107267,Vax Center,Tier 3
HCO0212,Binh Duong,South,117,9,0.07692307692307693,Vax Center,Tier 3
HCO0213,Thai Nguyen,North,192,17,0.08854166666666667,Vax Center,Tier 3
HCO0214,Hue,Central,879,77,0.0875995449374289,Vax Center,Tier 1
HCO0215,Quang Ngai,Central,324,29,0.08950617283950617,Vax Center,Tier 2
HCO0216,Ho Chi Minh City,South,672,64,0.09523809523809523,Hospital,Tier 1
HCO0217,Quang Ngai,Central,446,46,0.1031390134529148,Vax Center,Tier 2
HCO0218,Nghe An,Central,283,32,0.11307420494699646,Vax Center,Tier 3
HCO0219,Nghe An,Central,927,72,0.07766990291262135,Hospital,Tier 1
HCO0220,Ha Tinh,Central,851,87,0.10223266745005875,Vax Center,Tier 1
HCO0221,Binh Dinh,Central,273,23,0.08424908424908426,Vax Center,Tier 3
HCO0222,Ho Chi Minh City,South,801,74,0.09238451935081149,Vax Center,Tier 1
HCO0223,Ha Tinh,Central,750,50,0.06666666666666667,Vax Center,Tier 1
HCO0224,Thai Nguyen,North,487,56,0.11498973305954825,Hospital,Tier 2
HCO0225,Thai Nguyen,North,367,28,0.07629427792915532,Vax Center,Tier 2
HCO0226,Dong Nai,South,404,34,0.08415841584158416,Vax Center,Tier 2
HCO0227,Binh Duong,South,400,32,0.08,Vax Center,Tier 2
HCO0228,Quang Ninh,North,451,49,0.10864745011086474,Vax Center,Tier 2
HCO0229,Hai Phong,North,801,78,0.09737827715355805,Vax Center,Tier 1
HCO0230,Quang Nam,Central,533,46,0.08630393996247655,Vax Center,Tier 2
HCO0231,Bac Ninh,North,501,43,0.08582834331337326,Vax Center,Tier 2
HCO0232,Binh Duong,South,227,26,0.1145374449339207,Vax Center,Tier 3
HCO0233,Nam Dinh,North,199,16,0.08040201005025126,Vax Center,Tier 3
HCO0234,Bac Ninh,North,994,93,0.09356136820925554,Vax Center,Tier 1
HCO0235,Long An,South,402,37,0.09203980099502487,Vax Center,Tier 2
HCO0236,Hai Duong,North,255,30,0.11764705882352941,Vax Center,Tier 3
HCO0237,Vinh Phuc,North,751,63,0.08388814913448735,Vax Center,Tier 1
HCO0238,Hai Duong,North,312,32,0.10256410256410256,Vax Center,Tier 2
HCO0239,Bac Ninh,North,609,43,0.07060755336617405,Vax Center,Tier 2
HCO0240,Hanoi,North,517,40,0.07736943907156674,Vax Center,Tier 2
HCO0241,Hai Phong,North,155,14,0.09032258064516129,Vax Center,Tier 3
HCO0242,Hung Yen,North,466,40,0.08583690987124463,Vax Center,Tier 2
HCO0243,Hai Phong,North,287,20,0.06968641114982578,Vax Center,Tier 3
HCO0244,Quang Nam,Central,374,25,0.06684491978609626,Vax Center,Tier 2
HCO0245,Khanh Hoa,South,683,50,0.07320644216691069,Hospital,Tier 2
HCO0246,Nghe An,Central,789,65,0.08238276299112801,Hospital,Tier 1
HCO0247,Ninh Binh,North,299,27,0.0903010033444816,Vax Center,Tier 2
HCO0248,Quang Tri,Central,1050,96,0.09142857142857143,Vax Center,Tier 1
HCO0249,Ho Chi Minh City,South,332,27,0.08132530120481928,Vax Center,Tier 2
HCO0250,Ho Chi Minh City,South,183,22,0.12021857923497267,Vax Center,Tier 3
HCO0251,Hai Phong,North,309,35,0.11326860841423948,Vax Center,Tier 2
HCO0252,Hung Yen,North,1253,113,0.09018355945730247,Vax Center,Tier 1
HCO0253,Thai Nguyen,North,420,37,0.0880952380952381,Vax Center,Tier 2
HCO0254,Thai Nguyen,North,270,25,0.09259259259259259,Vax Center,Tier 3
HCO0255,Da Nang,Central,483,35,0.07246376811594203,Vax Center,Tier 2
HCO0256,Nghe An,Central,260,25,0.09615384615384616,Vax Center,Tier 3
HCO0257,Hai Phong,North,218,20,0.09174311926605505,Vax Center,Tier 3
HCO0258,Nghe An,Central,371,36,0.09703504043126684,Vax Center,Tier 2
HCO0259,Quang Tri,Central,312,35,0.11217948717948718,Vax Center,Tier 2
HCO0260,Quang Ninh,North,457,47,0.10284463894967177,Hospital,Tier 2
HCO0261,Binh Duong,South,181,25,0.13812154696132597,Vax Center,Tier 3
HCO0262,Hai Phong,North,257,14,0.054474708171206226,Vax Center,Tier 3
HCO0263,Long An,South,563,46,0.08170515097690942,Vax Center,Tier 2
HCO0264,Quang Ninh,North,440,36,0.08181818181818182,Vax Center,Tier 2
HCO0265,Ho Chi Minh City,South,705,68,0.09645390070921986,Hospital,Tier 1
HCO0266,Long An,South,290,27,0.09310344827586207,Vax Center,Tier 3
HCO0267,Kien Giang,South,255,18,0.07058823529411765,Vax Center,Tier 3
HCO0268,Binh Duong,South,630,48,0.0761904761904762,Vax Center,Tier 2
HCO0269,Dong Nai,South,157,14,0.08917197452229299,Vax Center,Tier 3
HCO0270,Binh Dinh,Central,1100,78,0.07090909090909091,Vax Center,Tier 1
HCO0271,Dong Nai,South,162,17,0.10493827160493827,Vax Center,Tier 3
HCO0272,Bac Ninh,North,228,18,0.07894736842105263,Vax Center,Tier 3
HCO0273,Hue,Central,452,41,0.09070796460176991,Vax Center,Tier 2
HCO0274,Quang Tri,Central,751,58,0.07723035952063914,Hospital,Tier 1
HCO0275,Ho Chi Minh City,South,800,58,0.0725,Vax Center,Tier 1
HCO0276,Quang Binh,Central,476,47,0.09873949579831932,Vax Center,Tier 2
HCO0277,Nghe An,Central,626,53,0.08466453674121406,Vax Center,Tier 2
HCO0278,Quang Ngai,Central,478,40,0.08368200836820083,Vax Center,Tier 2
HCO0279,Vinh Phuc,North,1066,102,0.09568480300187618,Hospital,Tier 1
HCO0280,Bac Ninh,North,221,23,0.10407239819004525,Vax Center,Tier 3
HCO0281,Quang Binh,Central,203,15,0.07389162561576355,Vax Center,Tier 3
HCO0282,Nghe An,Central,201,13,0.06467661691542288,Vax Center,Tier 3
HCO0283,Thai Nguyen,North,113,7,0.061946902654867256,Vax Center,Tier 3
HCO0284,Thanh Hoa,Central,523,40,0.07648183556405354,Vax Center,Tier 2
HCO0285,Thanh Hoa,Central,151,13,0.08609271523178808,Vax Center,Tier 3
HCO0286,Ninh Binh,North,443,42,0.09480812641083522,Vax Center,Tier 2
HCO0287,Nghe An,Central,148,15,0.10135135135135136,Vax Center,Tier 3
HCO0288,Khanh Hoa,South,2479,217,0.08753529649052037,Hospital,Tier 1
HCO0289,Vinh Phuc,North,578,57,0.0986159169550173,Vax Center,Tier 2
HCO0290,Can Tho,South,323,34,0.10526315789473684,Vax Center,Tier 2
HCO0291,Long An,South,655,62,0.09465648854961832,Vax Center,Tier 2
HCO0292,Quang Binh,Central,583,59,0.10120068610634649,Vax Center,Tier 2
HCO0293,Ninh Binh,North,716,77,0.10754189944134078,Vax Center,Tier 1
HCO0294,Hue,Central,209,24,0.11483253588516747,Vax Center,Tier 3
HCO0295,Ho Chi Minh City,South,380,36,0.09473684210526316,Vax Center,Tier 2
HCO0296,Binh Dinh,Central,200,25,0.125,Vax Center,Tier 3
HCO0297,Binh Duong,South,368,32,0.08695652173913043,Vax Center,Tier 2
HCO0298,Hue,Central,287,24,0.08362369337979095,Vax Center,Tier 2
HCO0299,Quang Ngai,Central,208,14,0.0673076923076923,Vax Center,Tier 3
HCO0300,Vinh Phuc,North,246,19,0.07723577235772358,Vax Center,Tier 3
HCO0301,Lam Dong,South,260,27,0.10384615384615385,Vax Center,Tier 3
HCO0302,Hung Yen,North,127,16,0.12598425196850394,Vax Center,Tier 3
HCO0303,Khanh Hoa,South,239,17,0.07112970711297072,Vax Center,Tier 3
HCO0304,Ho Chi Minh City,South,647,59,0.09119010819165378,Vax Center,Tier 2
HCO0305,Bac Ninh,North,617,69,0.11183144246353323,Hospital,Tier 2
HCO0306,Quang Ngai,Central,158,22,0.13924050632911392,Vax Center,Tier 3
HCO0307,Quang Ninh,North,202,21,0.10396039603960396,Vax Center,Tier 3
HCO0308,Lam Dong,South,1001,134,0.13386613386613386,Vax Center,Tier 1
HCO0309,Quang Ninh,North,366,28,0.07650273224043716,Vax Center,Tier 2
HCO0310,Tien Giang,South,546,52,0.09523809523809523,Vax Center,Tier 2
HCO0311,Bac Ninh,North,369,29,0.07859078590785908,Hospital,Tier 2
HCO0312,Can Tho,South,401,40,0.09975062344139651,Vax Center,Tier 2
HCO0313,Binh Duong,South,444,53,0.11936936936936937,Vax Center,Tier 2
HCO0314,Quang Nam,Central,220,13,0.05909090909090909,Vax Center,Tier 3
HCO0315,Dong Nai,South,1142,100,0.08756567425569177,Hospital,Tier 1
HCO0316,Binh Duong,South,364,33,0.09065934065934066,Vax Center,Tier 2
HCO0317,Can Tho,South,876,76,0.0867579908675799,Hospital,Tier 1
HCO0318,Thai Nguyen,North,183,19,0.10382513661202186,Vax Center,Tier 3
HCO0319,Quang Nam,Central,1620,146,0.09012345679012346,Vax Center,Tier 1
HCO0320,Quang Ninh,North,199,16,0.08040201005025126,Vax Center,Tier 3
HCO0321,Quang Ngai,Central,728,65,0.08928571428571429,Hospital,Tier 1
HCO0322,Hung Yen,North,356,33,0.09269662921348315,Hospital,Tier 2
HCO0323,Da Nang,Central,267,31,0.11610486891385768,Vax Center,Tier 3
HCO0324,Da Nang,Central,252,24,0.09523809523809523,Vax Center,Tier 3
HCO0325,Quang Binh,Central,182,17,0.09340659340659341,Vax Center,Tier 3
HCO0326,Quang Tri,Central,800,84,0.105,Vax Center,Tier 1
HCO0327,Dong Nai,South,1447,138,0.09536973047684866,Vax Center,Tier 1
HCO0328,Binh Duong,South,391,38,0.09718670076726342,Vax Center,Tier 2
HCO0329,Quang Binh,Central,219,21,0.0958904109589041,Vax Center,Tier 3
HCO0330,Quang Ngai,Central,104,8,0.07692307692307693,Vax Center,Tier 3
HCO0331,Tien Giang,South,300,31,0.10333333333333333,Hospital,Tier 2
HCO0332,Bac Ninh,North,302,32,0.10596026490066225,Vax Center,Tier 2
HCO0333,Bac Ninh,North,498,44,0.08835341365461848,Hospital,Tier 2
HCO0334,Quang Ninh,North,419,44,0.10501193317422435,Vax Center,Tier 2
HCO0335,Binh Dinh,Central,270,27,0.1,Vax Center,Tier 3
HCO0336,Nghe An,Central,344,26,0.0755813953488372,Vax Center,Tier 2
HCO0337,Dong Nai,South,380,42,0.11052631578947368,Vax Center,Tier 2
HCO0338,Binh Dinh,Central,604,49,0.08112582781456953,Vax Center,Tier 2
HCO0339,Ninh Binh,North,321,35,0.10903426791277258,Vax Center,Tier 2
HCO0340,Ba Ria - Vung Tau,South,325,25,0.07692307692307693,Hospital,Tier 2
HCO0341,Dong Nai,South,232,24,0.10344827586206896,Vax Center,Tier 3
HCO0342,Vinh Phuc,North,387,35,0.09043927648578812,Vax Center,Tier 2
HCO0343,Thanh Hoa,Central,406,31,0.07635467980295567,Vax Center,Tier 2
HCO0344,Nam Dinh,North,564,38,0.0673758865248227,Vax Center,Tier 2
HCO0345,Hai Duong,North,162,18,0.1111111111111111,Vax Center,Tier 3
HCO0346,Bac Ninh,North,154,18,0.11688311688311688,Vax Center,Tier 3
HCO0347,Tien Giang,South,152,14,0.09210526315789473,Vax Center,Tier 3
HCO0348,Ha Tinh,Central,310,33,0.1064516129032258,Vax Center,Tier 2
HCO0349,Nghe An,Central,162,14,0.08641975308641975,Vax Center,Tier 3
HCO0350,Lam Dong,South,765,71,0.09281045751633987,Vax Center,Tier 1
HCO0351,Da Nang,Central,349,27,0.07736389684813753,Vax Center,Tier 2
HCO0352,Tien Giang,South,658,50,0.07598784194528875,Vax Center,Tier 2
HCO0353,Dong Nai,South,562,48,0.08540925266903915,Hospital,Tier 2
HCO0354,Quang Binh,Central,560,41,0.07321428571428572,Vax Center,Tier 2
HCO0355,Nghe An,Central,449,32,0.07126948775055679,Vax Center,Tier 2
HCO0356,Kien Giang,South,773,76,0.09831824062095731,Vax Center,Tier 1
HCO0357,Khanh Hoa,South,482,54,0.11203319502074689,Vax Center,Tier 2
HCO0358,Can Tho,South,426,47,0.11032863849765258,Vax Center,Tier 2
HCO0359,Bac Ninh,North,842,90,0.10688836104513064,Vax Center,Tier 1
HCO0360,Ho Chi Minh City,South,196,19,0.09693877551020408,Vax Center,Tier 3
HCO0361,Quang Ngai,Central,306,25,0.08169934640522876,Vax Center,Tier 2
HCO0362,Bac Ninh,North,264,21,0.07954545454545454,Vax Center,Tier 3
HCO0363,Quang Nam,Central,596,53,0.08892617449664429,Vax Center,Tier 2
HCO0364,Khanh Hoa,South,808,79,0.09777227722772278,Vax Center,Tier 1
HCO0365,Hanoi,North,326,28,0.08588957055214724,Vax Center,Tier 2
HCO0366,Ha Tinh,Central,622,38,0.06109324758842444,Vax Center,Tier 2
HCO0367,Binh Duong,South,124,9,0.07258064516129033,Vax Center,Tier 3
HCO0368,Vinh Phuc,North,445,30,0.06741573033707865,Hospital,Tier 2
HCO0369,Quang Binh,Central,1224,132,0.10784313725490197,Hospital,Tier 1
HCO0370,Ha Tinh,Central,365,31,0.08493150684931507,Vax Center,Tier 2
HCO0371,Nam Dinh,North,469,52,0.11087420042643924,Vax Center,Tier 2
HCO0372,Long An,South,730,71,0.09726027397260274,Hospital,Tier 1
HCO0373,Dong Nai,South,187,15,0.08021390374331551,Vax Center,Tier 3
HCO0374,Quang Ninh,North,1250,121,0.0968,Vax Center,Tier 1
HCO0375,Kien Giang,South,316,27,0.08544303797468354,Vax Center,Tier 2
HCO0376,Ho Chi Minh City,South,405,43,0.10617283950617284,Vax Center,Tier 2
HCO0377,Vinh Phuc,North,308,33,0.10714285714285714,Hospital,Tier 2
HCO0378,Binh Duong,South,386,28,0.07253886010362694,Vax Center,Tier 2
HCO0379,Quang Ninh,North,143,8,0.055944055944055944,Vax Center,Tier 3
HCO0380,Kien Giang,South,343,33,0.09620991253644315,Vax Center,Tier 2
HCO0381,Binh Dinh,Central,800,61,0.07625,Hospital,Tier 1
HCO0382,Binh Dinh,Central,201,12,0.05970149253731343,Hospital,Tier 3
HCO0383,Quang Ninh,North,587,51,0.0868824531516184,Vax Center,Tier 2
HCO0384,Ba Ria - Vung Tau,South,233,16,0.06866952789699571,Vax Center,Tier 3
HCO0385,Hanoi,North,499,49,0.09819639278557114,Hospital,Tier 2
HCO0386,Thai Nguyen,North,292,36,0.1232876712328767,Vax Center,Tier 3
HCO0387,Bac Ninh,North,931,69,0.07411385606874328,Vax Center,Tier 1
HCO0388,Dong Nai,South,979,80,0.08171603677221655,Vax Center,Tier 1
HCO0389,Hung Yen,North,662,49,0.07401812688821752,Vax Center,Tier 2
HCO0390,Long An,South,381,30,0.07874015748031496,Vax Center,Tier 2
HCO0391,Binh Dinh,Central,372,39,0.10483870967741936,Vax Center,Tier 2
HCO0392,Hanoi,North,286,21,0.07342657342657342,Vax Center,Tier 2
HCO0393,Hanoi,North,238,21,0.08823529411764706,Vax Center,Tier 3
HCO0394,Hai Phong,North,254,23,0.09055118110236221,Vax Center,Tier 2
HCO0395,Quang Ngai,Central,286,24,0.08391608391608392,Vax Center,Tier 2
HCO0396,Binh Duong,South,297,36,0.12121212121212122,Vax Center,Tier 3
HCO0397,Thai Nguyen,North,1190,121,0.10168067226890756,Hospital,Tier 1
HCO0398,Ho Chi Minh City,South,226,22,0.09734513274336283,Vax Center,Tier 3
HCO0399,Hai Phong,North,288,34,0.11805555555555555,Vax Center,Tier 2
HCO0400,Binh Duong,South,449,36,0.0801781737193764,Vax Center,Tier 2
HCO0401,Long An,South,891,78,0.08754208754208755,Vax Center,Tier 1
HCO0402,Dong Nai,South,165,12,0.07272727272727272,Vax Center,Tier 3
HCO0403,Khanh Hoa,South,378,38,0.10052910052910052,Vax Center,Tier 2
HCO0404,Binh Duong,South,1388,126,0.09077809798270893,Hospital,Tier 1
HCO0405,Hanoi,North,493,39,0.07910750507099391,Vax Center,Tier 2
HCO0406,Hung Yen,North,170,13,0.07647058823529412,Vax Center,Tier 3
HCO0407,Bac Ninh,North,540,62,0.11481481481481481,Vax Center,Tier 2
HCO0408,Quang Tri,Central,723,74,0.10235131396957123,Vax Center,Tier 1
HCO0409,Dong Nai,South,321,18,0.056074766355140186,Hospital,Tier 2
HCO0410,Quang Ngai,Central,459,43,0.09368191721132897,Vax Center,Tier 2
HCO0411,Ho Chi Minh City,South,389,24,0.061696658097686374,Vax Center,Tier 2
HCO0412,Hai Duong,North,323,30,0.09287925696594428,Vax Center,Tier 2
HCO0413,Lam Dong,South,191,15,0.07853403141361257,Vax Center,Tier 3
HCO0414,Hung Yen,North,292,26,0.08904109589041095,Vax Center,Tier 2
HCO0415,Vinh Phuc,North,350,29,0.08285714285714285,Vax Center,Tier 2
HCO0416,Khanh Hoa,South,229,21,0.09170305676855896,Vax Center,Tier 3
HCO0417,Kien Giang,South,389,41,0.10539845758354756,Vax Center,Tier 2
HCO0418,Quang Ngai,Central,1092,110,0.10073260073260074,Hospital,Tier 1
HCO0419,Hai Phong,North,479,39,0.081419624217119,Vax Center,Tier 2
HCO0420,Quang Ngai,Central,189,20,0.10582010582010581,Vax Center,Tier 3
HCO0421,Hai Phong,North,588,54,0.09183673469387756,Vax Center,Tier 2
HCO0422,Ba Ria - Vung Tau,South,253,21,0.08300395256916997,Vax Center,Tier 3
HCO0423,Khanh Hoa,South,274,18,0.06569343065693431,Vax Center,Tier 3
HCO0424,Hung Yen,North,383,20,0.05221932114882506,Hospital,Tier 2
HCO0425,Quang Ninh,North,311,26,0.08360128617363344,Vax Center,Tier 2
HCO0426,Hung Yen,North,396,29,0.07323232323232323,Vax Center,Tier 2
HCO0427,Kien Giang,South,241,22,0.0912863070539419,Vax Center,Tier 3
HCO0428,Quang Binh,Central,296,28,0.0945945945945946,Hospital,Tier 2
HCO0429,Dong Nai,South,966,101,0.10455486542443064,Vax Center,Tier 1
HCO0430,Quang Ngai,Central,301,28,0.09302325581395349,Vax Center,Tier 2
HCO0431,Da Nang,Central,246,18,0.07317073170731707,Vax Center,Tier 3
HCO0432,Bac Ninh,North,183,21,0.11475409836065574,Vax Center,Tier 3
HCO0433,Can Tho,South,484,35,0.07231404958677685,Vax Center,Tier 2
HCO0434,Nam Dinh,North,349,43,0.12320916905444126,Vax Center,Tier 2
HCO0435,Da Nang,Central,370,23,0.062162162162162166,Vax Center,Tier 2
HCO0436,Khanh Hoa,South,1245,111,0.0891566265060241,Vax Center,Tier 1
HCO0437,Binh Dinh,Central,716,79,0.11033519553072625,Vax Center,Tier 1
HCO0438,Tien Giang,South,912,79,0.08662280701754387,Hospital,Tier 1
HCO0439,Bac Ninh,North,395,28,0.07088607594936709,Vax Center,Tier 2
HCO0440,Quang Tri,Central,2518,233,0.09253375694996029,Hospital,Tier 1
HCO0441,Nghe An,Central,408,43,0.1053921568627451,Vax Center,Tier 2
HCO0442,Quang Binh,Central,463,36,0.07775377969762419,Vax Center,Tier 2
HCO0443,Bac Ninh,North,1128,120,0.10638297872340426,Hospital,Tier 1
HCO0444,Bac Ninh,North,929,114,0.12271259418729817,Hospital,Tier 1
HCO0445,Vinh Phuc,North,171,16,0.0935672514619883,Vax Center,Tier 3
HCO0446,Nam Dinh,North,689,64,0.09288824383164006,Vax Center,Tier 2
HCO0447,Ha Tinh,Central,422,44,0.10426540284360189,Vax Center,Tier 2
HCO0448,Quang Ngai,Central,289,27,0.09342560553633218,Hospital,Tier 3
HCO0449,Quang Ngai,Central,551,44,0.07985480943738657,Vax Center,Tier 2
HCO0450,Nghe An,Central,446,49,0.10986547085201794,Vax Center,Tier 2
HCO0451,Nghe An,Central,1131,111,0.09814323607427056,Vax Center,Tier 1
HCO0452,Hung Yen,North,406,45,0.11083743842364532,Vax Center,Tier 2
HCO0453,Quang Nam,Central,425,39,0.09176470588235294,Vax Center,Tier 2
HCO0454,Nam Dinh,North,903,78,0.08637873754152824,Vax Center,Tier 1
HCO0455,Hanoi,North,431,37,0.08584686774941995,Vax Center,Tier 2
HCO0456,Nghe An,Central,300,22,0.07333333333333333,Vax Center,Tier 2
HCO0457,Quang Binh,Central,272,19,0.06985294117647059,Vax Center,Tier 3
HCO0458,Thai Nguyen,North,497,33,0.06639839034205232,Vax Center,Tier 2
HCO0459,Da Nang,Central,558,52,0.0931899641577061,Vax Center,Tier 2
HCO0460,Da Nang,Central,195,14,0.07179487179487179,Vax Center,Tier 3
HCO0461,Khanh Hoa,South,176,21,0.11931818181818182,Vax Center,Tier 3
HCO0462,Binh Dinh,Central,319,30,0.09404388714733543,Vax Center,Tier 2
HCO0463,Binh Dinh,Central,261,24,0.09195402298850575,Vax Center,Tier 3
HCO0464,Nam Dinh,North,355,29,0.08169014084507042,Vax Center,Tier 2
HCO0465,Dong Nai,South,518,48,0.09266409266409266,Vax Center,Tier 2
HCO0466,Hue,Central,327,21,0.06422018348623854,Hospital,Tier 2
HCO0467,Ha Tinh,Central,910,67,0.07362637362637363,Hospital,Tier 1
HCO0468,Quang Ngai,Central,314,30,0.09554140127388536,Vax Center,Tier 2
HCO0469,Thanh Hoa,Central,357,30,0.08403361344537816,Vax Center,Tier 2
HCO0470,Quang Tri,Central,210,15,0.07142857142857142,Vax Center,Tier 3
HCO0471,Lam Dong,South,301,22,0.07308970099667775,Vax Center,Tier 2
HCO0472,Ba Ria - Vung Tau,South,471,46,0.09766454352441614,Vax Center,Tier 2
HCO0473,Long An,South,797,70,0.08782936010037641,Hospital,Tier 1
HCO0474,Quang Tri,Central,604,56,0.09271523178807947,Vax Center,Tier 2
HCO0475,Quang Tri,Central,309,22,0.07119741100323625,Vax Center,Tier 2
HCO0476,Binh Duong,South,143,11,0.07692307692307693,Vax Center,Tier 3
HCO0477,Nam Dinh,North,1366,142,0.10395314787701318,Vax Center,Tier 1
HCO0478,Binh Duong,South,398,39,0.09798994974874371,Vax Center,Tier 2
HCO0479,Quang Binh,Central,324,33,0.10185185185185185,Vax Center,Tier 2
HCO0480,Bac Ninh,North,184,20,0.10869565217391304,Vax Center,Tier 3
HCO0481,Quang Ninh,North,343,36,0.10495626822157435,Vax Center,Tier 2
HCO0482,Ho Chi Minh City,South,356,27,0.07584269662921349,Vax Center,Tier 2
HCO0483,Hai Phong,North,364,39,0.10714285714285714,Vax Center,Tier 2
HCO0484,Vinh Phuc,North,185,16,0.08648648648648649,Vax Center,Tier 3
HCO0485,Ninh Binh,North,306,31,0.10130718954248366,Vax Center,Tier 2
HCO0486,Hung Yen,North,318,29,0.09119496855345911,Vax Center,Tier 2
HCO0487,Nam Dinh,North,367,29,0.07901907356948229,Vax Center,Tier 2
HCO0488,Lam Dong,South,216,15,0.06944444444444445,Vax Center,Tier 3
HCO0489,Hanoi,North,379,40,0.10554089709762533,Vax Center,Tier 2
HCO0490,Binh Duong,South,437,45,0.10297482837528604,Vax Center,Tier 2
HCO0491,Ho Chi Minh City,South,452,37,0.08185840707964602,Hospital,Tier 2
HCO0492,Thanh Hoa,Central,664,53,0.07981927710843373,Vax Center,Tier 2
HCO0493,Hai Duong,North,434,36,0.08294930875576037,Vax Center,Tier 2
HCO0494,Quang Ngai,Central,492,49,0.09959349593495935,Vax Center,Tier 2
HCO0495,Bac Ninh,North,974,73,0.07494866529774127,Hospital,Tier 1
HCO0496,Thanh Hoa,Central,235,17,0.07234042553191489,Vax Center,Tier 3
HCO0497,Can Tho,South,336,36,0.10714285714285714,Vax Center,Tier 2
HCO0498,Kien Giang,South,458,43,0.09388646288209607,Vax Center,Tier 2
HCO0499,Dong Nai,South,783,76,0.0970625798212005,Vax Center,Tier 1
HCO0500,Nam Dinh,North,337,32,0.09495548961424333,Vax Center,Tier 2
HCO0501,Khanh Hoa,South,750,49,0.06533333333333333,Vax Center,Tier 1
HCO0502,Khanh Hoa,South,293,28,0.09556313993174062,Vax Center,Tier 2
HCO0503,Nghe An,Central,426,42,0.09859154929577464,Vax Center,Tier 2
HCO0504,Quang Ngai,Central,599,53,0.08848080133555926,Vax Center,Tier 2
HCO0505,Hanoi,North,365,31,0.08493150684931507,Vax Center,Tier 2
HCO0506,Hung Yen,North,314,34,0.10828025477707007,Vax Center,Tier 2
HCO0507,Quang Tri,Central,399,43,0.10776942355889724,Vax Center,Tier 2
HCO0508,Hai Duong,North,600,48,0.08,Vax Center,Tier 2
HCO0509,Hai Duong,North,1150,116,0.10086956521739131,Hospital,Tier 1
HCO0510,Binh Duong,South,295,22,0.07457627118644068,Vax Center,Tier 2
HCO0511,Kien Giang,South,365,42,0.11506849315068493,Vax Center,Tier 2
HCO0512,Da Nang,Central,1359,136,0.10007358351729213,Hospital,Tier 1
HCO0513,Ho Chi Minh City,South,333,27,0.08108108108108109,Vax Center,Tier 2
HCO0514,Kien Giang,South,92,6,0.06521739130434782,Vax Center,Tier 3
HCO0515,Bac Ninh,North,531,48,0.0903954802259887,Hospital,Tier 2
HCO0516,Ha Tinh,Central,1391,125,0.08986340762041696,Hospital,Tier 1
HCO0517,Nghe An,Central,272,23,0.08455882352941177,Vax Center,Tier 2
HCO0518,Quang Ninh,North,455,37,0.08131868131868132,Vax Center,Tier 2
HCO0519,Dong Nai,South,436,37,0.08486238532110092,Vax Center,Tier 2
HCO0520,Ha Tinh,Central,722,63,0.08725761772853186,Vax Center,Tier 1
HCO0521,Quang Binh,Central,181,19,0.10497237569060773,Vax Center,Tier 3
HCO0522,Bac Ninh,North,222,11,0.04954954954954955,Vax Center,Tier 3
HCO0523,Hung Yen,North,153,15,0.09803921568627451,Vax Center,Tier 3
HCO0524,Long An,South,222,25,0.11261261261261261,Vax Center,Tier 3
HCO0525,Hai Phong,North,982,74,0.07535641547861507,Hospital,Tier 1
HCO0526,Thai Nguyen,North,280,24,0.08571428571428572,Vax Center,Tier 3
HCO0527,Vinh Phuc,North,319,28,0.0877742946708464,Vax Center,Tier 2
HCO0528,Quang Binh,Central,391,37,0.09462915601023018,Vax Center,Tier 2
HCO0529,Quang Nam,Central,545,38,0.06972477064220184,Vax Center,Tier 2
HCO0530,Quang Binh,Central,833,74,0.08883553421368548,Hospital,Tier 1
HCO0531,Quang Ninh,North,313,20,0.06389776357827476,Vax Center,Tier 2
HCO0532,Thai Nguyen,North,330,26,0.07878787878787878,Vax Center,Tier 2
HCO0533,Ho Chi Minh City,South,398,35,0.08793969849246232,Vax Center,Tier 2
HCO0534,Quang Ngai,Central,231,19,0.08225108225108226,Vax Center,Tier 3
HCO0535,Binh Dinh,Central,274,31,0.11313868613138686,Vax Center,Tier 2
HCO0536,Binh Dinh,Central,191,21,0.1099476439790576,Vax Center,Tier 3
HCO0537,Dong Nai,South,303,23,0.07590759075907591,Vax Center,Tier 2
HCO0538,Hai Phong,North,634,55,0.08675078864353312,Vax Center,Tier 2
HCO0539,Thanh Hoa,Central,1500,150,0.1,Vax Center,Tier 1
HCO0540,Hue,Central,422,27,0.06398104265402843,Vax Center,Tier 2
HCO0541,Ninh Binh,North,316,37,0.11708860759493671,Vax Center,Tier 3
HCO0542,Ho Chi Minh City,South,162,13,0.08024691358024691,Vax Center,Tier 3
HCO0543,Quang Binh,Central,533,56,0.1050656660412758,Vax Center,Tier 2
HCO0544,Dong Nai,South,100,6,0.06,Vax Center,Tier 3
HCO0545,Ho Chi Minh City,South,394,44,0.1116751269035533,Vax Center,Tier 2
HCO0546,Quang Tri,Central,955,89,0.09319371727748692,Hospital,Tier 1
HCO0547,Long An,South,297,30,0.10101010101010101,Vax Center,Tier 2
HCO0548,Quang Nam,Central,482,42,0.08713692946058091,Hospital,Tier 2
HCO0549,Ho Chi Minh City,South,540,40,0.07407407407407407,Vax Center,Tier 2
HCO0550,Ninh Binh,North,160,12,0.075,Vax Center,Tier 3
HCO0551,Quang Binh,Central,415,37,0.0891566265060241,Vax Center,Tier 2
HCO0552,Hue,Central,378,44,0.1164021164021164,Vax Center,Tier 2
HCO0553,Quang Ninh,North,181,13,0.0718232044198895,Vax Center,Tier 3
HCO0554,Nghe An,Central,1165,114,0.09785407725321889,Vax Center,Tier 1
HCO0555,Long An,South,418,30,0.07177033492822966,Vax Center,Tier 2
HCO0556,Quang Ngai,Central,510,46,0.09019607843137255,Vax Center,Tier 2
HCO0557,Hung Yen,North,96,7,0.07291666666666667,Vax Center,Tier 3
HCO0558,Ninh Binh,North,693,49,0.0707070707070707,Vax Center,Tier 1
HCO0559,Hung Yen,North,628,75,0.11942675159235669,Vax Center,Tier 2
HCO0560,Hanoi,North,293,23,0.07849829351535836,Vax Center,Tier 2
HCO0561,Long An,South,206,27,0.13106796116504854,Vax Center,Tier 3
HCO0562,Ha Tinh,Central,638,46,0.07210031347962383,Vax Center,Tier 2
HCO0563,Nam Dinh,North,3668,359,0.09787350054525627,Hospital,Tier 1
HCO0564,Quang Ngai,Central,1252,117,0.09345047923322684,Hospital,Tier 1
HCO0565,Hanoi,North,260,24,0.09230769230769231,Vax Center,Tier 3
HCO0566,Vinh Phuc,North,397,30,0.07556675062972293,Vax Center,Tier 2
HCO0567,Khanh Hoa,South,296,33,0.11148648648648649,Vax Center,Tier 3
HCO0568,Quang Ngai,Central,625,38,0.0608,Hospital,Tier 2
HCO0569,Kien Giang,South,337,30,0.08902077151335312,Vax Center,Tier 2
HCO0570,Quang Ngai,Central,706,73,0.10339943342776203,Vax Center,Tier 1
HCO0571,Quang Binh,Central,444,47,0.10585585585585586,Vax Center,Tier 2
HCO0572,Dong Nai,South,210,26,0.12380952380952381,Vax Center,Tier 3
HCO0573,Long An,South,216,24,0.1111111111111111,Vax Center,Tier 3
HCO0574,Lam Dong,South,279,25,0.08960573476702509,Vax Center,Tier 3
HCO0575,Kien Giang,South,306,35,0.11437908496732026,Vax Center,Tier 2
HCO0576,Dong Nai,South,338,31,0.09171597633136094,Vax Center,Tier 2
HCO0577,Ho Chi Minh City,South,334,30,0.08982035928143713,Vax Center,Tier 2
HCO0578,Quang Ninh,North,616,42,0.06818181818181818,Vax Center,Tier 2
HCO0579,Lam Dong,South,308,32,0.1038961038961039,Vax Center,Tier 2
HCO0580,Ha Tinh,Central,361,25,0.06925207756232687,Vax Center,Tier 2
HCO0581,Da Nang,Central,128,11,0.0859375,Vax Center,Tier 3
HCO0582,Binh Dinh,Central,484,46,0.09504132231404959,Vax Center,Tier 2
HCO0583,Kien Giang,South,231,18,0.07792207792207792,Vax Center,Tier 3
HCO0584,Kien Giang,South,483,39,0.08074534161490683,Vax Center,Tier 2
HCO0585,Vinh Phuc,North,1121,78,0.0695807314897413,Hospital,Tier 1
HCO0586,Lam Dong,South,305,15,0.04918032786885246,Vax Center,Tier 2
HCO0587,Dong Nai,South,308,24,0.07792207792207792,Vax Center,Tier 2
HCO0588,Ninh Binh,North,342,22,0.06432748538011696,Vax Center,Tier 2
HCO0589,Bac Ninh,North,286,22,0.07692307692307693,Vax Center,Tier 3
HCO0590,Hanoi,North,285,29,0.10175438596491228,Vax Center,Tier 2
HCO0591,Dong Nai,South,787,73,0.09275730622617535,Vax Center,Tier 1
HCO0592,Quang Binh,Central,531,50,0.09416195856873823,Vax Center,Tier 2
HCO0593,Kien Giang,South,116,7,0.0603448275862069,Vax Center,Tier 3
HCO0594,Quang Binh,Central,306,27,0.08823529411764706,Vax Center,Tier 2
HCO0595,Kien Giang,South,102,11,0.10784313725490197,Vax Center,Tier 3
HCO0596,Nghe An,Central,2945,282,0.09575551782682512,Vax Center,Tier 1
HCO0597,Binh Duong,South,549,58,0.10564663023679417,Vax Center,Tier 2
HCO0598,Quang Ninh,North,292,22,0.07534246575342465,Vax Center,Tier 2
HCO0599,Da Nang,Central,787,54,0.06861499364675985,Vax Center,Tier 1
HCO0600,Binh Duong,South,158,10,0.06329113924050633,Vax Center,Tier 3
HCO0601,Long An,South,597,47,0.07872696817420435,Vax Center,Tier 2
HCO0602,Binh Duong,South,1117,104,0.09310653536257833,Vax Center,Tier 1
HCO0603,Hanoi,North,329,25,0.07598784194528875,Vax Center,Tier 2
HCO0604,Thanh Hoa,Central,132,9,0.06818181818181818,Vax Center,Tier 3
HCO0605,Hai Phong,North,357,29,0.08123249299719888,Vax Center,Tier 2
HCO0606,Quang Ninh,North,554,45,0.0812274368231047,Vax Center,Tier 2
HCO0607,Binh Dinh,Central,319,25,0.07836990595611286,Vax Center,Tier 2
HCO0608,Khanh Hoa,South,2360,221,0.09364406779661016,Hospital,Tier 1
HCO0609,Dong Nai,South,284,19,0.06690140845070422,Vax Center,Tier 3
HCO0610,Ho Chi Minh City,South,136,9,0.0661764705882353,Vax Center,Tier 3
HCO0611,Lam Dong,South,351,36,0.10256410256410256,Vax Center,Tier 2
HCO0612,Binh Duong,South,415,50,0.12048192771084337,Vax Center,Tier 2
HCO0613,Hai Phong,North,711,77,0.10829817158931083,Vax Center,Tier 1
HCO0614,Thai Nguyen,North,389,27,0.06940874035989718,Vax Center,Tier 2
HCO0615,Quang Ngai,Central,248,14,0.056451612903225805,Vax Center,Tier 3
HCO0616,Ho Chi Minh City,South,1223,111,0.09076042518397383,Hospital,Tier 1
HCO0617,Hanoi,North,130,11,0.08461538461538462,Vax Center,Tier 3
HCO0618,Quang Tri,Central,84,5,0.05952380952380952,Vax Center,Tier 3
HCO0619,Binh Dinh,Central,436,31,0.07110091743119266,Vax Center,Tier 2
HCO0620,Hanoi,North,338,30,0.08875739644970414,Hospital,Tier 2
HCO0621,Nghe An,Central,85,6,0.07058823529411765,Vax Center,Tier 3
HCO0622,Ba Ria - Vung Tau,South,449,35,0.0779510022271715,Vax Center,Tier 2
HCO0623,Binh Dinh,Central,548,41,0.07481751824817519,Vax Center,Tier 2
HCO0624,Thai Nguyen,North,140,19,0.1357142857142857,Vax Center,Tier 3
HCO0625,Ho Chi Minh City,South,246,25,0.1016260162601626,Vax Center,Tier 3
HCO0626,Thanh Hoa,Central,316,23,0.07278481012658228,Vax Center,Tier 2
HCO0627,Ho Chi Minh City,South,423,50,0.1182033096926714,Vax Center,Tier 2
HCO0628,Vinh Phuc,North,524,49,0.09351145038167939,Vax Center,Tier 2
HCO0629,Quang Nam,Central,500,40,0.08,Vax Center,Tier 2
HCO0630,Nghe An,Central,468,45,0.09615384615384616,Vax Center,Tier 2
HCO0631,Vinh Phuc,North,300,27,0.09,Vax Center,Tier 3
HCO0632,Ba Ria - Vung Tau,South,175,22,0.12571428571428572,Vax Center,Tier 3
HCO0633,Hung Yen,North,295,31,0.10508474576271186,Vax Center,Tier 3
HCO0634,Quang Ninh,North,678,64,0.0943952802359882,Vax Center,Tier 2
HCO0635,Ninh Binh,North,263,30,0.11406844106463879,Vax Center,Tier 3
HCO0636,Khanh Hoa,South,1753,159,0.09070165430690245,Hospital,Tier 1
HCO0637,Binh Duong,South,100,9,0.09,Vax Center,Tier 3
HCO0638,Kien Giang,South,284,22,0.07746478873239436,Vax Center,Tier 2
HCO0639,Vinh Phuc,North,512,53,0.103515625,Vax Center,Tier 2
HCO0640,Nghe An,Central,474,33,0.06962025316455696,Hospital,Tier 2
HCO0641,Bac Ninh,North,327,32,0.09785932721712538,Vax Center,Tier 2
HCO0642,Da Nang,Central,93,10,0.10752688172043011,Vax Center,Tier 3
HCO0643,Kien Giang,South,1779,144,0.08094435075885328,Vax Center,Tier 1
HCO0644,Khanh Hoa,South,359,36,0.10027855153203342,Vax Center,Tier 2
HCO0645,Quang Nam,Central,690,69,0.1,Vax Center,Tier 2
HCO0646,Nghe An,Central,544,44,0.08088235294117647,Vax Center,Tier 2
HCO0647,Long An,South,262,31,0.1183206106870229,Vax Center,Tier 3
HCO0648,Quang Binh,Central,264,22,0.08333333333333333,Vax Center,Tier 3
HCO0649,Bac Ninh,North,726,73,0.10055096418732783,Vax Center,Tier 1
HCO0650,Thanh Hoa,Central,571,55,0.09632224168126094,Vax Center,Tier 2
HCO0651,Hai Phong,North,1069,102,0.09541627689429373,Hospital,Tier 1
HCO0652,Hung Yen,North,651,58,0.0890937019969278,Vax Center,Tier 2
HCO0653,Hanoi,North,373,27,0.07238605898123325,Hospital,Tier 2
HCO0654,Ha Tinh,Central,692,48,0.06936416184971098,Hospital,Tier 2
HCO0655,Quang Ngai,Central,599,54,0.09015025041736227,Vax Center,Tier 2
HCO0656,Ninh Binh,North,272,23,0.08455882352941177,Vax Center,Tier 3
HCO0657,Nghe An,Central,576,51,0.08854166666666667,Vax Center,Tier 2
HCO0658,Can Tho,South,636,56,0.0880503144654088,Hospital,Tier 2
HCO0659,Dong Nai,South,276,25,0.09057971014492754,Vax Center,Tier 3
HCO0660,Hue,Central,495,52,0.10505050505050505,Vax Center,Tier 2
HCO0661,Vinh Phuc,North,210,20,0.09523809523809523,Vax Center,Tier 3
HCO0662,Ba Ria - Vung Tau,South,172,19,0.11046511627906977,Vax Center,Tier 3
HCO0663,Thai Nguyen,North,911,106,0.1163556531284303,Hospital,Tier 1
HCO0664,Ninh Binh,North,604,54,0.08940397350993377,Vax Center,Tier 2
HCO0665,Long An,South,319,32,0.10031347962382445,Vax Center,Tier 2
HCO0666,Hue,Central,157,16,0.10191082802547771,Vax Center,Tier 3
HCO0667,Lam Dong,South,494,46,0.0931174089068826,Vax Center,Tier 2
HCO0668,Quang Nam,Central,1403,105,0.07483962936564505,Vax Center,Tier 1
HCO0669,Binh Dinh,Central,604,61,0.10099337748344371,Vax Center,Tier 2
HCO0670,Vinh Phuc,North,384,38,0.09895833333333333,Vax Center,Tier 2
HCO0671,Thai Nguyen,North,432,33,0.0763888888888889,Vax Center,Tier 2
HCO0672,Ninh Binh,North,683,69,0.10102489019033675,Vax Center,Tier 2
HCO0673,Hai Duong,North,837,85,0.1015531660692951,Vax Center,Tier 1
HCO0674,Ho Chi Minh City,South,278,34,0.1223021582733813,Hospital,Tier 3
HCO0675,Vinh Phuc,North,190,17,0.08947368421052632,Vax Center,Tier 3
HCO0676,Da Nang,Central,398,33,0.0829145728643216,Vax Center,Tier 2
HCO0677,Dong Nai,South,349,34,0.09742120343839542,Vax Center,Tier 2
HCO0678,Dong Nai,South,701,62,0.0884450784593438,Vax Center,Tier 2
HCO0679,Ha Tinh,Central,445,42,0.09438202247191012,Vax Center,Tier 2
HCO0680,Quang Binh,Central,171,13,0.07602339181286549,Vax Center,Tier 3
HCO0681,Kien Giang,South,803,81,0.10087173100871731,Vax Center,Tier 1
HCO0682,Binh Dinh,Central,1050,111,0.10571428571428572,Hospital,Tier 1
HCO0683,Binh Duong,South,995,94,0.09447236180904522,Vax Center,Tier 1
HCO0684,Long An,South,377,36,0.09549071618037135,Vax Center,Tier 2
HCO0685,Dong Nai,South,1089,107,0.09825528007346189,Vax Center,Tier 1
HCO0686,Hung Yen,North,444,33,0.07432432432432433,Vax Center,Tier 2
HCO0687,Da Nang,Central,930,80,0.08602150537634409,Vax Center,Tier 1
HCO0688,Quang Ninh,North,621,61,0.09822866344605476,Vax Center,Tier 2
HCO0689,Binh Dinh,Central,2837,289,0.10186817060274939,Vax Center,Tier 1
HCO0690,Can Tho,South,290,25,0.08620689655172414,Vax Center,Tier 3
HCO0691,Quang Tri,Central,375,33,0.088,Vax Center,Tier 2
HCO0692,Ha Tinh,Central,565,52,0.0920353982300885,Vax Center,Tier 2
HCO0693,Hanoi,North,427,47,0.11007025761124122,Vax Center,Tier 2
HCO0694,Can Tho,South,1316,122,0.09270516717325228,Vax Center,Tier 1
HCO0695,Quang Ninh,North,314,36,0.11464968152866242,Vax Center,Tier 2
HCO0696,Hanoi,North,717,61,0.08507670850767085,Vax Center,Tier 1
HCO0697,Thai Nguyen,North,670,71,0.10597014925373134,Vax Center,Tier 2
HCO0698,Hai Phong,North,2249,194,0.08626056024899956,Hospital,Tier 1
HCO0699,Ha Tinh,Central,658,53,0.08054711246200608,Vax Center,Tier 2
HCO0700,Quang Tri,Central,168,13,0.07738095238095238,Vax Center,Tier 3
HCO0701,Nam Dinh,North,566,56,0.0989399293286219,Vax Center,Tier 2
HCO0702,Hai Phong,North,982,84,0.0855397148676171,Vax Center,Tier 1
HCO0703,Quang Ninh,North,602,49,0.08139534883720931,Vax Center,Tier 2
HCO0704,Nghe An,Central,120,9,0.075,Vax Center,Tier 3
HCO0705,Hai Phong,North,547,49,0.08957952468007313,Vax Center,Tier 2
HCO0706,Khanh Hoa,South,373,30,0.08042895442359249,Vax Center,Tier 2
HCO0707,Hung Yen,North,656,53,0.08079268292682927,Vax Center,Tier 2
HCO0708,Nam Dinh,North,366,25,0.06830601092896176,Vax Center,Tier 2
HCO0709,Nghe An,Central,833,88,0.1056422569027611,Hospital,Tier 1
HCO0710,Nghe An,Central,273,20,0.07326007326007326,Vax Center,Tier 3
HCO0711,Hanoi,North,223,21,0.09417040358744394,Vax Center,Tier 3
HCO0712,Quang Ninh,North,282,27,0.09574468085106383,Vax Center,Tier 2
HCO0713,Ho Chi Minh City,South,323,32,0.09907120743034056,Vax Center,Tier 2
HCO0714,Hanoi,North,290,32,0.1103448275862069,Vax Center,Tier 2
HCO0715,Quang Tri,Central,458,61,0.1331877729257642,Vax Center,Tier 2
HCO0716,Quang Binh,Central,418,29,0.06937799043062201,Vax Center,Tier 2
HCO0717,Ninh Binh,North,296,15,0.05067567567567568,Vax Center,Tier 2
HCO0718,Ha Tinh,Central,1083,108,0.0997229916897507,Vax Center,Tier 1
HCO0719,Dong Nai,South,195,15,0.07692307692307693,Vax Center,Tier 3
HCO0720,Ho Chi Minh City,South,373,35,0.0938337801608579,Vax Center,Tier 2
HCO0721,Vinh Phuc,North,541,55,0.10166358595194085,Vax Center,Tier 2
HCO0722,Ninh Binh,North,197,12,0.06091370558375635,Vax Center,Tier 3
HCO0723,Thai Nguyen,North,324,24,0.07407407407407407,Vax Center,Tier 2
HCO0724,Quang Binh,Central,774,74,0.09560723514211886,Hospital,Tier 1
HCO0725,Khanh Hoa,South,740,81,0.10945945945945947,Vax Center,Tier 1
HCO0726,Thai Nguyen,North,200,15,0.075,Vax Center,Tier 3
HCO0727,Ninh Binh,North,586,45,0.07679180887372014,Hospital,Tier 2
HCO0728,Tien Giang,South,704,79,0.11221590909090909,Vax Center,Tier 1
HCO0729,Hai Phong,North,992,90,0.0907258064516129,Hospital,Tier 1
HCO0730,Quang Binh,Central,422,30,0.07109004739336493,Hospital,Tier 2
HCO0731,Khanh Hoa,South,697,67,0.09612625538020086,Vax Center,Tier 2
HCO0732,Bac Ninh,North,380,39,0.10263157894736842,Vax Center,Tier 2
HCO0733,Hai Phong,North,407,42,0.10319410319410319,Hospital,Tier 2
HCO0734,Bac Ninh,North,530,59,0.11132075471698114,Vax Center,Tier 2
HCO0735,Long An,South,903,97,0.10741971207087486,Vax Center,Tier 1
HCO0736,Hanoi,North,305,28,0.09180327868852459,Vax Center,Tier 2
HCO0737,Hung Yen,North,453,32,0.0706401766004415,Vax Center,Tier 2
HCO0738,Hanoi,North,309,22,0.07119741100323625,Vax Center,Tier 2
HCO0739,Quang Ninh,North,355,27,0.07605633802816901,Vax Center,Tier 2
HCO0740,Quang Ngai,Central,310,28,0.09032258064516129,Vax Center,Tier 2
HCO0741,Thai Nguyen,North,579,55,0.09499136442141623,Vax Center,Tier 2
HCO0742,Da Nang,Central,866,90,0.10392609699769054,Vax Center,Tier 1
HCO0743,Quang Nam,Central,312,21,0.0673076923076923,Vax Center,Tier 2
HCO0744,Ho Chi Minh City,South,176,14,0.07954545454545454,Vax Center,Tier 3
HCO0745,Hanoi,North,184,18,0.09782608695652174,Vax Center,Tier 3
HCO0746,Ho Chi Minh City,South,346,26,0.07514450867052024,Vax Center,Tier 2
HCO0747,Quang Ngai,Central,1245,97,0.07791164658634538,Vax Center,Tier 1
HCO0748,Hai Duong,North,318,31,0.09748427672955975,Vax Center,Tier 2
HCO0749,Dong Nai,South,351,24,0.06837606837606838,Vax Center,Tier 2
HCO0750,Ho Chi Minh City,South,619,63,0.10177705977382875,Vax Center,Tier 2
HCO0751,Thai Nguyen,North,288,28,0.09722222222222222,Vax Center,Tier 3
HCO0752,Long An,South,449,41,0.09131403118040089,Vax Center,Tier 2
HCO0753,Ha Tinh,Central,1602,129,0.08052434456928839,Hospital,Tier 1
HCO0754,Quang Ngai,Central,614,68,0.11074918566775244,Hospital,Tier 2
HCO0755,Kien Giang,South,270,16,0.05925925925925926,Vax Center,Tier 3
HCO0756,Thanh Hoa,Central,736,48,0.06521739130434782,Vax Center,Tier 1
HCO0757,Binh Duong,South,115,13,0.11304347826086956,Vax Center,Tier 3
HCO0758,Ninh Binh,North,286,26,0.09090909090909091,Vax Center,Tier 3
HCO0759,Binh Duong,South,362,42,0.11602209944751381,Vax Center,Tier 2
HCO0760,Quang Ngai,Central,229,18,0.07860262008733625,Vax Center,Tier 3
HCO0761,Hung Yen,North,1098,87,0.07923497267759563,Vax Center,Tier 1
HCO0762,Nghe An,Central,240,23,0.09583333333333334,Vax Center,Tier 3
HCO0763,Nam Dinh,North,275,30,0.10909090909090909,Vax Center,Tier 3
HCO0764,Quang Ninh,North,425,27,0.06352941176470588,Vax Center,Tier 2
HCO0765,Hanoi,North,498,38,0.07630522088353414,Vax Center,Tier 2
HCO0766,Ninh Binh,North,330,27,0.08181818181818182,Vax Center,Tier 2
HCO0767,Hanoi,North,125,11,0.088,Vax Center,Tier 3
HCO0768,Hai Duong,North,230,14,0.06086956521739131,Vax Center,Tier 3
HCO0769,Lam Dong,South,766,80,0.10443864229765012,Hospital,Tier 1
HCO0770,Khanh Hoa,South,704,63,0.08948863636363637,Vax Center,Tier 1
HCO0771,Lam Dong,South,463,38,0.08207343412526998,Vax Center,Tier 2
HCO0772,Nam Dinh,North,276,29,0.10507246376811594,Hospital,Tier 3
HCO0773,Ba Ria - Vung Tau,South,450,44,0.09777777777777778,Vax Center,Tier 2
HCO0774,Quang Nam,Central,169,13,0.07692307692307693,Vax Center,Tier 3
HCO0775,Bac Ninh,North,887,80,0.09019165727170236,Hospital,Tier 1
HCO0776,Bac Ninh,North,135,11,0.08148148148148149,Vax Center,Tier 3
HCO0777,Khanh Hoa,South,764,68,0.08900523560209424,Vax Center,Tier 1
HCO0778,Hung Yen,North,440,38,0.08636363636363636,Vax Center,Tier 2
HCO0779,Quang Tri,Central,376,33,0.08776595744680851,Vax Center,Tier 2
HCO0780,Kien Giang,South,852,85,0.09976525821596244,Vax Center,Tier 1
HCO0781,Hanoi,North,1994,169,0.08475426278836509,Hospital,Tier 1
HCO0782,Hanoi,North,254,22,0.08661417322834646,Vax Center,Tier 3
HCO0783,Kien Giang,South,396,36,0.09090909090909091,Vax Center,Tier 2
HCO0784,Quang Nam,Central,368,27,0.07336956521739131,Vax Center,Tier 2
HCO0785,Bac Ninh,North,428,45,0.10514018691588785,Vax Center,Tier 2
HCO0786,Ba Ria - Vung Tau,South,343,27,0.07871720116618076,Vax Center,Tier 2
HCO0787,Ba Ria - Vung Tau,South,1300,125,0.09615384615384616,Vax Center,Tier 1
HCO0788,Hue,Central,374,36,0.0962566844919786,Vax Center,Tier 2
HCO0789,Quang Ngai,Central,169,10,0.05917159763313609,Vax Center,Tier 3
HCO0790,Vinh Phuc,North,394,37,0.09390862944162437,Vax Center,Tier 2
HCO0791,Hai Phong,North,491,44,0.08961303462321792,Vax Center,Tier 2
HCO0792,Quang Nam,Central,272,19,0.06985294117647059,Vax Center,Tier 3
HCO0793,Vinh Phuc,North,257,26,0.10116731517509728,Vax Center,Tier 3
HCO0794,Binh Dinh,Central,320,33,0.103125,Vax Center,Tier 2
HCO0795,Binh Duong,South,454,38,0.08370044052863436,Vax Center,Tier 2
HCO0796,Hanoi,North,427,48,0.11241217798594848,Vax Center,Tier 2
HCO0797,Quang Nam,Central,1253,110,0.08778930566640064,Hospital,Tier 1
HCO0798,Thai Nguyen,North,243,22,0.09053497942386832,Vax Center,Tier 3
HCO0799,Ho Chi Minh City,South,270,20,0.07407407407407407,Vax Center,Tier 3
HCO0800,Thai Nguyen,North,2172,204,0.09392265193370165,Vax Center,Tier 1
HCO0801,Quang Ngai,Central,253,18,0.07114624505928854,Vax Center,Tier 3
HCO0802,Da Nang,Central,273,25,0.09157509157509157,Vax Center,Tier 3
HCO0803,Nghe An,Central,1713,163,0.09515469935785172,Hospital,Tier 1
HCO0804,Binh Dinh,Central,574,54,0.09407665505226481,Hospital,Tier 2
HCO0805,Lam Dong,South,137,6,0.043795620437956206,Vax Center,Tier 3
HCO0806,Da Nang,Central,485,44,0.09072164948453608,Vax Center,Tier 2
HCO0807,Dong Nai,South,303,32,0.10561056105610561,Vax Center,Tier 2
HCO0808,Kien Giang,South,231,14,0.06060606060606061,Hospital,Tier 3
HCO0809,Nghe An,Central,287,29,0.10104529616724739,Vax Center,Tier 3
HCO0810,Quang Tri,Central,526,49,0.09315589353612168,Vax Center,Tier 2
HCO0811,Hanoi,North,616,52,0.08441558441558442,Vax Center,Tier 2
HCO0812,Binh Duong,South,492,41,0.08333333333333333,Vax Center,Tier 2
HCO0813,Quang Tri,Central,443,36,0.08126410835214447,Hospital,Tier 2
HCO0814,Nghe An,Central,798,59,0.07393483709273183,Hospital,Tier 1
HCO0815,Quang Ninh,North,204,15,0.07352941176470588,Vax Center,Tier 3
HCO0816,Ba Ria - Vung Tau,South,1283,118,0.09197194076383476,Vax Center,Tier 1
HCO0817,Nghe An,Central,1221,104,0.08517608517608517,Hospital,Tier 1
HCO0818,Khanh Hoa,South,158,9,0.056962025316455694,Vax Center,Tier 3
HCO0819,Bac Ninh,North,1006,111,0.110337972166998,Hospital,Tier 1
HCO0820,Can Tho,South,747,61,0.08165997322623829,Vax Center,Tier 1
HCO0821,Hung Yen,North,754,67,0.08885941644562334,Vax Center,Tier 1
HCO0822,Hung Yen,North,303,37,0.12211221122112212,Hospital,Tier 3
HCO0823,Ho Chi Minh City,South,305,22,0.07213114754098361,Hospital,Tier 2
HCO0824,Long An,South,376,34,0.09042553191489362,Vax Center,Tier 2
HCO0825,Hung Yen,North,365,30,0.0821917808219178,Hospital,Tier 2
HCO0826,Quang Binh,Central,224,16,0.07142857142857142,Vax Center,Tier 3
HCO0827,Lam Dong,South,479,40,0.08350730688935282,Vax Center,Tier 2
HCO0828,Ho Chi Minh City,South,371,29,0.07816711590296496,Vax Center,Tier 2
HCO0829,Nghe An,Central,336,30,0.08928571428571429,Vax Center,Tier 2
HCO0830,Quang Tri,Central,298,30,0.10067114093959731,Vax Center,Tier 2
HCO0831,Lam Dong,South,140,10,0.07142857142857142,Vax Center,Tier 3
HCO0832,Lam Dong,South,848,90,0.10613207547169812,Vax Center,Tier 1
HCO0833,Dong Nai,South,1377,115,0.08351488743645606,Hospital,Tier 1
HCO0834,Da Nang,Central,235,22,0.09361702127659574,Vax Center,Tier 3
HCO0835,Quang Ninh,North,422,50,0.11848341232227488,Vax Center,Tier 2
HCO0836,Long An,South,357,29,0.08123249299719888,Vax Center,Tier 2
HCO0837,Ho Chi Minh City,South,1847,172,0.09312398484028153,Hospital,Tier 1
HCO0838,Binh Duong,South,406,43,0.10591133004926108,Vax Center,Tier 2
HCO0839,Quang Ninh,North,165,16,0.09696969696969697,Vax Center,Tier 3
HCO0840,Hung Yen,North,118,8,0.06779661016949153,Vax Center,Tier 3
HCO0841,Lam Dong,South,587,52,0.08858603066439523,Vax Center,Tier 2
HCO0842,Hanoi,North,656,69,0.10518292682926829,Vax Center,Tier 2
HCO0843,Kien Giang,South,182,12,0.06593406593406594,Vax Center,Tier 3
HCO0844,Nghe An,Central,137,12,0.08759124087591241,Vax Center,Tier 3
HCO0845,Lam Dong,South,352,23,0.06534090909090909,Vax Center,Tier 2
HCO0846,Ba Ria - Vung Tau,South,178,17,0.09550561797752809,Vax Center,Tier 3
HCO0847,Nghe An,Central,291,23,0.07903780068728522,Vax Center,Tier 3
HCO0848,Ninh Binh,North,137,18,0.13138686131386862,Vax Center,Tier 3
HCO0849,Quang Ngai,Central,637,57,0.08948194662480377,Vax Center,Tier 2
HCO0850,Da Nang,Central,444,39,0.08783783783783784,Vax Center,Tier 2
HCO0851,Nghe An,Central,467,46,0.09850107066381156,Vax Center,Tier 2
HCO0852,Quang Ngai,Central,1264,115,0.09098101265822785,Vax Center,Tier 1
HCO0853,Tien Giang,South,302,31,0.10264900662251655,Vax Center,Tier 2
HCO0854,Quang Binh,Central,350,31,0.08857142857142856,Vax Center,Tier 2
HCO0855,Hung Yen,North,269,28,0.10408921933085502,Vax Center,Tier 3
HCO0856,Nghe An,Central,1659,182,0.10970464135021098,Hospital,Tier 1
HCO0857,Nghe An,Central,400,26,0.065,Vax Center,Tier 2
HCO0858,Bac Ninh,North,119,13,0.1092436974789916,Vax Center,Tier 3
HCO0859,Hai Duong,North,591,49,0.0829103214890017,Vax Center,Tier 2
HCO0860,Khanh Hoa,South,72,6,0.08333333333333333,Hospital,Tier 3
HCO0861,Ninh Binh,North,609,49,0.08045977011494253,Vax Center,Tier 2
HCO0862,Can Tho,South,418,32,0.07655502392344497,Vax Center,Tier 2
HCO0863,Thai Nguyen,North,388,35,0.09020618556701031,Vax Center,Tier 2
HCO0864,Quang Ninh,North,422,42,0.0995260663507109,Vax Center,Tier 2
HCO0865,Dong Nai,South,87,11,0.12643678160919541,Vax Center,Tier 3
HCO0866,Ba Ria - Vung Tau,South,241,17,0.07053941908713693,Vax Center,Tier 3
HCO0867,Vinh Phuc,North,232,22,0.09482758620689655,Vax Center,Tier 3
HCO0868,Hung Yen,North,1215,116,0.09547325102880659,Vax Center,Tier 1
HCO0869,Hung Yen,North,350,34,0.09714285714285714,Vax Center,Tier 2
HCO0870,Quang Tri,Central,145,7,0.04827586206896552,Vax Center,Tier 3
HCO0871,Quang Binh,Central,169,18,0.10650887573964497,Vax Center,Tier 3
HCO0872,Vinh Phuc,North,245,29,0.11836734693877551,Vax Center,Tier 3
HCO0873,Hai Phong,North,248,25,0.10080645161290322,Vax Center,Tier 3
HCO0874,Quang Binh,Central,269,23,0.08550185873605948,Vax Center,Tier 3
HCO0875,Can Tho,South,907,78,0.08599779492833518,Vax Center,Tier 1
HCO0876,Binh Dinh,Central,90,3,0.03333333333333333,Vax Center,Tier 3
HCO0877,Quang Binh,Central,611,60,0.09819967266775777,Vax Center,Tier 2
HCO0878,Quang Ninh,North,140,9,0.06428571428571428,Vax Center,Tier 3
HCO0879,Thai Nguyen,North,362,27,0.07458563535911603,Vax Center,Tier 2
HCO0880,Vinh Phuc,North,260,27,0.10384615384615385,Vax Center,Tier 3
HCO0881,Dong Nai,South,446,35,0.07847533632286996,Vax Center,Tier 2
HCO0882,Ho Chi Minh City,South,615,75,0.12195121951219512,Vax Center,Tier 2
HCO0883,Long An,South,200,15,0.075,Vax Center,Tier 3
HCO0884,Kien Giang,South,743,76,0.10228802153432032,Vax Center,Tier 1
HCO0885,Kien Giang,South,1429,137,0.09587123862841147,Hospital,Tier 1
HCO0886,Can Tho,South,442,40,0.09049773755656108,Vax Center,Tier 2
HCO0887,Quang Ninh,North,1241,122,0.09830781627719581,Hospital,Tier 1
HCO0888,Bac Ninh,North,709,71,0.1001410437235543,Vax Center,Tier 2
HCO0889,Nam Dinh,North,290,26,0.0896551724137931,Vax Center,Tier 3
HCO0890,Da Nang,Central,235,20,0.0851063829787234,Vax Center,Tier 3
HCO0891,Quang Ninh,North,243,20,0.0823045267489712,Vax Center,Tier 3
HCO0892,Ho Chi Minh City,South,499,44,0.08817635270541083,Vax Center,Tier 2
HCO0893,Quang Ngai,Central,521,54,0.1036468330134357,Vax Center,Tier 2
HCO0894,Hue,Central,318,25,0.07861635220125786,Vax Center,Tier 2
HCO0895,Hai Duong,North,311,26,0.08360128617363344,Vax Center,Tier 3
HCO0896,Thai Nguyen,North,270,23,0.08518518518518518,Vax Center,Tier 3
HCO0897,Hai Duong,North,265,18,0.06792452830188679,Vax Center,Tier 3
HCO0898,Ho Chi Minh City,South,394,42,0.1065989847715736,Vax Center,Tier 2
HCO0899,Quang Nam,Central,176,13,0.07386363636363637,Vax Center,Tier 3
HCO0900,Lam Dong,South,1036,94,0.09073359073359073,Vax Center,Tier 1
HCO0901,Vinh Phuc,North,375,34,0.09066666666666667,Vax Center,Tier 2
HCO0902,Thanh Hoa,Central,986,95,0.09634888438133875,Vax Center,Tier 1
HCO0903,Nghe An,Central,302,31,0.10264900662251655,Vax Center,Tier 3
HCO0904,Dong Nai,South,420,39,0.09285714285714286,Vax Center,Tier 2
HCO0905,Dong Nai,South,490,51,0.10408163265306122,Vax Center,Tier 2
HCO0906,Hung Yen,North,178,14,0.07865168539325842,Vax Center,Tier 3
HCO0907,Tien Giang,South,979,84,0.08580183861082738,Vax Center,Tier 1
HCO0908,Bac Ninh,North,519,47,0.0905587668593449,Vax Center,Tier 2
HCO0909,Ba Ria - Vung Tau,South,467,37,0.07922912205567452,Hospital,Tier 2
HCO0910,Quang Ninh,North,669,59,0.08819133034379671,Vax Center,Tier 2
HCO0911,Vinh Phuc,North,176,14,0.07954545454545454,Vax Center,Tier 3
HCO0912,Ho Chi Minh City,South,325,31,0.09538461538461539,Vax Center,Tier 2
HCO0913,Hung Yen,North,86,4,0.046511627906976744,Vax Center,Tier 3
HCO0914,Nghe An,Central,766,64,0.0835509138381201,Vax Center,Tier 1
HCO0915,Ha Tinh,Central,488,65,0.13319672131147542,Vax Center,Tier 2
HCO0916,Thai Nguyen,North,67,6,0.08955223880597014,Vax Center,Tier 3
HCO0917,Khanh Hoa,South,390,38,0.09743589743589744,Hospital,Tier 2
HCO0918,Ho Chi Minh City,South,808,70,0.08663366336633663,Vax Center,Tier 1
HCO0919,Ho Chi Minh City,South,471,42,0.08917197452229299,Vax Center,Tier 2
HCO0920,Ninh Binh,North,583,63,0.10806174957118353,Vax Center,Tier 2
HCO0921,Hue,Central,184,15,0.08152173913043478,Vax Center,Tier 3
HCO0922,Thai Nguyen,North,1386,100,0.07215007215007214,Hospital,Tier 1
HCO0923,Thai Nguyen,North,256,33,0.12890625,Vax Center,Tier 3
HCO0924,Hai Duong,North,282,30,0.10638297872340426,Vax Center,Tier 2
HCO0925,Tien Giang,South,801,67,0.08364544319600499,Hospital,Tier 1
HCO0926,Ba Ria - Vung Tau,South,767,64,0.08344198174706649,Vax Center,Tier 1
HCO0927,Dong Nai,South,308,29,0.09415584415584416,Vax Center,Tier 2
HCO0928,Quang Tri,Central,453,45,0.09933774834437085,Hospital,Tier 2
HCO0929,Quang Binh,Central,186,25,0.13440860215053763,Vax Center,Tier 3
HCO0930,Hue,Central,690,51,0.07391304347826087,Hospital,Tier 1
HCO0931,Hue,Central,160,14,0.0875,Vax Center,Tier 3
HCO0932,Ha Tinh,Central,235,15,0.06382978723404255,Vax Center,Tier 3
HCO0933,Bac Ninh,North,234,17,0.07264957264957266,Hospital,Tier 3
HCO0934,Bac Ninh,North,364,21,0.057692307692307696,Vax Center,Tier 2
HCO0935,Can Tho,South,716,71,0.09916201117318436,Hospital,Tier 1
HCO0936,Quang Binh,Central,1471,153,0.10401087695445276,Hospital,Tier 1
HCO0937,Can Tho,South,184,17,0.09239130434782608,Vax Center,Tier 3
HCO0938,Hai Duong,North,799,82,0.10262828535669587,Hospital,Tier 1
HCO0939,Da Nang,Central,646,63,0.09752321981424149,Vax Center,Tier 2
HCO0940,Hung Yen,North,344,26,0.0755813953488372,Vax Center,Tier 2
HCO0941,Thai Nguyen,North,919,81,0.088139281828074,Vax Center,Tier 1
HCO0942,Hanoi,North,493,36,0.07302231237322515,Vax Center,Tier 2
HCO0943,Bac Ninh,North,200,24,0.12,Vax Center,Tier 3
HCO0944,Long An,South,827,62,0.07496977025392987,Vax Center,Tier 1
HCO0945,Ninh Binh,North,537,51,0.09497206703910614,Hospital,Tier 2
HCO0946,Quang Ngai,Central,143,14,0.0979020979020979,Vax Center,Tier 3
HCO0947,Quang Binh,Central,186,15,0.08064516129032258,Vax Center,Tier 3
HCO0948,Nghe An,Central,466,57,0.1223175965665236,Vax Center,Tier 2
HCO0949,Hue,Central,45,5,0.1111111111111111,Vax Center,Tier 3
HCO0950,Hung Yen,North,342,30,0.08771929824561403,Vax Center,Tier 2
HCO0951,Kien Giang,South,155,14,0.09032258064516129,Vax Center,Tier 3
HCO0952,Binh Duong,South,346,26,0.07514450867052024,Vax Center,Tier 2
HCO0953,Lam Dong,South,146,14,0.0958904109589041,Vax Center,Tier 3
HCO0954,Quang Binh,Central,624,52,0.08333333333333333,Vax Center,Tier 2
HCO0955,Bac Ninh,North,450,41,0.09111111111111111,Vax Center,Tier 2
HCO0956,Long An,South,877,78,0.08893956670467502,Vax Center,Tier 1
HCO0957,Ninh Binh,North,1098,97,0.0883424408014572,Hospital,Tier 1
HCO0958,Hai Phong,North,360,32,0.08888888888888889,Vax Center,Tier 2
HCO0959,Ninh Binh,North,167,15,0.08982035928143713,Vax Center,Tier 3
HCO0960,Binh Duong,South,383,32,0.0835509138381201,Vax Center,Tier 2
HCO0961,Quang Ngai,Central,281,25,0.08896797153024912,Vax Center,Tier 3
HCO0962,Dong Nai,South,520,46,0.08846153846153847,Vax Center,Tier 2
HCO0963,Binh Duong,South,745,70,0.09395973154362416,Vax Center,Tier 1
HCO0964,Hung Yen,North,552,56,0.10144927536231885,Vax Center,Tier 2
HCO0965,Long An,South,199,16,0.08040201005025126,Vax Center,Tier 3
HCO0966,Ha Tinh,Central,349,43,0.12320916905444126,Vax Center,Tier 2
HCO0967,Quang Ngai,Central,230,26,0.11304347826086956,Vax Center,Tier 3
HCO0968,Hanoi,North,516,60,0.11627906976744186,Vax Center,Tier 2
HCO0969,Kien Giang,South,614,52,0.08469055374592833,Vax Center,Tier 2
HCO0970,Vinh Phuc,North,408,37,0.09068627450980392,Vax Center,Tier 2
HCO0971,Hai Phong,North,631,60,0.09508716323296355,Vax Center,Tier 2
HCO0972,Quang Binh,Central,1052,100,0.09505703422053231,Hospital,Tier 1
HCO0973,Bac Ninh,North,268,32,0.11940298507462686,Vax Center,Tier 3
HCO0974,Bac Ninh,North,1876,180,0.09594882729211088,Hospital,Tier 1
HCO0975,Quang Ngai,Central,217,22,0.10138248847926268,Vax Center,Tier 3
HCO0976,Nghe An,Central,335,35,0.1044776119402985,Vax Center,Tier 2
HCO0977,Long An,South,223,23,0.1031390134529148,Vax Center,Tier 3
HCO0978,Ninh Binh,North,269,13,0.048327137546468404,Vax Center,Tier 3
HCO0979,Lam Dong,South,975,82,0.0841025641025641,Vax Center,Tier 1
HCO0980,Quang Binh,Central,293,29,0.09897610921501707,Vax Center,Tier 3
HCO0981,Binh Dinh,Central,387,52,0.1343669250645995,Vax Center,Tier 2
HCO0982,Quang Ngai,Central,1054,99,0.09392789373814042,Hospital,Tier 1
HCO0983,Quang Binh,Central,348,33,0.09482758620689655,Vax Center,Tier 2
HCO0984,Can Tho,South,1213,117,0.09645507007419621,Vax Center,Tier 1
HCO0985,Ninh Binh,North,560,56,0.1,Vax Center,Tier 2
HCO0986,Hung Yen,North,790,64,0.0810126582278481,Hospital,Tier 1
HCO0987,Khanh Hoa,South,241,17,0.07053941908713693,Vax Center,Tier 3
HCO0988,Ho Chi Minh City,South,427,27,0.06323185011709602,Vax Center,Tier 2
HCO0989,Hanoi,North,1206,131,0.10862354892205639,Hospital,Tier 1
HCO0990,Ha Tinh,Central,431,32,0.07424593967517401,Vax Center,Tier 2
HCO0991,Ba Ria - Vung Tau,South,828,59,0.07125603864734299,Hospital,Tier 1
HCO0992,Dong Nai,South,417,45,0.1079136690647482,Vax Center,Tier 2
HCO0993,Kien Giang,South,319,27,0.08463949843260188,Vax Center,Tier 2
HCO0994,Hue,Central,516,56,0.10852713178294573,Vax Center,Tier 2
HCO0995,Binh Dinh,Central,420,39,0.09285714285714286,Vax Center,Tier 2
HCO0996,Nam Dinh,North,714,79,0.11064425770308123,Hospital,Tier 2
HCO0997,Can Tho,South,414,36,0.08695652173913043,Vax Center,Tier 2
HCO0998,Thanh Hoa,Central,660,73,0.11060606060606061,Hospital,Tier 2
HCO0999,Lam Dong,South,486,40,0.0823045267489712,Hospital,Tier 2
HCO1000,Nghe An,Central,493,38,0.07707910750507099,Vax Center,Tier 2
HCO1001,Da Nang,Central,530,49,0.09245283018867924,Vax Center,Tier 2
HCO1002,Lam Dong,South,417,43,0.10311750599520383,Vax Center,Tier 2
HCO1003,Quang Tri,Central,571,59,0.10332749562171628,Hospital,Tier 2
HCO1004,Long An,South,281,28,0.099644128113879,Vax Center,Tier 3
HCO1005,Nghe An,Central,840,92,0.10952380952380952,Vax Center,Tier 1
HCO1006,Binh Dinh,Central,262,19,0.07251908396946564,Vax Center,Tier 3
HCO1007,Ninh Binh,North,446,42,0.09417040358744394,Vax Center,Tier 2
HCO1008,Nghe An,Central,289,18,0.06228373702422145,Vax Center,Tier 3
HCO1009,Ha Tinh,Central,822,73,0.08880778588807786,Vax Center,Tier 1
HCO1010,Bac Ninh,North,761,57,0.07490144546649145,Hospital,Tier 1
HCO1011,Quang Ninh,North,331,33,0.09969788519637462,Vax Center,Tier 2
HCO1012,Binh Dinh,Central,208,12,0.057692307692307696,Vax Center,Tier 3
HCO1013,Binh Dinh,Central,328,35,0.10670731707317073,Vax Center,Tier 2
HCO1014,Binh Dinh,Central,529,59,0.11153119092627599,Vax Center,Tier 2
HCO1015,Hanoi,North,260,23,0.08846153846153847,Vax Center,Tier 3
HCO1016,Ninh Binh,North,273,24,0.08791208791208792,Vax Center,Tier 3
HCO1017,Hung Yen,North,124,11,0.08870967741935484,Vax Center,Tier 3
HCO1018,Dong Nai,South,348,44,0.12643678160919541,Vax Center,Tier 2
HCO1019,Ho Chi Minh City,South,377,33,0.08753315649867374,Vax Center,Tier 2
HCO1020,Thai Nguyen,North,194,16,0.08247422680412371,Vax Center,Tier 3
HCO1021,Binh Dinh,Central,664,56,0.08433734939759036,Vax Center,Tier 1
HCO1022,Bac Ninh,North,174,13,0.07471264367816093,Vax Center,Tier 3
HCO1023,Vinh Phuc,North,668,48,0.0718562874251497,Vax Center,Tier 2
HCO1024,Bac Ninh,North,333,28,0.08408408408408409,Vax Center,Tier 2
HCO1025,Vinh Phuc,North,834,71,0.08513189448441247,Vax Center,Tier 1
HCO1026,Binh Dinh,Central,592,47,0.07939189189189189,Vax Center,Tier 2
HCO1027,Long An,South,192,18,0.09375,Vax Center,Tier 3
HCO1028,Hung Yen,North,563,55,0.09769094138543517,Hospital,Tier 2
HCO1029,Hue,Central,353,30,0.08498583569405099,Vax Center,Tier 2
HCO1030,Khanh Hoa,South,1668,137,0.08213429256594725,Hospital,Tier 1
HCO1031,Can Tho,South,688,64,0.09302325581395349,Vax Center,Tier 2
HCO1032,Quang Ngai,Central,264,21,0.07954545454545454,Vax Center,Tier 3
HCO1033,Thai Nguyen,North,305,21,0.06885245901639345,Vax Center,Tier 2
HCO1034,Quang Ngai,Central,943,97,0.10286320254506894,Vax Center,Tier 1
HCO1035,Ninh Binh,North,204,17,0.08333333333333333,Vax Center,Tier 3
HCO1036,Kien Giang,South,324,36,0.1111111111111111,Vax Center,Tier 2
HCO1037,Nghe An,Central,653,53,0.08116385911179173,Vax Center,Tier 2
HCO1038,Khanh Hoa,South,582,57,0.0979381443298969,Vax Center,Tier 2
HCO1039,Hanoi,North,232,22,0.09482758620689655,Vax Center,Tier 3
HCO1040,Nghe An,Central,321,26,0.08099688473520249,Vax Center,Tier 2
HCO1041,Ho Chi Minh City,South,63,6,0.09523809523809523,Vax Center,Tier 3
HCO1042,Quang Ngai,Central,215,26,0.12093023255813953,Vax Center,Tier 3
HCO1043,Ha Tinh,Central,670,67,0.1,Hospital,Tier 2
HCO1044,Tien Giang,South,582,35,0.06013745704467354,Vax Center,Tier 2
HCO1045,Ho Chi Minh City,South,514,54,0.10505836575875487,Vax Center,Tier 2
HCO1046,Ninh Binh,North,446,38,0.08520179372197309,Vax Center,Tier 2
HCO1047,Hue,Central,772,78,0.10103626943005181,Vax Center,Tier 1
HCO1048,Quang Binh,Central,131,11,0.08396946564885496,Vax Center,Tier 3
HCO1049,Quang Ngai,Central,275,18,0.06545454545454546,Vax Center,Tier 3
HCO1050,Ninh Binh,North,529,37,0.06994328922495274,Vax Center,Tier 2
HCO1051,Thai Nguyen,North,336,28,0.08333333333333333,Vax Center,Tier 2
HCO1052,Long An,South,340,34,0.1,Vax Center,Tier 2
HCO1053,Long An,South,718,58,0.0807799442896936,Vax Center,Tier 2
HCO1054,Ho Chi Minh City,South,378,47,0.12433862433862433,Vax Center,Tier 2
HCO1055,Kien Giang,South,674,56,0.0830860534124629,Vax Center,Tier 2
HCO1056,Dong Nai,South,153,9,0.058823529411764705,Vax Center,Tier 3
HCO1057,Dong Nai,South,507,33,0.0650887573964497,Vax Center,Tier 2
HCO1058,Dong Nai,South,306,39,0.12745098039215685,Vax Center,Tier 2
HCO1059,Quang Binh,Central,1116,96,0.08602150537634409,Hospital,Tier 1
HCO1060,Ha Tinh,Central,1202,97,0.08069883527454243,Hospital,Tier 1
HCO1061,Thai Nguyen,North,267,20,0.0749063670411985,Vax Center,Tier 3
HCO1062,Binh Dinh,Central,246,24,0.0975609756097561,Vax Center,Tier 3
HCO1063,Vinh Phuc,North,616,66,0.10714285714285714,Hospital,Tier 2
HCO1064,Thai Nguyen,North,271,28,0.1033210332103321,Vax Center,Tier 3
HCO1065,Quang Nam,Central,463,39,0.08423326133909287,Vax Center,Tier 2
HCO1066,Nghe An,Central,1275,116,0.09098039215686274,Hospital,Tier 1
HCO1067,Thai Nguyen,North,611,57,0.09328968903436989,Vax Center,Tier 2
HCO1068,Binh Duong,South,423,44,0.10401891252955082,Vax Center,Tier 2
HCO1069,Ho Chi Minh City,South,101,8,0.07920792079207921,Vax Center,Tier 3
HCO1070,Hai Duong,North,287,24,0.08362369337979095,Vax Center,Tier 2
HCO1071,Hanoi,North,561,40,0.07130124777183601,Vax Center,Tier 2
HCO1072,Ninh Binh,North,474,34,0.07172995780590717,Vax Center,Tier 2
HCO1073,Binh Duong,South,71,5,0.07042253521126761,Vax Center,Tier 3
HCO1074,Ho Chi Minh City,South,378,39,0.10317460317460317,Vax Center,Tier 2
HCO1075,Bac Ninh,North,315,29,0.09206349206349207,Vax Center,Tier 2
HCO1076,Dong Nai,South,238,21,0.08823529411764706,Vax Center,Tier 3
HCO1077,Bac Ninh,North,188,14,0.07446808510638298,Vax Center,Tier 3
HCO1078,Nghe An,Central,318,25,0.07861635220125786,Vax Center,Tier 2
HCO1079,Kien Giang,South,235,25,0.10638297872340426,Vax Center,Tier 3
HCO1080,Hung Yen,North,427,35,0.08196721311475409,Vax Center,Tier 2
HCO1081,Hai Duong,North,161,16,0.09937888198757763,Vax Center,Tier 3
HCO1082,Ha Tinh,Central,624,65,0.10416666666666667,Vax Center,Tier 2
HCO1083,Quang Ngai,Central,577,60,0.10398613518197573,Vax Center,Tier 2
HCO1084,Tien Giang,South,707,65,0.09193776520509193,Vax Center,Tier 2
HCO1085,Kien Giang,South,160,15,0.09375,Vax Center,Tier 3
HCO1086,Hai Phong,North,206,17,0.0825242718446602,Vax Center,Tier 3
HCO1087,Bac Ninh,North,454,37,0.08149779735682819,Vax Center,Tier 2
HCO1088,Dong Nai,South,740,68,0.0918918918918919,Hospital,Tier 1
HCO1089,Vinh Phuc,North,306,21,0.06862745098039216,Vax Center,Tier 2
HCO1090,Ba Ria - Vung Tau,South,322,27,0.08385093167701864,Vax Center,Tier 2
HCO1091,Binh Dinh,Central,243,24,0.09876543209876543,Vax Center,Tier 3
HCO1092,Quang Ninh,North,496,45,0.0907258064516129,Vax Center,Tier 2
HCO1093,Binh Duong,South,234,23,0.09829059829059829,Vax Center,Tier 3
HCO1094,Hung Yen,North,24,0,0.0,Vax Center,Tier 3
HCO1095,Ha Tinh,Central,1905,177,0.09291338582677165,Hospital,Tier 1
HCO1096,Da Nang,Central,575,46,0.08,Vax Center,Tier 2
HCO1097,Quang Tri,Central,347,29,0.08357348703170028,Vax Center,Tier 2
HCO1098,Khanh Hoa,South,557,47,0.0843806104129264,Vax Center,Tier 2
HCO1099,Binh Dinh,Central,486,25,0.051440329218107,Vax Center,Tier 2
HCO1100,Kien Giang,South,781,59,0.07554417413572344,Hospital,Tier 1
HCO1101,Kien Giang,South,266,23,0.08646616541353383,Hospital,Tier 2
HCO1102,Quang Tri,Central,1050,86,0.08190476190476191,Vax Center,Tier 1
HCO1103,Quang Ninh,North,55,5,0.09090909090909091,Vax Center,Tier 3
HCO1104,Lam Dong,South,689,58,0.0841799709724238,Vax Center,Tier 2
HCO1105,Kien Giang,South,212,20,0.09433962264150944,Vax Center,Tier 3
HCO1106,Ninh Binh,North,467,36,0.07708779443254818,Vax Center,Tier 2
HCO1107,Quang Binh,Central,1187,96,0.08087615838247683,Hospital,Tier 1
HCO1108,Ha Tinh,Central,288,23,0.0798611111111111,Vax Center,Tier 3
HCO1109,Hai Phong,North,122,9,0.07377049180327869,Vax Center,Tier 3
HCO1110,Binh Dinh,Central,324,26,0.08024691358024691,Vax Center,Tier 3
HCO1111,Thanh Hoa,Central,391,33,0.08439897698209718,Vax Center,Tier 2
HCO1112,Dong Nai,South,395,23,0.05822784810126582,Vax Center,Tier 2
HCO1113,Binh Duong,South,701,57,0.08131241084165478,Vax Center,Tier 2
HCO1114,Binh Duong,South,575,53,0.09217391304347826,Vax Center,Tier 2
HCO1115,Nghe An,Central,484,32,0.06611570247933884,Vax Center,Tier 2
HCO1116,Ninh Binh,North,367,38,0.10354223433242507,Vax Center,Tier 2
HCO1117,Dong Nai,South,2207,202,0.0915269596737653,Hospital,Tier 1
HCO1118,Binh Duong,South,621,51,0.0821256038647343,Hospital,Tier 1
HCO1119,Quang Binh,Central,363,30,0.08264462809917356,Vax Center,Tier 2
HCO1120,Ba Ria - Vung Tau,South,626,51,0.08146964856230032,Vax Center,Tier 2
HCO1121,Bac Ninh,North,662,67,0.10120845921450151,Vax Center,Tier 2
HCO1122,Ho Chi Minh City,South,152,21,0.13815789473684212,Vax Center,Tier 3
HCO1123,Quang Ninh,North,327,31,0.09480122324159021,Vax Center,Tier 2
HCO1124,Hai Duong,North,674,57,0.08456973293768547,Vax Center,Tier 2
HCO1125,Hue,Central,987,94,0.09523809523809523,Vax Center,Tier 1
HCO1126,Hai Phong,North,464,41,0.08836206896551724,Vax Center,Tier 2
HCO1127,Hai Phong,North,142,17,0.11971830985915492,Vax Center,Tier 3
HCO1128,Hanoi,North,433,40,0.09237875288683603,Vax Center,Tier 2
HCO1129,Ha Tinh,Central,410,39,0.0951219512195122,Vax Center,Tier 2
HCO1130,Dong Nai,South,415,50,0.12048192771084337,Vax Center,Tier 2
HCO1131,Hanoi,North,113,8,0.07079646017699115,Vax Center,Tier 3
HCO1132,Binh Dinh,Central,1067,90,0.08434864104967198,Hospital,Tier 1
HCO1133,Binh Duong,South,229,19,0.08296943231441048,Vax Center,Tier 3
HCO1134,Hai Duong,North,771,74,0.0959792477302205,Vax Center,Tier 1
HCO1135,Bac Ninh,North,317,26,0.08201892744479496,Vax Center,Tier 2
HCO1136,Ho Chi Minh City,South,433,34,0.07852193995381063,Vax Center,Tier 2
HCO1137,Binh Duong,South,349,39,0.11174785100286533,Vax Center,Tier 2
HCO1138,Hue,Central,675,68,0.10074074074074074,Vax Center,Tier 2
HCO1139,Binh Duong,South,337,29,0.08605341246290801,Vax Center,Tier 2
HCO1140,Quang Ninh,North,426,30,0.07042253521126761,Vax Center,Tier 2
HCO1141,Nghe An,Central,183,20,0.1092896174863388,Vax Center,Tier 3
HCO1142,Lam Dong,South,979,82,0.08375893769152196,Vax Center,Tier 1
HCO1143,Thai Nguyen,North,274,25,0.09124087591240876,Vax Center,Tier 3
HCO1144,Dong Nai,South,1358,126,0.09278350515463918,Hospital,Tier 1
HCO1145,Quang Tri,Central,280,22,0.07857142857142857,Vax Center,Tier 3
HCO1146,Dong Nai,South,420,39,0.09285714285714286,Vax Center,Tier 2
HCO1147,Quang Binh,Central,1388,119,0.08573487031700289,Vax Center,Tier 1
HCO1148,Thanh Hoa,Central,440,28,0.06363636363636363,Vax Center,Tier 2
HCO1149,Thai Nguyen,North,323,27,0.08359133126934984,Vax Center,Tier 2
HCO1150,Hung Yen,North,438,33,0.07534246575342465,Vax Center,Tier 2
HCO1151,Dong Nai,South,1148,114,0.09930313588850175,Vax Center,Tier 1
HCO1152,Bac Ninh,North,82,6,0.07317073170731707,Vax Center,Tier 3
HCO1153,Quang Ninh,North,214,21,0.09813084112149532,Vax Center,Tier 3
HCO1154,Hung Yen,North,954,75,0.07861635220125786,Vax Center,Tier 1
HCO1155,Hung Yen,North,507,52,0.10256410256410256,Vax Center,Tier 2
HCO1156,Binh Duong,South,216,18,0.08333333333333333,Vax Center,Tier 3
HCO1157,Nghe An,Central,406,41,0.10098522167487685,Vax Center,Tier 2
HCO1158,Kien Giang,South,365,24,0.06575342465753424,Vax Center,Tier 2
HCO1159,Bac Ninh,North,640,69,0.1078125,Vax Center,Tier 2
HCO1160,Binh Dinh,Central,1026,95,0.09259259259259259,Vax Center,Tier 1
HCO1161,Ha Tinh,Central,369,30,0.08130081300813008,Vax Center,Tier 2
HCO1162,Nghe An,Central,363,31,0.08539944903581267,Vax Center,Tier 2
HCO1163,Ho Chi Minh City,South,280,24,0.08571428571428572,Vax Center,Tier 3
HCO1164,Kien Giang,South,369,24,0.06504065040650407,Vax Center,Tier 2
HCO1165,Ho Chi Minh City,South,241,13,0.05394190871369295,Vax Center,Tier 3
HCO1166,Hung Yen,North,122,8,0.06557377049180328,Vax Center,Tier 3
HCO1167,Thai Nguyen,North,160,12,0.075,Vax Center,Tier 3
HCO1168,Binh Dinh,Central,319,32,0.10031347962382445,Hospital,Tier 2
HCO1169,Vinh Phuc,North,1128,115,0.10195035460992907,Hospital,Tier 1
HCO1170,Lam Dong,South,252,30,0.11904761904761904,Vax Center,Tier 3
HCO1171,Da Nang,Central,249,23,0.09236947791164658,Vax Center,Tier 3
HCO1172,Da Nang,Central,185,16,0.08648648648648649,Hospital,Tier 3
HCO1173,Binh Duong,South,524,31,0.05916030534351145,Vax Center,Tier 2
HCO1174,Khanh Hoa,South,289,20,0.06920415224913495,Vax Center,Tier 3
HCO1175,Hanoi,North,92,6,0.06521739130434782,Vax Center,Tier 3
HCO1176,Hai Phong,North,306,24,0.0784313725490196,Vax Center,Tier 2
HCO1177,Quang Ngai,Central,265,26,0.09811320754716982,Vax Center,Tier 3
HCO1178,Quang Binh,Central,265,28,0.10566037735849057,Vax Center,Tier 3
HCO1179,Vinh Phuc,North,1065,106,0.09953051643192488,Vax Center,Tier 1
HCO1180,Nghe An,Central,312,32,0.10256410256410256,Vax Center,Tier 2
HCO1181,Dong Nai,South,178,13,0.07303370786516854,Hospital,Tier 3
HCO1182,Binh Duong,South,629,54,0.08585055643879173,Vax Center,Tier 2
HCO1183,Da Nang,Central,555,64,0.11531531531531532,Vax Center,Tier 2
HCO1184,Nghe An,Central,464,44,0.09482758620689655,Vax Center,Tier 2
HCO1185,Vinh Phuc,North,268,21,0.07835820895522388,Vax Center,Tier 3
HCO1186,Quang Tri,Central,402,44,0.10945273631840796,Vax Center,Tier 2
HCO1187,Nam Dinh,North,332,36,0.10843373493975904,Vax Center,Tier 2
HCO1188,Da Nang,Central,515,48,0.09320388349514563,Vax Center,Tier 2
HCO1189,Binh Dinh,Central,210,19,0.09047619047619047,Vax Center,Tier 3
HCO1190,Hai Phong,North,234,21,0.08974358974358974,Vax Center,Tier 3
HCO1191,Hanoi,North,605,63,0.10413223140495868,Vax Center,Tier 2
HCO1192,Hung Yen,North,523,47,0.08986615678776291,Vax Center,Tier 2
HCO1193,Ba Ria - Vung Tau,South,375,35,0.09333333333333334,Vax Center,Tier 2
HCO1194,Binh Dinh,Central,1124,97,0.08629893238434164,Hospital,Tier 1
HCO1195,Hung Yen,North,558,61,0.10931899641577061,Vax Center,Tier 2
HCO1196,Ba Ria - Vung Tau,South,1003,89,0.08873379860418744,Hospital,Tier 1
HCO1197,Quang Binh,Central,338,27,0.07988165680473373,Vax Center,Tier 2
HCO1198,Quang Binh,Central,696,65,0.09339080459770115,Hospital,Tier 1
HCO1199,Tien Giang,South,304,29,0.09539473684210527,Vax Center,Tier 2
HCO1200,Hai Phong,North,400,36,0.09,Vax Center,Tier 2
HCO1201,Hung Yen,North,323,29,0.08978328173374613,Vax Center,Tier 2
HCO1202,Quang Nam,Central,1236,114,0.09223300970873786,Hospital,Tier 1
HCO1203,Hung Yen,North,230,29,0.12608695652173912,Vax Center,Tier 3
HCO1204,Khanh Hoa,South,804,58,0.07213930348258707,Hospital,Tier 1
HCO1205,Hung Yen,North,917,82,0.08942202835332606,Hospital,Tier 1
HCO1206,Quang Ninh,North,99,8,0.08080808080808081,Vax Center,Tier 3
HCO1207,Hung Yen,North,251,17,0.06772908366533864,Vax Center,Tier 3
HCO1208,Ha Tinh,Central,545,58,0.10642201834862386,Vax Center,Tier 2
HCO1209,Hung Yen,North,189,21,0.1111111111111111,Vax Center,Tier 3
HCO1210,Bac Ninh,North,1656,145,0.08756038647342995,Vax Center,Tier 1
HCO1211,Ho Chi Minh City,South,801,82,0.10237203495630462,Vax Center,Tier 1
HCO1212,Ninh Binh,North,417,30,0.07194244604316546,Vax Center,Tier 2
HCO1213,Thanh Hoa,Central,403,38,0.09429280397022333,Vax Center,Tier 2
HCO1214,Hai Phong,North,1210,105,0.08677685950413223,Vax Center,Tier 1
HCO1215,Thanh Hoa,Central,133,12,0.09022556390977443,Vax Center,Tier 3
HCO1216,Vinh Phuc,North,155,22,0.14193548387096774,Vax Center,Tier 3
HCO1217,Quang Ngai,Central,1180,105,0.08898305084745763,Hospital,Tier 1
HCO1218,Hung Yen,North,279,34,0.12186379928315412,Vax Center,Tier 3
HCO1219,Ba Ria - Vung Tau,South,329,23,0.06990881458966565,Hospital,Tier 2
HCO1220,Long An,South,377,34,0.09018567639257294,Vax Center,Tier 2
HCO1221,Quang Ninh,North,248,25,0.10080645161290322,Vax Center,Tier 3
HCO1222,Quang Ninh,North,498,56,0.11244979919678715,Vax Center,Tier 2
HCO1223,Bac Ninh,North,1055,114,0.1080568720379147,Vax Center,Tier 1
HCO1224,Quang Ngai,Central,385,36,0.09350649350649351,Vax Center,Tier 2
HCO1225,Bac Ninh,North,410,38,0.09268292682926829,Vax Center,Tier 2
HCO1226,Ho Chi Minh City,South,153,12,0.0784313725490196,Vax Center,Tier 3
HCO1227,Dong Nai,South,175,14,0.08,Vax Center,Tier 3
HCO1228,Binh Duong,South,707,59,0.08345120226308345,Vax Center,Tier 2
HCO1229,Quang Tri,Central,367,37,0.1008174386920981,Vax Center,Tier 2
HCO1230,Kien Giang,South,173,14,0.08092485549132948,Vax Center,Tier 3
HCO1231,Hai Phong,North,351,38,0.10826210826210826,Vax Center,Tier 2
HCO1232,Nghe An,Central,280,21,0.075,Vax Center,Tier 2
HCO1233,Ninh Binh,North,153,12,0.0784313725490196,Vax Center,Tier 3
HCO1234,Can Tho,South,921,84,0.09120521172638436,Hospital,Tier 1
HCO1235,Da Nang,Central,159,16,0.10062893081761007,Vax Center,Tier 3
HCO1236,Binh Duong,South,218,15,0.06880733944954129,Vax Center,Tier 3
HCO1237,Hung Yen,North,268,20,0.07462686567164178,Vax Center,Tier 3
HCO1238,Kien Giang,South,234,32,0.13675213675213677,Vax Center,Tier 3
HCO1239,Quang Binh,Central,854,87,0.10187353629976581,Vax Center,Tier 1
HCO1240,Quang Binh,Central,465,47,0.1010752688172043,Vax Center,Tier 2
HCO1241,Kien Giang,South,216,22,0.10185185185185185,Vax Center,Tier 3
HCO1242,Nghe An,Central,268,38,0.1417910447761194,Vax Center,Tier 2
HCO1243,Nghe An,Central,310,23,0.07419354838709677,Vax Center,Tier 2
HCO1244,Quang Nam,Central,622,43,0.06913183279742766,Vax Center,Tier 2
HCO1245,Bac Ninh,North,614,65,0.10586319218241043,Vax Center,Tier 2
HCO1246,Ninh Binh,North,425,42,0.0988235294117647,Vax Center,Tier 2
HCO1247,Hung Yen,North,479,35,0.07306889352818371,Vax Center,Tier 2
HCO1248,Quang Ninh,North,464,40,0.08620689655172414,Vax Center,Tier 2
HCO1249,Ho Chi Minh City,South,256,23,0.08984375,Vax Center,Tier 3
HCO1250,Quang Nam,Central,822,86,0.10462287104622871,Hospital,Tier 1
HCO1251,Thanh Hoa,Central,198,23,0.11616161616161616,Vax Center,Tier 3
HCO1252,Nghe An,Central,114,10,0.08771929824561403,Vax Center,Tier 3
HCO1253,Ha Tinh,Central,333,22,0.06606606606606606,Vax Center,Tier 2
HCO1254,Quang Ngai,Central,645,81,0.12558139534883722,Vax Center,Tier 2
HCO1255,Long An,South,139,6,0.04316546762589928,Vax Center,Tier 3
HCO1256,Tien Giang,South,419,37,0.0883054892601432,Vax Center,Tier 2
HCO1257,Nghe An,Central,90,3,0.03333333333333333,Vax Center,Tier 3
HCO1258,Ninh Binh,North,351,36,0.10256410256410256,Vax Center,Tier 2
HCO1259,Ha Tinh,Central,425,37,0.08705882352941176,Vax Center,Tier 2
HCO1260,Da Nang,Central,491,35,0.07128309572301425,Vax Center,Tier 2
HCO1261,Quang Binh,Central,332,34,0.10240963855421686,Hospital,Tier 2
HCO1262,Binh Dinh,Central,218,21,0.0963302752293578,Vax Center,Tier 3
HCO1263,Da Nang,Central,277,22,0.07942238267148015,Hospital,Tier 3
HCO1264,Ninh Binh,North,806,76,0.09429280397022333,Vax Center,Tier 1
HCO1265,Ninh Binh,North,294,25,0.08503401360544217,Vax Center,Tier 3
HCO1266,Nghe An,Central,386,31,0.08031088082901554,Vax Center,Tier 2
HCO1267,Quang Ninh,North,1183,116,0.09805579036348266,Vax Center,Tier 1
HCO1268,Hai Duong,North,613,56,0.09135399673735727,Vax Center,Tier 2
HCO1269,Lam Dong,South,259,28,0.10810810810810811,Vax Center,Tier 3
HCO1270,Nghe An,Central,593,49,0.08263069139966273,Vax Center,Tier 2
HCO1271,Hung Yen,North,456,30,0.06578947368421052,Vax Center,Tier 2
HCO1272,Da Nang,Central,136,12,0.08823529411764706,Vax Center,Tier 3
HCO1273,Dong Nai,South,184,9,0.04891304347826087,Vax Center,Tier 3
HCO1274,Thai Nguyen,North,369,40,0.10840108401084012,Vax Center,Tier 2
HCO1275,Binh Duong,South,227,18,0.07929515418502203,Vax Center,Tier 3
HCO1276,Long An,South,1858,170,0.09149623250807319,Hospital,Tier 1
HCO1277,Quang Nam,Central,305,30,0.09836065573770492,Vax Center,Tier 3
HCO1278,Binh Dinh,Central,1086,91,0.08379373848987108,Hospital,Tier 1
HCO1279,Hai Phong,North,541,43,0.07948243992606285,Vax Center,Tier 2
HCO1280,Can Tho,South,385,41,0.10649350649350649,Hospital,Tier 2
HCO1281,Nghe An,Central,327,24,0.07339449541284404,Vax Center,Tier 2
HCO1282,Long An,South,190,16,0.08421052631578947,Vax Center,Tier 3
HCO1283,Da Nang,Central,509,37,0.07269155206286837,Vax Center,Tier 2
HCO1284,Hanoi,North,190,18,0.09473684210526316,Vax Center,Tier 3
HCO1285,Hanoi,North,177,18,0.1016949152542373,Hospital,Tier 3
HCO1286,Khanh Hoa,South,446,35,0.07847533632286996,Vax Center,Tier 2
HCO1287,Da Nang,Central,340,42,0.12352941176470589,Vax Center,Tier 2
HCO1288,Hanoi,North,1494,133,0.08902275769745649,Vax Center,Tier 1
HCO1289,Lam Dong,South,164,13,0.07926829268292683,Vax Center,Tier 3
HCO1290,Ho Chi Minh City,South,408,40,0.09803921568627451,Vax Center,Tier 2
HCO1291,Quang Binh,Central,372,46,0.12365591397849462,Vax Center,Tier 2
HCO1292,Quang Binh,Central,302,30,0.09933774834437085,Vax Center,Tier 2
HCO1293,Hanoi,North,450,51,0.11333333333333333,Vax Center,Tier 2
HCO1294,Dong Nai,South,668,64,0.09580838323353294,Vax Center,Tier 1
HCO1295,Ninh Binh,North,493,35,0.07099391480730223,Vax Center,Tier 2
HCO1296,Ho Chi Minh City,South,627,73,0.11642743221690591,Hospital,Tier 2
HCO1297,Thanh Hoa,Central,1887,171,0.09062003179650238,Hospital,Tier 1
HCO1298,Da Nang,Central,454,52,0.1145374449339207,Vax Center,Tier 2
HCO1299,Vinh Phuc,North,432,38,0.08796296296296297,Vax Center,Tier 2
HCO1300,Hai Duong,North,430,24,0.05581395348837209,Vax Center,Tier 2
HCO1301,Dong Nai,South,411,32,0.07785888077858881,Vax Center,Tier 2
HCO1302,Quang Binh,Central,360,36,0.1,Vax Center,Tier 2
HCO1303,Hue,Central,219,22,0.1004566210045662,Vax Center,Tier 3
HCO1304,Kien Giang,South,319,24,0.07523510971786834,Vax Center,Tier 2
HCO1305,Kien Giang,South,269,28,0.10408921933085502,Vax Center,Tier 3
HCO1306,Ho Chi Minh City,South,279,14,0.05017921146953405,Vax Center,Tier 3
HCO1307,Hung Yen,North,199,16,0.08040201005025126,Vax Center,Tier 3
HCO1308,Quang Nam,Central,779,65,0.0834403080872914,Vax Center,Tier 1
HCO1309,Ho Chi Minh City,South,590,49,0.08305084745762711,Vax Center,Tier 2
HCO1310,Nghe An,Central,708,56,0.07909604519774012,Vax Center,Tier 2
HCO1311,Quang Ninh,North,193,27,0.13989637305699482,Vax Center,Tier 3
HCO1312,Binh Duong,South,1055,81,0.07677725118483412,Vax Center,Tier 1
HCO1313,Quang Binh,Central,218,19,0.0871559633027523,Vax Center,Tier 3
HCO1314,Da Nang,Central,480,42,0.0875,Vax Center,Tier 2
HCO1315,Kien Giang,South,646,60,0.09287925696594428,Vax Center,Tier 2
HCO1316,Quang Ngai,Central,105,12,0.11428571428571428,Vax Center,Tier 3
HCO1317,Ha Tinh,Central,453,38,0.08388520971302428,Hospital,Tier 2
HCO1318,Thanh Hoa,Central,669,62,0.09267563527653214,Hospital,Tier 1
HCO1319,Nghe An,Central,257,29,0.11284046692607004,Vax Center,Tier 3
HCO1320,Bac Ninh,North,477,49,0.10272536687631027,Vax Center,Tier 2
HCO1321,Binh Duong,South,2044,172,0.08414872798434442,Vax Center,Tier 1
HCO1322,Binh Duong,South,433,25,0.057736720554272515,Vax Center,Tier 2
HCO1323,Vinh Phuc,North,663,50,0.07541478129713423,Vax Center,Tier 2
HCO1324,Nam Dinh,North,725,67,0.09241379310344827,Vax Center,Tier 1
HCO1325,Ho Chi Minh City,South,265,32,0.12075471698113208,Vax Center,Tier 3
HCO1326,Hanoi,North,901,80,0.08879023307436182,Hospital,Tier 1
HCO1327,Quang Tri,Central,247,26,0.10526315789473684,Vax Center,Tier 3
HCO1328,Quang Binh,Central,789,60,0.07604562737642585,Vax Center,Tier 1
HCO1329,Khanh Hoa,South,72,8,0.1111111111111111,Vax Center,Tier 3
HCO1330,Hai Duong,North,1060,90,0.08490566037735849,Vax Center,Tier 1
HCO1331,Binh Dinh,Central,403,34,0.08436724565756824,Vax Center,Tier 2
HCO1332,Nghe An,Central,120,7,0.058333333333333334,Vax Center,Tier 3
HCO1333,Quang Ngai,Central,947,85,0.0897571277719113,Hospital,Tier 1
HCO1334,Hanoi,North,429,28,0.06526806526806526,Vax Center,Tier 2
HCO1335,Quang Binh,Central,230,24,0.10434782608695652,Vax Center,Tier 3
HCO1336,Quang Tri,Central,404,25,0.06188118811881188,Vax Center,Tier 2
HCO1337,Hung Yen,North,465,45,0.0967741935483871,Vax Center,Tier 2
HCO1338,Bac Ninh,North,310,31,0.1,Vax Center,Tier 2
HCO1339,Hung Yen,North,311,27,0.08681672025723473,Vax Center,Tier 2
HCO1340,Ninh Binh,North,399,37,0.09273182957393483,Vax Center,Tier 2
HCO1341,Quang Ninh,North,382,35,0.09162303664921466,Vax Center,Tier 2
HCO1342,Can Tho,South,437,50,0.11441647597254005,Vax Center,Tier 2
HCO1343,Nghe An,Central,770,79,0.1025974025974026,Vax Center,Tier 1
HCO1344,Binh Duong,South,229,17,0.07423580786026202,Vax Center,Tier 3
HCO1345,Kien Giang,South,379,39,0.10290237467018469,Vax Center,Tier 2
HCO1346,Quang Ninh,North,568,54,0.09507042253521127,Vax Center,Tier 2
HCO1347,Binh Dinh,Central,409,32,0.07823960880195599,Hospital,Tier 2
HCO1348,Ho Chi Minh City,South,157,8,0.050955414012738856,Vax Center,Tier 3
HCO1349,Quang Ngai,Central,260,33,0.12692307692307692,Vax Center,Tier 3
HCO1350,Ha Tinh,Central,512,47,0.091796875,Vax Center,Tier 2
HCO1351,Ha Tinh,Central,999,92,0.0920920920920921,Vax Center,Tier 1
HCO1352,Hanoi,North,624,59,0.09455128205128205,Vax Center,Tier 2
HCO1353,Hue,Central,190,9,0.04736842105263158,Vax Center,Tier 3
HCO1354,Kien Giang,South,924,96,0.1038961038961039,Hospital,Tier 1
HCO1355,Can Tho,South,77,8,0.1038961038961039,Vax Center,Tier 3
HCO1356,Hanoi,North,409,38,0.09290953545232274,Vax Center,Tier 2
HCO1357,Khanh Hoa,South,322,29,0.09006211180124224,Vax Center,Tier 2
HCO1358,Nam Dinh,North,941,88,0.09351753453772582,Vax Center,Tier 1
HCO1359,Long An,South,44,5,0.11363636363636363,Vax Center,Tier 3
HCO1360,Hai Phong,North,836,72,0.0861244019138756,Hospital,Tier 1
HCO1361,Tien Giang,South,584,49,0.0839041095890411,Vax Center,Tier 2
HCO1362,Binh Duong,South,345,30,0.08695652173913043,Vax Center,Tier 2
HCO1363,Bac Ninh,North,313,30,0.09584664536741214,Vax Center,Tier 2
HCO1364,Hai Phong,North,265,24,0.09056603773584905,Vax Center,Tier 3
HCO1365,Binh Duong,South,474,50,0.10548523206751055,Vax Center,Tier 2
HCO1366,Hai Duong,North,674,66,0.09792284866468842,Vax Center,Tier 1
HCO1367,Hue,Central,345,36,0.10434782608695652,Vax Center,Tier 2
HCO1368,Long An,South,707,51,0.07213578500707214,Vax Center,Tier 1
HCO1369,Da Nang,Central,309,23,0.0744336569579288,Vax Center,Tier 2
HCO1370,Nghe An,Central,190,18,0.09473684210526316,Vax Center,Tier 3
HCO1371,Ha Tinh,Central,854,71,0.08313817330210772,Vax Center,Tier 1
HCO1372,Hai Phong,North,1425,120,0.08421052631578947,Hospital,Tier 1
HCO1373,Kien Giang,South,377,23,0.0610079575596817,Vax Center,Tier 2
HCO1374,Nam Dinh,North,187,18,0.0962566844919786,Vax Center,Tier 3
HCO1375,Hung Yen,North,414,36,0.08695652173913043,Vax Center,Tier 2
HCO1376,Vinh Phuc,North,288,17,0.059027777777777776,Vax Center,Tier 3
HCO1377,Kien Giang,South,311,31,0.09967845659163987,Vax Center,Tier 2
HCO1378,Quang Ninh,North,302,25,0.08278145695364239,Vax Center,Tier 2
HCO1379,Ho Chi Minh City,South,548,40,0.072992700729927,Vax Center,Tier 2
HCO1380,Khanh Hoa,South,413,28,0.06779661016949153,Vax Center,Tier 2
HCO1381,Binh Duong,South,577,60,0.10398613518197573,Hospital,Tier 2
HCO1382,Kien Giang,South,151,17,0.11258278145695365,Vax Center,Tier 3
HCO1383,Ho Chi Minh City,South,1152,103,0.08940972222222222,Hospital,Tier 1
HCO1384,Tien Giang,South,1297,104,0.08018504240555127,Vax Center,Tier 1
HCO1385,Bac Ninh,North,430,40,0.09302325581395349,Vax Center,Tier 2
HCO1386,Binh Duong,South,539,50,0.09276437847866419,Vax Center,Tier 2
HCO1387,Hue,Central,212,14,0.0660377358490566,Vax Center,Tier 3
HCO1388,Hue,Central,347,21,0.06051873198847262,Vax Center,Tier 2
HCO1389,Ba Ria - Vung Tau,South,240,23,0.09583333333333334,Vax Center,Tier 3
HCO1390,Kien Giang,South,401,36,0.08977556109725686,Vax Center,Tier 2
HCO1391,Khanh Hoa,South,1144,72,0.06293706293706294,Hospital,Tier 1
HCO1392,Quang Binh,Central,310,27,0.08709677419354839,Vax Center,Tier 3
HCO1393,Ha Tinh,Central,816,63,0.07720588235294118,Hospital,Tier 1
HCO1394,Nghe An,Central,1092,101,0.0924908424908425,Hospital,Tier 1
HCO1395,Thanh Hoa,Central,445,39,0.08764044943820225,Vax Center,Tier 2
HCO1396,Nghe An,Central,323,23,0.07120743034055728,Vax Center,Tier 2
HCO1397,Quang Ninh,North,132,14,0.10606060606060606,Vax Center,Tier 3
HCO1398,Quang Ninh,North,414,31,0.0748792270531401,Vax Center,Tier 2
HCO1399,Dong Nai,South,712,78,0.10955056179775281,Hospital,Tier 1
HCO1400,Ha Tinh,Central,618,51,0.0825242718446602,Hospital,Tier 2
HCO1401,Tien Giang,South,607,50,0.08237232289950576,Vax Center,Tier 2
HCO1402,Quang Ngai,Central,139,11,0.07913669064748201,Vax Center,Tier 3
HCO1403,Hanoi,North,108,5,0.046296296296296294,Vax Center,Tier 3
HCO1404,Hai Duong,North,194,17,0.08762886597938144,Vax Center,Tier 3
HCO1405,Hung Yen,North,334,25,0.0748502994011976,Vax Center,Tier 2
HCO1406,Kien Giang,South,244,30,0.12295081967213115,Vax Center,Tier 3
HCO1407,Thai Nguyen,North,189,19,0.10052910052910052,Vax Center,Tier 3
HCO1408,Quang Tri,Central,333,36,0.10810810810810811,Vax Center,Tier 2
HCO1409,Tien Giang,South,171,21,0.12280701754385964,Vax Center,Tier 3
HCO1410,Kien Giang,South,85,10,0.11764705882352941,Vax Center,Tier 3
HCO1411,Thai Nguyen,North,682,63,0.09237536656891496,Vax Center,Tier 2
HCO1412,Hai Phong,North,2067,195,0.09433962264150944,Hospital,Tier 1
HCO1413,Hai Duong,North,950,91,0.09578947368421052,Hospital,Tier 1
HCO1414,Hai Phong,North,503,30,0.05964214711729622,Vax Center,Tier 2
HCO1415,Hung Yen,North,396,42,0.10606060606060606,Vax Center,Tier 2
HCO1416,Da Nang,Central,228,19,0.08333333333333333,Vax Center,Tier 3
HCO1417,Long An,South,363,29,0.07988980716253444,Hospital,Tier 2
HCO1418,Hue,Central,104,7,0.0673076923076923,Vax Center,Tier 3
HCO1419,Quang Ngai,Central,262,25,0.09541984732824428,Vax Center,Tier 3
HCO1420,Hung Yen,North,385,45,0.11688311688311688,Vax Center,Tier 2
HCO1421,Binh Duong,South,611,57,0.09328968903436989,Vax Center,Tier 2
HCO1422,Quang Ngai,Central,779,73,0.09370988446726572,Hospital,Tier 1
HCO1423,Ho Chi Minh City,South,481,51,0.10602910602910603,Hospital,Tier 2
HCO1424,Can Tho,South,553,59,0.10669077757685352,Vax Center,Tier 2
HCO1425,Thanh Hoa,Central,480,37,0.07708333333333334,Hospital,Tier 2
HCO1426,Quang Ninh,North,417,46,0.11031175059952038,Vax Center,Tier 2
HCO1427,Thai Nguyen,North,302,37,0.12251655629139073,Vax Center,Tier 3
HCO1428,Ha Tinh,Central,346,30,0.08670520231213873,Vax Center,Tier 2
HCO1429,Can Tho,South,448,36,0.08035714285714286,Vax Center,Tier 2
HCO1430,Nghe An,Central,441,39,0.08843537414965986,Vax Center,Tier 2
HCO1431,Dong Nai,South,1255,121,0.09641434262948208,Vax Center,Tier 1
HCO1432,Hue,Central,149,10,0.06711409395973154,Vax Center,Tier 3
HCO1433,Hung Yen,North,149,16,0.10738255033557047,Vax Center,Tier 3
HCO1434,Ninh Binh,North,644,58,0.09006211180124224,Vax Center,Tier 1
HCO1435,Binh Dinh,Central,281,28,0.099644128113879,Vax Center,Tier 3
HCO1436,Binh Dinh,Central,231,14,0.06060606060606061,Vax Center,Tier 3
HCO1437,Ha Tinh,Central,354,32,0.0903954802259887,Vax Center,Tier 2
HCO1438,Thai Nguyen,North,281,24,0.08540925266903915,Vax Center,Tier 3
HCO1439,Lam Dong,South,106,6,0.05660377358490566,Vax Center,Tier 3
HCO1440,Hai Duong,North,614,50,0.08143322475570032,Vax Center,Tier 2
HCO1441,Tien Giang,South,723,76,0.10511756569847856,Vax Center,Tier 1
HCO1442,Hung Yen,North,1231,95,0.07717303005686434,Hospital,Tier 1
HCO1443,Quang Ninh,North,250,15,0.06,Hospital,Tier 3
HCO1444,Quang Binh,Central,590,50,0.0847457627118644,Vax Center,Tier 2
HCO1445,Quang Tri,Central,253,16,0.06324110671936758,Vax Center,Tier 3
HCO1446,Quang Tri,Central,519,38,0.07321772639691715,Vax Center,Tier 2
HCO1447,Ha Tinh,Central,248,22,0.08870967741935484,Vax Center,Tier 3
HCO1448,Kien Giang,South,479,35,0.07306889352818371,Vax Center,Tier 2
HCO1449,Quang Binh,Central,1277,97,0.0759592795614722,Vax Center,Tier 1
HCO1450,Quang Binh,Central,1349,127,0.09414381022979985,Hospital,Tier 1
HCO1451,Ha Tinh,Central,525,42,0.08,Vax Center,Tier 2
HCO1452,Hai Phong,North,820,66,0.08048780487804878,Hospital,Tier 1
HCO1453,Quang Nam,Central,258,13,0.050387596899224806,Vax Center,Tier 3
HCO1454,Thai Nguyen,North,312,32,0.10256410256410256,Vax Center,Tier 2
HCO1455,Quang Ngai,Central,755,78,0.10331125827814569,Hospital,Tier 1
HCO1456,Hai Phong,North,144,11,0.0763888888888889,Vax Center,Tier 3
HCO1457,Kien Giang,South,256,27,0.10546875,Vax Center,Tier 3
HCO1458,Quang Binh,Central,245,20,0.08163265306122448,Vax Center,Tier 3
HCO1459,Ba Ria - Vung Tau,South,376,38,0.10106382978723404,Vax Center,Tier 2
HCO1460,Quang Binh,Central,384,29,0.07552083333333333,Vax Center,Tier 2
HCO1461,Hai Phong,North,475,36,0.07578947368421053,Vax Center,Tier 2
HCO1462,Binh Duong,South,959,108,0.11261730969760167,Hospital,Tier 1
HCO1463,Binh Dinh,Central,678,67,0.09882005899705015,Vax Center,Tier 2
HCO1464,Dong Nai,South,1334,115,0.08620689655172414,Hospital,Tier 1
HCO1465,Ha Tinh,Central,215,24,0.11162790697674418,Vax Center,Tier 3
HCO1466,Quang Ngai,Central,406,39,0.0960591133004926,Vax Center,Tier 2
HCO1467,Ho Chi Minh City,South,582,61,0.10481099656357389,Vax Center,Tier 2
HCO1468,Quang Ngai,Central,345,38,0.11014492753623188,Vax Center,Tier 2
HCO1469,Thanh Hoa,Central,402,38,0.0945273631840796,Vax Center,Tier 2
HCO1470,Binh Dinh,Central,596,65,0.10906040268456375,Vax Center,Tier 2
HCO1471,Binh Dinh,Central,184,23,0.125,Vax Center,Tier 3
HCO1472,Can Tho,South,580,40,0.06896551724137931,Vax Center,Tier 2
HCO1473,Thanh Hoa,Central,438,41,0.09360730593607305,Hospital,Tier 2
HCO1474,Ha Tinh,Central,1656,153,0.09239130434782608,Hospital,Tier 1
HCO1475,Binh Duong,South,890,90,0.10112359550561797,Vax Center,Tier 1
HCO1476,Quang Tri,Central,765,73,0.09542483660130718,Hospital,Tier 1
HCO1477,Lam Dong,South,399,37,0.09273182957393483,Vax Center,Tier 2
HCO1478,Quang Binh,Central,843,80,0.09489916963226572,Vax Center,Tier 1
HCO1479,Hung Yen,North,564,39,0.06914893617021277,Vax Center,Tier 2
HCO1480,Dong Nai,South,226,19,0.084070796460177,Vax Center,Tier 3
HCO1481,Bac Ninh,North,147,10,0.06802721088435375,Vax Center,Tier 3
HCO1482,Hung Yen,North,146,17,0.11643835616438356,Vax Center,Tier 3
HCO1483,Quang Ngai,Central,189,16,0.08465608465608465,Vax Center,Tier 3
HCO1484,Dong Nai,South,442,46,0.10407239819004525,Vax Center,Tier 2
HCO1485,Ba Ria - Vung Tau,South,338,32,0.09467455621301775,Vax Center,Tier 2
HCO1486,Vinh Phuc,North,851,64,0.07520564042303172,Vax Center,Tier 1
HCO1487,Quang Ninh,North,383,21,0.05483028720626632,Vax Center,Tier 2
HCO1488,Can Tho,South,229,28,0.1222707423580786,Hospital,Tier 3
HCO1489,Hai Duong,North,465,50,0.10752688172043011,Vax Center,Tier 2
HCO1490,Hung Yen,North,166,18,0.10843373493975904,Vax Center,Tier 3
HCO1491,Vinh Phuc,North,690,59,0.08550724637681159,Hospital,Tier 1
HCO1492,Hue,Central,439,33,0.07517084282460136,Vax Center,Tier 2
HCO1493,Ba Ria - Vung Tau,South,77,3,0.03896103896103896,Vax Center,Tier 3
HCO1494,Dong Nai,South,146,12,0.0821917808219178,Vax Center,Tier 3
HCO1495,Khanh Hoa,South,1344,114,0.08482142857142858,Vax Center,Tier 1
HCO1496,Hung Yen,North,945,78,0.08253968253968254,Vax Center,Tier 1
HCO1497,Thanh Hoa,Central,2150,202,0.09395348837209302,Hospital,Tier 1
HCO1498,Quang Binh,Central,1982,177,0.08930373360242179,Hospital,Tier 1
HCO1499,Bac Ninh,North,1098,88,0.08014571948998178,Hospital,Tier 1
HCO1500,Vinh Phuc,North,649,58,0.08936825885978428,Vax Center,Tier 2
HCO1501,Nam Dinh,North,134,5,0.03731343283582089,Vax Center,Tier 3
HCO1502,Bac Ninh,North,437,29,0.06636155606407322,Hospital,Tier 2
HCO1503,Hue,Central,424,35,0.08254716981132075,Vax Center,Tier 2
HCO1504,Khanh Hoa,South,416,39,0.09375,Vax Center,Tier 2
HCO1505,Hai Phong,North,251,32,0.12749003984063745,Vax Center,Tier 3
HCO1506,Quang Binh,Central,511,54,0.10567514677103718,Vax Center,Tier 2
HCO1507,Dong Nai,South,1426,121,0.08485273492286115,Hospital,Tier 1
HCO1508,Dong Nai,South,430,36,0.08372093023255814,Vax Center,Tier 2
HCO1509,Binh Duong,South,234,23,0.09829059829059829,Vax Center,Tier 3
HCO1510,Ha Tinh,Central,757,55,0.0726552179656539,Vax Center,Tier 1
HCO1511,Binh Duong,South,551,43,0.0780399274047187,Vax Center,Tier 2
HCO1512,Thai Nguyen,North,158,8,0.05063291139240506,Vax Center,Tier 3
HCO1513,Thanh Hoa,Central,327,31,0.09480122324159021,Vax Center,Tier 2
HCO1514,Hung Yen,North,453,38,0.08388520971302428,Vax Center,Tier 2
HCO1515,Quang Binh,Central,885,74,0.08361581920903954,Vax Center,Tier 1
HCO1516,Nghe An,Central,461,46,0.09978308026030369,Vax Center,Tier 2
HCO1517,Thai Nguyen,North,669,48,0.07174887892376682,Vax Center,Tier 1
HCO1518,Dong Nai,South,224,22,0.09821428571428571,Vax Center,Tier 3
HCO1519,Nam Dinh,North,151,11,0.0728476821192053,Vax Center,Tier 3
HCO1520,Vinh Phuc,North,1449,104,0.07177363699102829,Hospital,Tier 1
HCO1521,Bac Ninh,North,1447,133,0.09191430545957152,Hospital,Tier 1
HCO1522,Ha Tinh,Central,168,12,0.07142857142857142,Vax Center,Tier 3
HCO1523,Nam Dinh,North,587,55,0.09369676320272573,Vax Center,Tier 2
HCO1524,Thanh Hoa,Central,919,70,0.07616974972796518,Vax Center,Tier 1
HCO1525,Thai Nguyen,North,274,20,0.072992700729927,Vax Center,Tier 3
HCO1526,Dong Nai,South,182,29,0.15934065934065933,Vax Center,Tier 3
HCO1527,Tien Giang,South,416,34,0.08173076923076923,Vax Center,Tier 2
HCO1528,Quang Binh,Central,419,32,0.07637231503579953,Vax Center,Tier 2
HCO1529,Binh Dinh,Central,176,21,0.11931818181818182,Vax Center,Tier 3
HCO1530,Ho Chi Minh City,South,531,52,0.09792843691148775,Vax Center,Tier 2
HCO1531,Kien Giang,South,547,43,0.07861060329067641,Vax Center,Tier 2
HCO1532,Quang Ngai,Central,301,23,0.07641196013289037,Vax Center,Tier 2
HCO1533,Ba Ria - Vung Tau,South,1196,115,0.09615384615384616,Hospital,Tier 1
HCO1534,Long An,South,243,17,0.06995884773662552,Vax Center,Tier 3
HCO1535,Dong Nai,South,428,53,0.12383177570093458,Vax Center,Tier 2
HCO1536,Quang Binh,Central,68,7,0.10294117647058823,Vax Center,Tier 3
HCO1537,Quang Ninh,North,962,86,0.0893970893970894,Hospital,Tier 1
HCO1538,Hanoi,North,610,65,0.10655737704918032,Vax Center,Tier 2
HCO1539,Quang Binh,Central,276,19,0.06884057971014493,Vax Center,Tier 3
HCO1540,Quang Binh,Central,429,45,0.1048951048951049,Vax Center,Tier 2
HCO1541,Nghe An,Central,384,37,0.09635416666666667,Vax Center,Tier 2
HCO1542,Da Nang,Central,389,40,0.10282776349614396,Vax Center,Tier 2
HCO1543,Da Nang,Central,325,30,0.09230769230769231,Vax Center,Tier 2
HCO1544,Binh Duong,South,426,34,0.07981220657276995,Vax Center,Tier 2
HCO1545,Quang Ninh,North,865,64,0.07398843930635839,Vax Center,Tier 1
HCO1546,Thai Nguyen,North,981,81,0.08256880733944955,Vax Center,Tier 1
HCO1547,Binh Duong,South,388,27,0.06958762886597938,Vax Center,Tier 2
HCO1548,Ho Chi Minh City,South,292,28,0.0958904109589041,Vax Center,Tier 2
HCO1549,Kien Giang,South,239,21,0.08786610878661087,Vax Center,Tier 3
HCO1550,Ho Chi Minh City,South,714,50,0.0700280112044818,Vax Center,Tier 1
HCO1551,Ba Ria - Vung Tau,South,309,27,0.08737864077669903,Vax Center,Tier 2
HCO1552,Nam Dinh,North,459,30,0.06535947712418301,Vax Center,Tier 2
HCO1553,Nghe An,Central,71,7,0.09859154929577464,Vax Center,Tier 3
HCO1554,Vinh Phuc,North,762,76,0.09973753280839895,Vax Center,Tier 1
HCO1555,Quang Ngai,Central,978,82,0.08384458077709611,Hospital,Tier 1
HCO1556,Tien Giang,South,1199,90,0.0750625521267723,Vax Center,Tier 1
HCO1557,Ninh Binh,North,522,41,0.07854406130268199,Hospital,Tier 2
HCO1558,Da Nang,Central,488,32,0.06557377049180328,Vax Center,Tier 2
HCO1559,Vinh Phuc,North,129,6,0.046511627906976744,Vax Center,Tier 3
HCO1560,Hung Yen,North,374,25,0.06684491978609626,Vax Center,Tier 2
HCO1561,Hung Yen,North,302,26,0.08609271523178808,Vax Center,Tier 2
HCO1562,Hai Phong,North,326,31,0.0950920245398773,Vax Center,Tier 2
HCO1563,Can Tho,South,334,24,0.0718562874251497,Hospital,Tier 2
HCO1564,Nghe An,Central,672,63,0.09375,Hospital,Tier 1
HCO1565,Binh Duong,South,609,45,0.07389162561576355,Vax Center,Tier 2
HCO1566,Khanh Hoa,South,445,51,0.1146067415730337,Vax Center,Tier 2
HCO1567,Hung Yen,North,342,18,0.05263157894736842,Vax Center,Tier 2
HCO1568,Hung Yen,North,230,21,0.09130434782608696,Vax Center,Tier 3
HCO1569,Binh Duong,South,427,42,0.09836065573770492,Vax Center,Tier 2
HCO1570,Vinh Phuc,North,345,38,0.11014492753623188,Vax Center,Tier 2
HCO1571,Long An,South,1070,89,0.08317757009345794,Hospital,Tier 1
HCO1572,Bac Ninh,North,288,23,0.0798611111111111,Vax Center,Tier 2
HCO1573,Khanh Hoa,South,313,30,0.09584664536741214,Vax Center,Tier 2
HCO1574,Binh Duong,South,644,45,0.06987577639751552,Vax Center,Tier 2
HCO1575,Thai Nguyen,North,221,17,0.07692307692307693,Vax Center,Tier 3
HCO1576,Vinh Phuc,North,33,3,0.09090909090909091,Vax Center,Tier 3
HCO1577,Kien Giang,South,907,74,0.08158765159867695,Hospital,Tier 1
HCO1578,Vinh Phuc,North,802,64,0.0798004987531172,Vax Center,Tier 1
HCO1579,Ha Tinh,Central,86,10,0.11627906976744186,Vax Center,Tier 3
HCO1580,Ha Tinh,Central,400,42,0.105,Vax Center,Tier 2
HCO1581,Thai Nguyen,North,128,14,0.109375,Vax Center,Tier 3
HCO1582,Dong Nai,South,441,38,0.08616780045351474,Vax Center,Tier 2
HCO1583,Dong Nai,South,368,43,0.11684782608695653,Vax Center,Tier 2
HCO1584,Nghe An,Central,693,47,0.06782106782106782,Vax Center,Tier 2
HCO1585,Binh Duong,South,197,20,0.10152284263959391,Vax Center,Tier 3
HCO1586,Hung Yen,North,491,48,0.09775967413441955,Vax Center,Tier 2
HCO1587,Hanoi,North,344,26,0.0755813953488372,Vax Center,Tier 2
HCO1588,Da Nang,Central,180,21,0.11666666666666667,Vax Center,Tier 3
HCO1589,Kien Giang,South,1359,149,0.10963944076526858,Vax Center,Tier 1
HCO1590,Hanoi,North,197,19,0.09644670050761421,Vax Center,Tier 3
HCO1591,Hung Yen,North,386,31,0.08031088082901554,Hospital,Tier 2
HCO1592,Quang Tri,Central,416,38,0.09134615384615384,Vax Center,Tier 2
HCO1593,Binh Duong,South,662,54,0.08157099697885196,Vax Center,Tier 2
HCO1594,Quang Ninh,North,527,43,0.08159392789373814,Vax Center,Tier 2
HCO1595,Nghe An,Central,347,33,0.09510086455331412,Vax Center,Tier 2
HCO1596,Dong Nai,South,1227,100,0.08149959250203749,Hospital,Tier 1
HCO1597,Thanh Hoa,Central,402,32,0.07960199004975124,Vax Center,Tier 2
HCO1598,Hung Yen,North,2349,223,0.09493401447424436,Hospital,Tier 1
HCO1599,Hung Yen,North,196,16,0.08163265306122448,Vax Center,Tier 3
HCO1600,Nghe An,Central,328,33,0.10060975609756098,Vax Center,Tier 2
HCO1601,Quang Binh,Central,291,28,0.09621993127147767,Vax Center,Tier 2
HCO1602,Ho Chi Minh City,South,258,23,0.08914728682170543,Vax Center,Tier 3
HCO1603,Binh Dinh,Central,620,55,0.08870967741935484,Vax Center,Tier 2
HCO1604,Khanh Hoa,South,844,79,0.09360189573459715,Vax Center,Tier 1
HCO1605,Kien Giang,South,1030,87,0.08446601941747572,Hospital,Tier 1
HCO1606,Nghe An,Central,425,36,0.08470588235294117,Vax Center,Tier 2
HCO1607,Nghe An,Central,617,46,0.07455429497568881,Vax Center,Tier 2
HCO1608,Long An,South,514,46,0.08949416342412451,Vax Center,Tier 2
HCO1609,Thai Nguyen,North,225,20,0.08888888888888889,Vax Center,Tier 3
HCO1610,Lam Dong,South,483,52,0.10766045548654245,Vax Center,Tier 2
HCO1611,Dong Nai,South,325,20,0.06153846153846154,Vax Center,Tier 2
HCO1612,Quang Ninh,North,378,38,0.10052910052910052,Vax Center,Tier 2
HCO1613,Quang Binh,Central,400,36,0.09,Vax Center,Tier 2
HCO1614,Hung Yen,North,494,43,0.08704453441295547,Vax Center,Tier 2
HCO1615,Hung Yen,North,234,23,0.09829059829059829,Vax Center,Tier 3
HCO1616,Quang Binh,Central,170,12,0.07058823529411765,Vax Center,Tier 3
HCO1617,Vinh Phuc,North,350,32,0.09142857142857143,Vax Center,Tier 2
HCO1618,Binh Duong,South,97,6,0.061855670103092786,Vax Center,Tier 3
HCO1619,Long An,South,264,32,0.12121212121212122,Vax Center,Tier 2
HCO1620,Binh Duong,South,775,83,0.10709677419354839,Hospital,Tier 1
HCO1621,Vinh Phuc,North,802,77,0.09600997506234414,Vax Center,Tier 1
HCO1622,Vinh Phuc,North,142,17,0.11971830985915492,Vax Center,Tier 3
HCO1623,Thai Nguyen,North,88,6,0.06818181818181818,Vax Center,Tier 3
HCO1624,Bac Ninh,North,880,81,0.09204545454545454,Vax Center,Tier 1
HCO1625,Tien Giang,South,666,53,0.07957957957957958,Hospital,Tier 2
HCO1626,Nghe An,Central,317,20,0.06309148264984227,Vax Center,Tier 3
HCO1627,Thai Nguyen,North,1663,151,0.09079975947083584,Hospital,Tier 1
HCO1628,Ho Chi Minh City,South,404,30,0.07425742574257425,Vax Center,Tier 2
HCO1629,Nghe An,Central,151,10,0.06622516556291391,Vax Center,Tier 3
HCO1630,Hanoi,North,425,25,0.058823529411764705,Vax Center,Tier 2
HCO1631,Hai Duong,North,190,11,0.05789473684210526,Vax Center,Tier 3
HCO1632,Quang Ngai,Central,688,60,0.0872093023255814,Vax Center,Tier 2
HCO1633,Dong Nai,South,212,12,0.05660377358490566,Vax Center,Tier 3
HCO1634,Hung Yen,North,717,63,0.08786610878661087,Vax Center,Tier 1
HCO1635,Long An,South,226,17,0.0752212389380531,Vax Center,Tier 3
HCO1636,Ho Chi Minh City,South,267,37,0.13857677902621723,Vax Center,Tier 3
HCO1637,Ho Chi Minh City,South,394,31,0.07868020304568528,Vax Center,Tier 2
HCO1638,Thai Nguyen,North,129,16,0.12403100775193798,Vax Center,Tier 3
HCO1639,Hai Phong,North,244,24,0.09836065573770492,Vax Center,Tier 3
HCO1640,Ho Chi Minh City,South,234,13,0.05555555555555555,Vax Center,Tier 3
HCO1641,Nam Dinh,North,638,49,0.0768025078369906,Vax Center,Tier 2
HCO1642,Quang Ngai,Central,192,22,0.11458333333333333,Vax Center,Tier 3
HCO1643,Dong Nai,South,345,37,0.1072463768115942,Vax Center,Tier 2
HCO1644,Bac Ninh,North,679,61,0.0898379970544919,Vax Center,Tier 2
HCO1645,Dong Nai,South,399,34,0.08521303258145363,Hospital,Tier 2
HCO1646,Tien Giang,South,712,58,0.08146067415730338,Vax Center,Tier 1
HCO1647,Lam Dong,South,290,24,0.08275862068965517,Vax Center,Tier 3
HCO1648,Ha Tinh,Central,755,62,0.08211920529801324,Vax Center,Tier 1
HCO1649,Ho Chi Minh City,South,146,15,0.10273972602739725,Vax Center,Tier 3
HCO1650,Quang Tri,Central,385,44,0.11428571428571428,Vax Center,Tier 2
HCO1651,Dong Nai,South,170,16,0.09411764705882353,Vax Center,Tier 3
HCO1652,Binh Duong,South,190,15,0.07894736842105263,Vax Center,Tier 3
HCO1653,Dong Nai,South,210,18,0.08571428571428572,Vax Center,Tier 3
HCO1654,Vinh Phuc,North,179,19,0.10614525139664804,Vax Center,Tier 3
HCO1655,Bac Ninh,North,155,8,0.05161290322580645,Vax Center,Tier 3
HCO1656,Thai Nguyen,North,329,35,0.10638297872340426,Vax Center,Tier 2
HCO1657,Quang Tri,Central,143,19,0.13286713286713286,Vax Center,Tier 3
HCO1658,Quang Tri,Central,153,18,0.11764705882352941,Vax Center,Tier 3
HCO1659,Da Nang,Central,1079,119,0.1102873030583874,Vax Center,Tier 1
HCO1660,Nghe An,Central,829,68,0.08202653799758745,Vax Center,Tier 1
HCO1661,Dong Nai,South,767,70,0.09126466753585398,Hospital,Tier 1
HCO1662,Long An,South,225,13,0.057777777777777775,Vax Center,Tier 3
HCO1663,Thai Nguyen,North,465,49,0.1053763440860215,Vax Center,Tier 2
HCO1664,Lam Dong,South,711,64,0.090014064697609,Vax Center,Tier 1
HCO1665,Khanh Hoa,South,630,62,0.09841269841269841,Vax Center,Tier 2
HCO1666,Quang Tri,Central,565,48,0.08495575221238938,Vax Center,Tier 2
HCO1667,Hung Yen,North,552,50,0.09057971014492754,Vax Center,Tier 2
HCO1668,Binh Duong,South,216,28,0.12962962962962962,Vax Center,Tier 3
HCO1669,Can Tho,South,625,56,0.0896,Hospital,Tier 2
HCO1670,Lam Dong,South,316,38,0.12025316455696203,Vax Center,Tier 2
HCO1671,Long An,South,341,29,0.08504398826979472,Vax Center,Tier 2
HCO1672,Kien Giang,South,446,32,0.07174887892376682,Vax Center,Tier 2
HCO1673,Thanh Hoa,Central,306,42,0.13725490196078433,Vax Center,Tier 2
HCO1674,Quang Ngai,Central,412,49,0.11893203883495146,Vax Center,Tier 2
HCO1675,Quang Binh,Central,379,38,0.10026385224274406,Vax Center,Tier 2
HCO1676,Kien Giang,South,270,25,0.09259259259259259,Vax Center,Tier 3
HCO1677,Quang Ninh,North,611,64,0.10474631751227496,Vax Center,Tier 2
HCO1678,Nghe An,Central,161,14,0.08695652173913043,Vax Center,Tier 3
HCO1679,Ho Chi Minh City,South,605,51,0.08429752066115702,Hospital,Tier 2
HCO1680,Vinh Phuc,North,395,41,0.10379746835443038,Vax Center,Tier 2
HCO1681,Dong Nai,South,245,23,0.09387755102040816,Vax Center,Tier 3
HCO1682,Nghe An,Central,537,71,0.13221601489757914,Vax Center,Tier 2
HCO1683,Kien Giang,South,198,19,0.09595959595959595,Vax Center,Tier 3
HCO1684,Ba Ria - Vung Tau,South,767,73,0.09517601043024772,Hospital,Tier 1
HCO1685,Nam Dinh,North,841,67,0.07966706302021404,Vax Center,Tier 1
HCO1686,Dong Nai,South,237,19,0.08016877637130802,Vax Center,Tier 3
HCO1687,Ninh Binh,North,933,81,0.08681672025723473,Vax Center,Tier 1
HCO1688,Quang Ngai,Central,365,45,0.1232876712328767,Vax Center,Tier 2
HCO1689,Binh Dinh,Central,442,44,0.09954751131221719,Vax Center,Tier 2
HCO1690,Binh Duong,South,953,85,0.08919202518363065,Vax Center,Tier 1
HCO1691,Hanoi,North,311,26,0.08360128617363344,Vax Center,Tier 2
HCO1692,Thai Nguyen,North,409,33,0.08068459657701711,Vax Center,Tier 2
HCO1693,Khanh Hoa,South,1471,120,0.08157715839564922,Hospital,Tier 1
HCO1694,Da Nang,Central,372,37,0.09946236559139784,Vax Center,Tier 2
HCO1695,Quang Binh,Central,516,59,0.11434108527131782,Vax Center,Tier 2
HCO1696,Hai Phong,North,449,44,0.09799554565701558,Vax Center,Tier 2
HCO1697,Thanh Hoa,Central,581,67,0.1153184165232358,Vax Center,Tier 2
HCO1698,Ho Chi Minh City,South,299,31,0.10367892976588629,Vax Center,Tier 2
HCO1699,Hanoi,North,157,18,0.11464968152866242,Vax Center,Tier 3
HCO1700,Nghe An,Central,128,9,0.0703125,Vax Center,Tier 3
HCO1701,Can Tho,South,332,29,0.08734939759036145,Vax Center,Tier 2
HCO1702,Hai Phong,North,220,23,0.10454545454545454,Vax Center,Tier 3
HCO1703,Dong Nai,South,594,49,0.08249158249158249,Vax Center,Tier 2
HCO1704,Thai Nguyen,North,943,90,0.09544008483563096,Vax Center,Tier 1
HCO1705,Ho Chi Minh City,South,2249,206,0.09159626500666963,Hospital,Tier 1
HCO1706,Dong Nai,South,268,22,0.08208955223880597,Vax Center,Tier 3
HCO1707,Ba Ria - Vung Tau,South,276,33,0.11956521739130435,Vax Center,Tier 3
HCO1708,Hung Yen,North,194,17,0.08762886597938144,Vax Center,Tier 3
HCO1709,Hue,Central,1431,135,0.09433962264150944,Vax Center,Tier 1
HCO1710,Dong Nai,South,1388,121,0.08717579250720461,Hospital,Tier 1
HCO1711,Thai Nguyen,North,361,25,0.06925207756232687,Vax Center,Tier 2
HCO1712,Thai Nguyen,North,569,66,0.11599297012302284,Vax Center,Tier 2
HCO1713,Hanoi,North,531,32,0.060263653483992465,Hospital,Tier 2
HCO1714,Can Tho,South,209,19,0.09090909090909091,Vax Center,Tier 3
HCO1715,Khanh Hoa,South,2000,187,0.0935,Hospital,Tier 1
HCO1716,Quang Ngai,Central,134,16,0.11940298507462686,Vax Center,Tier 3
HCO1717,Lam Dong,South,593,61,0.10286677908937605,Vax Center,Tier 2
HCO1718,Hue,Central,244,15,0.06147540983606557,Vax Center,Tier 2
HCO1719,Quang Binh,Central,575,52,0.09043478260869565,Vax Center,Tier 2
HCO1720,Ha Tinh,Central,306,28,0.0915032679738562,Hospital,Tier 2
HCO1721,Quang Ngai,Central,1714,163,0.09509918319719954,Vax Center,Tier 1
HCO1722,Hung Yen,North,294,26,0.08843537414965986,Vax Center,Tier 3
HCO1723,Ba Ria - Vung Tau,South,301,27,0.08970099667774087,Vax Center,Tier 2
HCO1724,Binh Duong,South,496,37,0.07459677419354839,Hospital,Tier 2
HCO1725,Thanh Hoa,Central,191,16,0.08376963350785341,Vax Center,Tier 3
HCO1726,Da Nang,Central,171,17,0.09941520467836257,Hospital,Tier 3
HCO1727,Bac Ninh,North,1074,86,0.08007448789571694,Vax Center,Tier 1
HCO1728,Kien Giang,South,1271,118,0.09284028324154209,Hospital,Tier 1
HCO1729,Long An,South,533,63,0.11819887429643527,Vax Center,Tier 2
HCO1730,Long An,South,1307,146,0.1117061973986228,Hospital,Tier 1
HCO1731,Ninh Binh,North,318,40,0.12578616352201258,Vax Center,Tier 2
HCO1732,Hai Duong,North,313,36,0.11501597444089456,Vax Center,Tier 2
HCO1733,Hung Yen,North,238,27,0.1134453781512605,Vax Center,Tier 3
HCO1734,Quang Ninh,North,762,84,0.11023622047244094,Vax Center,Tier 1
HCO1735,Bac Ninh,North,394,39,0.09898477157360407,Vax Center,Tier 2
HCO1736,Quang Ninh,North,385,35,0.09090909090909091,Vax Center,Tier 2
HCO1737,Kien Giang,South,104,9,0.08653846153846154,Vax Center,Tier 3
HCO1738,Quang Ninh,North,359,32,0.08913649025069638,Vax Center,Tier 2
HCO1739,Bac Ninh,North,167,13,0.07784431137724551,Vax Center,Tier 3
HCO1740,Binh Duong,South,1664,143,0.0859375,Hospital,Tier 1
HCO1741,Da Nang,Central,324,26,0.08024691358024691,Vax Center,Tier 2
HCO1742,Dong Nai,South,579,47,0.08117443868739206,Vax Center,Tier 2
HCO1743,Quang Ngai,Central,1038,118,0.11368015414258188,Vax Center,Tier 1
HCO1744,Ba Ria - Vung Tau,South,548,50,0.09124087591240876,Vax Center,Tier 2
HCO1745,Quang Ngai,Central,304,31,0.10197368421052631,Hospital,Tier 2
HCO1746,Quang Tri,Central,2223,220,0.09896536212325686,Hospital,Tier 1
HCO1747,Khanh Hoa,South,813,72,0.08856088560885608,Hospital,Tier 1
HCO1748,Ha Tinh,Central,1045,103,0.09856459330143541,Hospital,Tier 1
HCO1749,Ninh Binh,North,488,37,0.07581967213114754,Vax Center,Tier 2
HCO1750,Quang Binh,Central,463,35,0.0755939524838013,Vax Center,Tier 2
HCO1751,Hung Yen,North,128,11,0.0859375,Vax Center,Tier 3
HCO1752,Binh Duong,South,410,39,0.0951219512195122,Hospital,Tier 2
HCO1753,Vinh Phuc,North,419,51,0.12171837708830549,Vax Center,Tier 2
HCO1754,Hai Duong,North,1575,136,0.08634920634920636,Hospital,Tier 1
HCO1755,Thai Nguyen,North,385,38,0.0987012987012987,Vax Center,Tier 2
HCO1756,Ho Chi Minh City,South,1241,123,0.0991136180499597,Hospital,Tier 1
HCO1757,Ninh Binh,North,137,13,0.0948905109489051,Vax Center,Tier 3
HCO1758,Khanh Hoa,South,342,27,0.07894736842105263,Vax Center,Tier 2
HCO1759,Ho Chi Minh City,South,379,36,0.09498680738786279,Vax Center,Tier 2
HCO1760,Quang Ninh,North,362,37,0.10220994475138122,Vax Center,Tier 2
HCO1761,Dong Nai,South,592,47,0.07939189189189189,Vax Center,Tier 2
HCO1762,Nam Dinh,North,589,59,0.100169779286927,Vax Center,Tier 2
HCO1763,Hung Yen,North,911,88,0.09659714599341383,Hospital,Tier 1
HCO1764,Khanh Hoa,South,709,52,0.07334273624823695,Vax Center,Tier 1
HCO1765,Long An,South,403,32,0.0794044665012407,Vax Center,Tier 2
HCO1766,Vinh Phuc,North,476,40,0.08403361344537816,Vax Center,Tier 2
HCO1767,Da Nang,Central,1241,109,0.08783239323126511,Hospital,Tier 1
HCO1768,Vinh Phuc,North,221,23,0.10407239819004525,Vax Center,Tier 3
HCO1769,Da Nang,Central,115,11,0.09565217391304348,Vax Center,Tier 3
HCO1770,Quang Ngai,Central,376,37,0.09840425531914894,Vax Center,Tier 2
HCO1771,Quang Ngai,Central,156,16,0.10256410256410256,Vax Center,Tier 3
HCO1772,Quang Ngai,Central,348,44,0.12643678160919541,Vax Center,Tier 2
HCO1773,Bac Ninh,North,464,36,0.07758620689655173,Vax Center,Tier 2
HCO1774,Khanh Hoa,South,570,48,0.08421052631578947,Vax Center,Tier 2
HCO1775,Binh Dinh,Central,244,21,0.0860655737704918,Vax Center,Tier 3
HCO1776,Khanh Hoa,South,289,27,0.09342560553633218,Vax Center,Tier 3
HCO1777,Quang Ninh,North,378,33,0.0873015873015873,Hospital,Tier 2
HCO1778,Ha Tinh,Central,469,45,0.09594882729211088,Vax Center,Tier 2
HCO1779,Nghe An,Central,463,29,0.06263498920086392,Vax Center,Tier 2
HCO1780,Quang Ninh,North,109,6,0.05504587155963303,Vax Center,Tier 3
HCO1781,Thai Nguyen,North,108,10,0.09259259259259259,Vax Center,Tier 3
HCO1782,Ha Tinh,Central,886,85,0.09593679458239278,Vax Center,Tier 1
HCO1783,Lam Dong,South,147,7,0.047619047619047616,Vax Center,Tier 3
HCO1784,Thai Nguyen,North,502,48,0.09561752988047809,Vax Center,Tier 2
HCO1785,Binh Duong,South,984,73,0.0741869918699187,Vax Center,Tier 1
HCO1786,Hue,Central,184,17,0.09239130434782608,Vax Center,Tier 3
HCO1787,Dong Nai,South,501,57,0.11377245508982035,Vax Center,Tier 2
HCO1788,Quang Binh,Central,254,19,0.07480314960629922,Vax Center,Tier 3
HCO1789,Quang Binh,Central,849,70,0.08244994110718493,Vax Center,Tier 1
HCO1790,Quang Ngai,Central,374,40,0.10695187165775401,Vax Center,Tier 2
HCO1791,Long An,South,303,23,0.07590759075907591,Vax Center,Tier 2
HCO1792,Quang Binh,Central,837,72,0.08602150537634409,Vax Center,Tier 1
HCO1793,Quang Tri,Central,322,24,0.07453416149068323,Vax Center,Tier 2
HCO1794,Quang Ngai,Central,505,39,0.07722772277227723,Hospital,Tier 2
HCO1795,Lam Dong,South,256,28,0.109375,Vax Center,Tier 3
HCO1796,Quang Ninh,North,291,28,0.09621993127147767,Vax Center,Tier 3
HCO1797,Quang Tri,Central,555,47,0.08468468468468468,Vax Center,Tier 2
HCO1798,Quang Binh,Central,248,25,0.10080645161290322,Vax Center,Tier 3
HCO1799,Long An,South,143,9,0.06293706293706294,Vax Center,Tier 3
HCO1800,Quang Binh,Central,382,37,0.0968586387434555,Vax Center,Tier 2
HCO1801,Quang Binh,Central,131,12,0.0916030534351145,Vax Center,Tier 3
HCO1802,Kien Giang,South,309,31,0.10032362459546926,Vax Center,Tier 2
HCO1803,Ha Tinh,Central,431,35,0.08120649651972157,Vax Center,Tier 2
HCO1804,Hung Yen,North,105,7,0.06666666666666667,Vax Center,Tier 3
HCO1805,Hung Yen,North,309,28,0.09061488673139159,Vax Center,Tier 2
HCO1806,Quang Ninh,North,106,7,0.0660377358490566,Vax Center,Tier 3
HCO1807,Hanoi,North,260,13,0.05,Vax Center,Tier 3
HCO1808,Ha Tinh,Central,679,45,0.0662739322533137,Vax Center,Tier 1
HCO1809,Dong Nai,South,1530,163,0.1065359477124183,Vax Center,Tier 1
HCO1810,Lam Dong,South,633,43,0.0679304897314376,Vax Center,Tier 2
HCO1811,Hanoi,North,347,34,0.09798270893371758,Vax Center,Tier 2
HCO1812,Da Nang,Central,462,42,0.09090909090909091,Hospital,Tier 2
HCO1813,Hai Duong,North,282,23,0.08156028368794327,Hospital,Tier 3
HCO1814,Tien Giang,South,441,34,0.07709750566893424,Vax Center,Tier 2
HCO1815,Hai Duong,North,330,35,0.10606060606060606,Vax Center,Tier 2
HCO1816,Quang Ngai,Central,1469,124,0.08441116405718176,Vax Center,Tier 1
HCO1817,Ninh Binh,North,391,32,0.08184143222506395,Vax Center,Tier 2
HCO1818,Quang Ngai,Central,792,86,0.10858585858585859,Vax Center,Tier 1
HCO1819,Nghe An,Central,668,59,0.08832335329341318,Vax Center,Tier 1
HCO1820,Dong Nai,South,178,20,0.11235955056179775,Vax Center,Tier 3
HCO1821,Thai Nguyen,North,312,23,0.07371794871794872,Vax Center,Tier 2
HCO1822,Long An,South,174,16,0.09195402298850575,Vax Center,Tier 3
HCO1823,Quang Binh,Central,489,38,0.07770961145194274,Vax Center,Tier 2
HCO1824,Dong Nai,South,316,24,0.0759493670886076,Vax Center,Tier 2
HCO1825,Ho Chi Minh City,South,1783,158,0.0886146943353898,Vax Center,Tier 1
HCO1826,Kien Giang,South,257,26,0.10116731517509728,Vax Center,Tier 3
HCO1827,Thai Nguyen,North,457,47,0.10284463894967177,Vax Center,Tier 2
HCO1828,Vinh Phuc,North,538,41,0.0762081784386617,Vax Center,Tier 2
HCO1829,Thai Nguyen,North,262,18,0.06870229007633588,Vax Center,Tier 3
HCO1830,Vinh Phuc,North,500,56,0.112,Vax Center,Tier 2
HCO1831,Da Nang,Central,203,15,0.07389162561576355,Vax Center,Tier 3
HCO1832,Kien Giang,South,415,37,0.0891566265060241,Vax Center,Tier 2
HCO1833,Kien Giang,South,488,37,0.07581967213114754,Vax Center,Tier 2
HCO1834,Quang Tri,Central,353,35,0.09915014164305949,Vax Center,Tier 2
HCO1835,Quang Ngai,Central,504,45,0.08928571428571429,Vax Center,Tier 2
HCO1836,Ho Chi Minh City,South,1062,117,0.11016949152542373,Vax Center,Tier 1
HCO1837,Tien Giang,South,674,53,0.07863501483679525,Vax Center,Tier 2
HCO1838,Hung Yen,North,409,34,0.08312958435207823,Vax Center,Tier 2
HCO1839,Quang Tri,Central,260,28,0.1076923076923077,Vax Center,Tier 3
HCO1840,Binh Duong,South,291,26,0.08934707903780069,Vax Center,Tier 3
HCO1841,Nam Dinh,North,503,37,0.073558648111332,Vax Center,Tier 2
HCO1842,Ha Tinh,Central,511,60,0.11741682974559686,Vax Center,Tier 2
HCO1843,Kien Giang,South,114,4,0.03508771929824561,Vax Center,Tier 3
HCO1844,Kien Giang,South,372,22,0.05913978494623656,Vax Center,Tier 2
HCO1845,Long An,South,207,25,0.12077294685990338,Vax Center,Tier 3
HCO1846,Binh Duong,South,81,6,0.07407407407407407,Vax Center,Tier 3
HCO1847,Vinh Phuc,North,93,5,0.053763440860215055,Vax Center,Tier 3
HCO1848,Ninh Binh,North,113,8,0.07079646017699115,Vax Center,Tier 3
HCO1849,Hue,Central,275,20,0.07272727272727272,Vax Center,Tier 3
HCO1850,Da Nang,Central,240,21,0.0875,Vax Center,Tier 3
HCO1851,Quang Tri,Central,291,25,0.0859106529209622,Vax Center,Tier 3
HCO1852,Quang Ngai,Central,601,55,0.09151414309484193,Vax Center,Tier 2
HCO1853,Nghe An,Central,625,54,0.0864,Vax Center,Tier 2
HCO1854,Dong Nai,South,268,20,0.07462686567164178,Vax Center,Tier 3
HCO1855,Ninh Binh,North,139,16,0.11510791366906475,Vax Center,Tier 3
HCO1856,Ninh Binh,North,559,41,0.07334525939177101,Vax Center,Tier 2
HCO1857,Bac Ninh,North,295,20,0.06779661016949153,Vax Center,Tier 2
HCO1858,Hung Yen,North,1241,121,0.09750201450443191,Hospital,Tier 1
HCO1859,Ho Chi Minh City,South,1812,167,0.09216335540838852,Hospital,Tier 1
HCO1860,Ha Tinh,Central,201,11,0.05472636815920398,Vax Center,Tier 3
HCO1861,Thai Nguyen,North,463,41,0.08855291576673865,Vax Center,Tier 2
HCO1862,Dong Nai,South,213,24,0.11267605633802817,Vax Center,Tier 3
HCO1863,Da Nang,Central,583,57,0.09777015437392796,Vax Center,Tier 2
HCO1864,Hanoi,North,591,48,0.08121827411167512,Vax Center,Tier 2
HCO1865,Nam Dinh,North,652,51,0.07822085889570553,Hospital,Tier 2
HCO1866,Hung Yen,North,183,16,0.08743169398907104,Vax Center,Tier 3
HCO1867,Binh Dinh,Central,804,64,0.07960199004975124,Vax Center,Tier 1
HCO1868,Vinh Phuc,North,534,58,0.10861423220973783,Vax Center,Tier 2
HCO1869,Hai Phong,North,714,58,0.08123249299719888,Hospital,Tier 1
HCO1870,Hai Phong,North,717,48,0.06694560669456066,Vax Center,Tier 1
HCO1871,Da Nang,Central,238,16,0.06722689075630252,Vax Center,Tier 3
HCO1872,Hanoi,North,529,54,0.10207939508506617,Vax Center,Tier 2
HCO1873,Ho Chi Minh City,South,472,36,0.07627118644067797,Vax Center,Tier 2
HCO1874,Hai Duong,North,483,40,0.08281573498964803,Vax Center,Tier 2
HCO1875,Quang Ngai,Central,369,41,0.1111111111111111,Vax Center,Tier 2
HCO1876,Ha Tinh,Central,399,30,0.07518796992481203,Vax Center,Tier 2
HCO1877,Ha Tinh,Central,748,64,0.0855614973262032,Hospital,Tier 1
HCO1878,Quang Ninh,North,195,14,0.07179487179487179,Vax Center,Tier 3
HCO1879,Binh Duong,South,275,22,0.08,Vax Center,Tier 3
HCO1880,Ba Ria - Vung Tau,South,1292,73,0.0565015479876161,Vax Center,Tier 1
HCO1881,Hanoi,North,392,31,0.07908163265306123,Vax Center,Tier 2
HCO1882,Hung Yen,North,297,31,0.10437710437710437,Vax Center,Tier 2
HCO1883,Long An,South,247,24,0.09716599190283401,Vax Center,Tier 3
HCO1884,Hue,Central,594,65,0.10942760942760943,Vax Center,Tier 2
HCO1885,Bac Ninh,North,128,15,0.1171875,Vax Center,Tier 3
HCO1886,Hung Yen,North,416,38,0.09134615384615384,Vax Center,Tier 2
HCO1887,Binh Dinh,Central,742,68,0.09164420485175202,Vax Center,Tier 1
HCO1888,Lam Dong,South,317,27,0.08517350157728706,Vax Center,Tier 2
HCO1889,Quang Ngai,Central,612,50,0.08169934640522876,Vax Center,Tier 2
HCO1890,Can Tho,South,671,61,0.09090909090909091,Vax Center,Tier 2
HCO1891,Quang Binh,Central,480,59,0.12291666666666666,Vax Center,Tier 2
HCO1892,Vinh Phuc,North,436,48,0.11009174311926606,Vax Center,Tier 2
HCO1893,Quang Binh,Central,1065,98,0.09201877934272301,Hospital,Tier 1
HCO1894,Thanh Hoa,Central,500,43,0.086,Hospital,Tier 2
HCO1895,Thai Nguyen,North,431,24,0.05568445475638051,Hospital,Tier 2
HCO1896,Hai Phong,North,2306,221,0.095836947094536,Vax Center,Tier 1
HCO1897,Thanh Hoa,Central,899,77,0.08565072302558398,Vax Center,Tier 1
HCO1898,Khanh Hoa,South,603,50,0.08291873963515754,Vax Center,Tier 2
HCO1899,Hanoi,North,350,35,0.1,Vax Center,Tier 2
HCO1900,Ha Tinh,Central,336,27,0.08035714285714286,Vax Center,Tier 2
HCO1901,Binh Dinh,Central,1393,102,0.0732232591529074,Hospital,Tier 1
HCO1902,Quang Ngai,Central,467,29,0.06209850107066381,Vax Center,Tier 2
HCO1903,Dong Nai,South,748,67,0.08957219251336898,Vax Center,Tier 1
HCO1904,Binh Duong,South,886,77,0.08690744920993228,Vax Center,Tier 1
HCO1905,Khanh Hoa,South,741,81,0.10931174089068826,Vax Center,Tier 2
HCO1906,Quang Ninh,North,199,12,0.06030150753768844,Vax Center,Tier 3
HCO1907,Quang Binh,Central,396,29,0.07323232323232323,Vax Center,Tier 2
HCO1908,Quang Ngai,Central,230,16,0.06956521739130435,Vax Center,Tier 3
HCO1909,Thai Nguyen,North,150,13,0.08666666666666667,Vax Center,Tier 3
HCO1910,Hai Phong,North,313,20,0.06389776357827476,Vax Center,Tier 2
HCO1911,Thai Nguyen,North,603,52,0.08623548922056384,Vax Center,Tier 2
HCO1912,Ha Tinh,Central,644,49,0.07608695652173914,Vax Center,Tier 2
HCO1913,Nghe An,Central,517,52,0.10058027079303675,Vax Center,Tier 2
HCO1914,Hung Yen,North,587,52,0.08858603066439523,Vax Center,Tier 2
HCO1915,Binh Duong,South,186,14,0.07526881720430108,Vax Center,Tier 3
HCO1916,Long An,South,361,31,0.08587257617728532,Vax Center,Tier 2
HCO1917,Hung Yen,North,683,62,0.09077598828696926,Hospital,Tier 1
HCO1918,Long An,South,247,24,0.09716599190283401,Vax Center,Tier 3
HCO1919,Hanoi,North,119,7,0.058823529411764705,Vax Center,Tier 3
HCO1920,Long An,South,673,62,0.09212481426448738,Vax Center,Tier 2
HCO1921,Can Tho,South,239,15,0.06276150627615062,Vax Center,Tier 3
HCO1922,Hanoi,North,3101,292,0.09416317316994519,Hospital,Tier 1
HCO1923,Dong Nai,South,440,42,0.09545454545454546,Vax Center,Tier 2
HCO1924,Kien Giang,South,686,65,0.09475218658892129,Vax Center,Tier 1
HCO1925,Long An,South,210,18,0.08571428571428572,Vax Center,Tier 3
HCO1926,Kien Giang,South,1003,96,0.09571286141575275,Hospital,Tier 1
HCO1927,Da Nang,Central,248,26,0.10483870967741936,Vax Center,Tier 3
HCO1928,Quang Ninh,North,365,39,0.10684931506849316,Vax Center,Tier 2
HCO1929,Ho Chi Minh City,South,135,12,0.08888888888888889,Vax Center,Tier 3
HCO1930,Quang Ngai,Central,438,48,0.1095890410958904,Vax Center,Tier 2
HCO1931,Quang Ngai,Central,261,34,0.13026819923371646,Vax Center,Tier 3
HCO1932,Nghe An,Central,145,7,0.04827586206896552,Vax Center,Tier 3
HCO1933,Da Nang,Central,910,83,0.0912087912087912,Vax Center,Tier 1
HCO1934,Hai Duong,North,208,24,0.11538461538461539,Vax Center,Tier 3
HCO1935,Lam Dong,South,235,19,0.08085106382978724,Vax Center,Tier 3
HCO1936,Quang Ninh,North,262,26,0.09923664122137404,Vax Center,Tier 3
HCO1937,Lam Dong,South,809,54,0.06674907292954264,Vax Center,Tier 1
HCO1938,Ho Chi Minh City,South,571,49,0.08581436077057793,Vax Center,Tier 2
HCO1939,Quang Binh,Central,212,22,0.10377358490566038,Hospital,Tier 3
HCO1940,Quang Tri,Central,421,34,0.08076009501187649,Vax Center,Tier 2
HCO1941,Nam Dinh,North,1610,137,0.08509316770186336,Hospital,Tier 1
HCO1942,Kien Giang,South,229,21,0.09170305676855896,Vax Center,Tier 3
HCO1943,Lam Dong,South,243,18,0.07407407407407407,Vax Center,Tier 3
HCO1944,Thanh Hoa,Central,302,20,0.06622516556291391,Vax Center,Tier 2
HCO1945,Hung Yen,North,806,90,0.11166253101736973,Vax Center,Tier 1
HCO1946,Thai Nguyen,North,318,29,0.09119496855345911,Vax Center,Tier 2
HCO1947,Quang Binh,Central,58,4,0.06896551724137931,Vax Center,Tier 3
HCO1948,Tien Giang,South,589,44,0.07470288624787776,Vax Center,Tier 2
HCO1949,Lam Dong,South,1070,96,0.08971962616822429,Vax Center,Tier 1
HCO1950,Hung Yen,North,528,48,0.09090909090909091,Vax Center,Tier 2
HCO1951,Ho Chi Minh City,South,1060,82,0.07735849056603773,Vax Center,Tier 1
HCO1952,Nghe An,Central,243,24,0.09876543209876543,Vax Center,Tier 3
HCO1953,Ho Chi Minh City,South,457,50,0.10940919037199125,Vax Center,Tier 2
HCO1954,Thai Nguyen,North,489,28,0.05725971370143149,Vax Center,Tier 2
HCO1955,Quang Ngai,Central,724,68,0.09392265193370165,Hospital,Tier 1
HCO1956,Long An,South,526,47,0.08935361216730038,Vax Center,Tier 2
HCO1957,Thai Nguyen,North,257,28,0.10894941634241245,Vax Center,Tier 3
HCO1958,Khanh Hoa,South,284,27,0.09507042253521127,Vax Center,Tier 3
HCO1959,Kien Giang,South,505,53,0.10495049504950495,Vax Center,Tier 2
HCO1960,Bac Ninh,North,288,27,0.09375,Vax Center,Tier 2
HCO1961,Quang Ninh,North,869,76,0.08745684695051784,Vax Center,Tier 1
HCO1962,Binh Dinh,Central,1023,99,0.0967741935483871,Vax Center,Tier 1
HCO1963,Ninh Binh,North,427,35,0.08196721311475409,Vax Center,Tier 2
HCO1964,Quang Ninh,North,406,28,0.06896551724137931,Vax Center,Tier 2
HCO1965,Quang Binh,Central,929,96,0.10333692142088267,Vax Center,Tier 1
HCO1966,Dong Nai,South,250,23,0.092,Vax Center,Tier 3
HCO1967,Vinh Phuc,North,196,16,0.08163265306122448,Vax Center,Tier 3
HCO1968,Ninh Binh,North,170,12,0.07058823529411765,Vax Center,Tier 3
HCO1969,Ho Chi Minh City,South,230,22,0.09565217391304348,Vax Center,Tier 3
HCO1970,Quang Tri,Central,257,19,0.07392996108949416,Vax Center,Tier 3
HCO1971,Ho Chi Minh City,South,454,52,0.1145374449339207,Vax Center,Tier 2
HCO1972,Ha Tinh,Central,360,21,0.058333333333333334,Vax Center,Tier 2
HCO1973,Can Tho,South,1559,151,0.09685695958948044,Hospital,Tier 1
HCO1974,Binh Dinh,Central,378,34,0.08994708994708994,Vax Center,Tier 2
HCO1975,Bac Ninh,North,823,74,0.0899149453219927,Vax Center,Tier 1
HCO1976,Ba Ria - Vung Tau,South,112,7,0.0625,Vax Center,Tier 3
HCO1977,Quang Binh,Central,492,49,0.09959349593495935,Vax Center,Tier 2
HCO1978,Bac Ninh,North,450,50,0.1111111111111111,Vax Center,Tier 2
HCO1979,Bac Ninh,North,1150,80,0.06956521739130435,Hospital,Tier 1
HCO1980,Khanh Hoa,South,145,14,0.09655172413793103,Vax Center,Tier 3
HCO1981,Hai Phong,North,443,34,0.07674943566591422,Hospital,Tier 2
HCO1982,Vinh Phuc,North,652,55,0.0843558282208589,Hospital,Tier 2
HCO1983,Bac Ninh,North,343,35,0.10204081632653061,Vax Center,Tier 2
HCO1984,Ha Tinh,Central,721,67,0.09292649098474341,Hospital,Tier 2
HCO1985,Nghe An,Central,286,31,0.10839160839160839,Vax Center,Tier 3
HCO1986,Quang Tri,Central,473,47,0.09936575052854123,Hospital,Tier 2
HCO1987,Vinh Phuc,North,474,41,0.08649789029535865,Vax Center,Tier 2
HCO1988,Hanoi,North,687,68,0.09898107714701601,Vax Center,Tier 1
HCO1989,Quang Ngai,Central,978,91,0.09304703476482618,Vax Center,Tier 1
HCO1990,Nghe An,Central,168,10,0.05952380952380952,Vax Center,Tier 3
HCO1991,Binh Dinh,Central,843,87,0.10320284697508897,Hospital,Tier 1
HCO1992,Quang Ninh,North,273,19,0.0695970695970696,Vax Center,Tier 3
HCO1993,Hanoi,North,718,59,0.08217270194986072,Vax Center,Tier 1
HCO1994,Thai Nguyen,North,446,43,0.09641255605381166,Vax Center,Tier 2
HCO1995,Ha Tinh,Central,605,47,0.07768595041322314,Vax Center,Tier 2
HCO1996,Nghe An,Central,457,41,0.08971553610503283,Vax Center,Tier 2
HCO1997,Binh Duong,South,730,55,0.07534246575342465,Vax Center,Tier 1
HCO1998,Nghe An,Central,740,78,0.10540540540540541,Vax Center,Tier 1
HCO1999,Hue,Central,266,30,0.11278195488721804,Vax Center,Tier 3
HCO2000,Quang Nam,Central,461,30,0.0650759219088937,Vax Center,Tier 2
