HCO_ID,Sales,Units,Rank,Sales_Share,Cumulative_Sales_Share,Province,Region,HCO_Type,HCO_Tier
HCO0563,2539709696.0,708.0,1,0.003998044579329882,0.003998044579329882,Nam Dinh,North,Hospital,Tier 1
HCO1922,2047050626.0,570.0,2,0.0032224941582036392,0.007220538737533521,Hanoi,North,Hospital,Tier 1
HCO0596,2010286247.0,571.0,3,0.003164619186743366,0.010385157924276887,Nghe An,Central,Vax Center,Tier 1
HCO0689,2004369355.0,572.0,4,0.0031553047371335,0.013540462661410386,Binh Dinh,Central,Vax Center,Tier 1
HCO0440,1708234213.0,485.0,5,0.002689124881582724,0.01622958754299311,Quang Tri,Central,Hospital,Tier 1
HCO0052,1667040276.0,480.0,6,0.0026242768413584816,0.01885386438435159,Nghe An,Central,Hospital,Tier 1
HCO1746,1565052940.0,443.0,7,0.0024637270287175745,0.021317591413069166,Quang Tri,Central,Hospital,Tier 1
HCO1896,1554000034.0,435.0,8,0.0024463273979689337,0.0237639188110381,Hai Phong,North,Vax Center,Tier 1
HCO1598,1550900047.0,446.0,9,0.002441447357450577,0.026205366168488675,Hung Yen,North,Hospital,Tier 1
HCO0608,1542760273.0,439.0,10,0.002428633617609002,0.028633999786097677,Khanh Hoa,South,Hospital,Tier 1
HCO0288,1523335769.0,444.0,11,0.002398055306613188,0.031032055092710866,Khanh Hoa,South,Hospital,Tier 1
HCO1705,1471361107.0,409.0,12,0.002316236106568837,0.033348291199279706,Ho Chi Minh City,South,Hospital,Tier 1
HCO1497,1463300898.0,399.0,13,0.00230354761900214,0.03565183881828184,Thanh Hoa,Central,Hospital,Tier 1
HCO0800,1420997515.0,400.0,14,0.0022369530742174172,0.03788879189249926,Thai Nguyen,North,Vax Center,Tier 1
HCO0698,1397281552.0,387.0,15,0.0021996190917291532,0.04008841098422841,Hai Phong,North,Hospital,Tier 1
HCO1117,1396539592.0,398.0,16,0.0021984510884881722,0.042286862072716584,Dong Nai,South,Hospital,Tier 1
HCO1715,1351325871.0,380.0,17,0.002127275051148122,0.0444141371238647,Khanh Hoa,South,Hospital,Tier 1
HCO1412,1349707612.0,384.0,18,0.0021247275664363486,0.04653886469030105,Hai Phong,North,Hospital,Tier 1
HCO1498,1272139922.0,357.0,19,0.002002619483365251,0.0485414841736663,Quang Binh,Central,Hospital,Tier 1
HCO0856,1257772512.0,366.0,20,0.0019800021166008607,0.05052148629026716,Nghe An,Central,Hospital,Tier 1
HCO0781,1234371225.0,343.0,21,0.001943163501231928,0.05246464979149909,Hanoi,North,Hospital,Tier 1
HCO0974,1232988010.0,356.0,22,0.0019409860258923222,0.05440563581739141,Bac Ninh,North,Hospital,Tier 1
HCO0837,1228767477.0,347.0,23,0.0019343420070467396,0.05633997782443815,Ho Chi Minh City,South,Hospital,Tier 1
HCO1859,1218101530.0,344.0,24,0.0019175515322716378,0.05825752935670979,Ho Chi Minh City,South,Hospital,Tier 1
HCO1095,1217839626.0,348.0,25,0.0019171392395323716,0.06017466859624216,Ha Tinh,Central,Hospital,Tier 1
HCO1321,1217142587.0,341.0,26,0.001916041951523462,0.062090710547765625,Binh Duong,South,Vax Center,Tier 1
HCO1276,1212738794.0,344.0,27,0.0019091094423631157,0.06399981999012874,Long An,South,Hospital,Tier 1
HCO1297,1196411411.0,332.0,28,0.001883406660190569,0.06588322665031932,Thanh Hoa,Central,Hospital,Tier 1
HCO0803,1156135324.0,338.0,29,0.0018200035115706376,0.06770323016188995,Nghe An,Central,Hospital,Tier 1
HCO1809,1142471835.0,325.0,30,0.0017984942665505391,0.06950172442844049,Dong Nai,South,Vax Center,Tier 1
HCO1825,1139087279.0,323.0,31,0.0017931662537502768,0.07129489068219078,Ho Chi Minh City,South,Vax Center,Tier 1
HCO1721,1127764292.0,319.0,32,0.001775341457920867,0.07307023214011164,Quang Ngai,Central,Vax Center,Tier 1
HCO1627,1120276965.0,318.0,33,0.0017635548087722784,0.07483378694888392,Thai Nguyen,North,Hospital,Tier 1
HCO0060,1105404858.0,320.0,34,0.0017401429413182103,0.07657392989020212,Quang Tri,Central,Vax Center,Tier 1
HCO0636,1099342211.0,314.0,35,0.00173059904226041,0.07830452893246254,Khanh Hoa,South,Hospital,Tier 1
HCO0936,1085920775.0,311.0,36,0.0017094708402729405,0.08001399977273548,Quang Binh,Central,Hospital,Tier 1
HCO0039,1071946331.0,311.0,37,0.0016874720857809038,0.08170147185851638,Hanoi,North,Hospital,Tier 1
HCO1210,1071633278.0,306.0,38,0.0016869792736096292,0.083388451132126,Bac Ninh,North,Vax Center,Tier 1
HCO0539,1050475647.0,291.0,39,0.0016536726511778455,0.08504212378330385,Thanh Hoa,Central,Vax Center,Tier 1
HCO1973,1049417578.0,298.0,40,0.0016520070249699881,0.08669413080827383,Can Tho,South,Hospital,Tier 1
HCO0319,1039460507.0,287.0,41,0.0016363324721656851,0.08833046328043952,Quang Nam,Central,Vax Center,Tier 1
HCO1589,1033141499.0,291.0,42,0.001626385006232499,0.08995684828667201,Kien Giang,South,Vax Center,Tier 1
HCO1474,1028596370.0,300.0,43,0.0016192300040724391,0.09157607829074445,Ha Tinh,Central,Hospital,Tier 1
HCO0055,1025225317.0,291.0,44,0.0016139232478732913,0.09319000153861774,Hanoi,North,Hospital,Tier 1
HCO1730,1024807365.0,291.0,45,0.0016132653023094138,0.09480326684092716,Long An,South,Hospital,Tier 1
HCO0327,1017950792.0,284.0,46,0.001602471594446423,0.09640573843537358,Dong Nai,South,Vax Center,Tier 1
HCO0477,1015556038.0,288.0,47,0.0015987017410401033,0.09800444017641367,Nam Dinh,North,Vax Center,Tier 1
HCO0119,1012891226.0,292.0,48,0.0015945067587599185,0.0995989469351736,Ha Tinh,Central,Vax Center,Tier 1
HCO0643,999701444.0,290.0,49,0.001573743229561799,0.1011726901647354,Kien Giang,South,Vax Center,Tier 1
HCO1740,974213938.0,276.0,50,0.001533620460662492,0.1027063106253979,Binh Duong,South,Hospital,Tier 1
HCO0512,971937204.0,282.0,51,0.0015300363959004396,0.10423634702129833,Da Nang,Central,Hospital,Tier 1
HCO0885,967833434.0,281.0,52,0.0015235761869131065,0.10575992320821144,Kien Giang,South,Hospital,Tier 1
HCO0002,967480215.0,271.0,53,0.0015230201448936226,0.10728294335310506,Kien Giang,South,Hospital,Tier 1
HCO1709,966117862.0,279.0,54,0.00152087551079022,0.10880381886389529,Hue,Central,Vax Center,Tier 1
HCO0369,963414536.0,281.0,55,0.0015166198992620664,0.11032043876315735,Quang Binh,Central,Hospital,Tier 1
HCO1521,956743219.0,267.0,56,0.001506117823843427,0.11182655658700077,Bac Ninh,North,Hospital,Tier 1
HCO1754,952835830.0,275.0,57,0.0014999667604225222,0.1133265233474233,Hai Duong,North,Hospital,Tier 1
HCO0308,943266341.0,270.0,58,0.0014849023443265941,0.11481142569174989,Lam Dong,South,Vax Center,Tier 1
HCO1941,936406589.0,264.0,59,0.0014741036320397756,0.11628552932378966,Nam Dinh,North,Hospital,Tier 1
HCO1288,933591691.0,266.0,60,0.0014696723823941994,0.11775520170618387,Hanoi,North,Vax Center,Tier 1
HCO1450,930473237.0,261.0,61,0.0014647632708803023,0.11921996497706416,Quang Binh,Central,Hospital,Tier 1
HCO1030,930372859.0,268.0,62,0.0014646052545056686,0.12068457023156984,Khanh Hoa,South,Hospital,Tier 1
HCO0989,904891351.0,260.0,63,0.0014244919277372572,0.1221090621593071,Hanoi,North,Hospital,Tier 1
HCO0753,900009925.0,250.0,64,0.0014168075223938285,0.12352586968170093,Ha Tinh,Central,Hospital,Tier 1
HCO1147,896897915.0,245.0,65,0.0014119085551099234,0.12493777823681085,Quang Binh,Central,Vax Center,Tier 1
HCO0516,894557970.0,258.0,66,0.0014082249827559988,0.12634600321956685,Ha Tinh,Central,Hospital,Tier 1
HCO1372,890514460.0,242.0,67,0.0014018596358573246,0.12774786285542417,Hai Phong,North,Hospital,Tier 1
HCO1710,890350546.0,247.0,68,0.0014016016002715219,0.1291494644556957,Dong Nai,South,Hospital,Tier 1
HCO1144,884415021.0,248.0,69,0.0013922578183467207,0.13054172227404243,Dong Nai,South,Hospital,Tier 1
HCO0404,883610634.0,249.0,70,0.001390991541697032,0.13193271381573946,Binh Duong,South,Hospital,Tier 1
HCO1836,879965572.0,249.0,71,0.0013852534369075853,0.13331796725264705,Ho Chi Minh City,South,Vax Center,Tier 1
HCO0787,878011869.0,241.0,72,0.0013821778918163205,0.13470014514446338,Ba Ria - Vung Tau,South,Vax Center,Tier 1
HCO0443,872433426.0,252.0,73,0.0013733962330966733,0.13607354137756006,Bac Ninh,North,Hospital,Tier 1
HCO0887,866285608.0,249.0,74,0.0013637182567246815,0.13743725963428474,Quang Ninh,North,Hospital,Tier 1
HCO0374,865189160.0,244.0,75,0.0013619922137876397,0.13879925184807237,Quang Ninh,North,Vax Center,Tier 1
HCO1816,862859606.0,242.0,76,0.0013583249990832878,0.14015757684715566,Quang Ngai,Central,Vax Center,Tier 1
HCO1431,861988595.0,253.0,77,0.0013569538420520053,0.14151453068920766,Dong Nai,South,Vax Center,Tier 1
HCO0087,860891814.0,248.0,78,0.0013552272749019613,0.1428697579641096,Dong Nai,South,Hospital,Tier 1
HCO1756,856896865.0,246.0,79,0.0013489383733714813,0.1442186963374811,Ho Chi Minh City,South,Hospital,Tier 1
HCO0509,852114085.0,241.0,80,0.0013414092578653888,0.1455601055953465,Hai Duong,North,Hospital,Tier 1
HCO1507,849893130.0,245.0,81,0.001337913001142555,0.14689801859648904,Dong Nai,South,Hospital,Tier 1
HCO1066,849698003.0,236.0,82,0.0013376058296395053,0.14823562442612856,Nghe An,Central,Hospital,Tier 1
HCO0132,844189476.0,236.0,83,0.001328934233611373,0.14956455865973994,Long An,South,Vax Center,Tier 1
HCO1223,842199221.0,229.0,84,0.0013258011478784774,0.15089035980761842,Bac Ninh,North,Vax Center,Tier 1
HCO1267,840730927.0,244.0,85,0.0013234897400522963,0.15221384954767073,Quang Ninh,North,Vax Center,Tier 1
HCO1728,839995976.0,240.0,86,0.0013223327704717765,0.1535361823181425,Kien Giang,South,Hospital,Tier 1
HCO0694,839643712.0,239.0,87,0.0013217782318259183,0.15485796054996842,Can Tho,South,Vax Center,Tier 1
HCO0616,835705632.0,238.0,88,0.001315578854227067,0.15617353940419548,Ho Chi Minh City,South,Hospital,Tier 1
HCO0984,834380886.0,239.0,89,0.0013134934215602427,0.1574870328257557,Can Tho,South,Vax Center,Tier 1
HCO1858,834309928.0,236.0,90,0.0013133817185385522,0.15880041454429428,Hung Yen,North,Hospital,Tier 1
HCO0816,833717418.0,238.0,91,0.0013124489814633543,0.16011286352575763,Ba Ria - Vung Tau,South,Vax Center,Tier 1
HCO1743,830945917.0,233.0,92,0.0013080860479489022,0.16142094957370653,Quang Ngai,Central,Vax Center,Tier 1
HCO0397,826457886.0,238.0,93,0.0013010209302152986,0.16272197050392184,Thai Nguyen,North,Hospital,Tier 1
HCO1533,819273244.0,228.0,94,0.0012897107717953161,0.16401168127571716,Ba Ria - Vung Tau,South,Hospital,Tier 1
HCO1659,817217317.0,233.0,95,0.0012864743043318127,0.16529815558004898,Da Nang,Central,Vax Center,Tier 1
HCO1693,817062278.0,236.0,96,0.0012862302398883407,0.16658438581993731,Khanh Hoa,South,Hospital,Tier 1
HCO0852,815032354.0,224.0,97,0.0012830347066912064,0.1678674205266285,Quang Ngai,Central,Vax Center,Tier 1
HCO1464,810081418.0,228.0,98,0.0012752408777868304,0.16914266140441533,Dong Nai,South,Hospital,Tier 1
HCO0868,809051032.0,230.0,99,0.0012736188305235523,0.17041628023493888,Hung Yen,North,Vax Center,Tier 1
HCO0564,807419621.0,237.0,100,0.001271050641759505,0.17168733087669838,Quang Ngai,Central,Hospital,Tier 1
HCO1217,803516018.0,223.0,101,0.0012649055383098524,0.17295223641500823,Quang Ngai,Central,Hospital,Tier 1
HCO1495,800317236.0,223.0,102,0.00125986997339639,0.17421210638840462,Khanh Hoa,South,Vax Center,Tier 1
HCO0682,797531838.0,233.0,103,0.0012554851630408146,0.17546759155144542,Binh Dinh,Central,Hospital,Tier 1
HCO0819,796678733.0,224.0,104,0.0012541421938714558,0.17672173374531688,Bac Ninh,North,Hospital,Tier 1
HCO0833,795180289.0,228.0,105,0.0012517833235166807,0.17797351706883358,Dong Nai,South,Hospital,Tier 1
HCO0451,794462796.0,226.0,106,0.0012506538365505621,0.17922417090538414,Nghe An,Central,Vax Center,Tier 1
HCO0797,789141907.0,222.0,107,0.0012422776227426725,0.18046644852812682,Quang Nam,Central,Hospital,Tier 1
HCO0554,787457989.0,232.0,108,0.0012396267767650637,0.18170607530489188,Nghe An,Central,Vax Center,Tier 1
HCO1767,786962445.0,220.0,109,0.0012388466848489916,0.18294492198974088,Da Nang,Central,Hospital,Tier 1
HCO0444,784515855.0,222.0,110,0.001234995230526181,0.18417991722026705,Bac Ninh,North,Hospital,Tier 1
HCO0252,782488399.0,225.0,111,0.0012318035824872748,0.18541172080275434,Hung Yen,North,Vax Center,Tier 1
HCO1202,770401819.0,212.0,112,0.0012127767284622875,0.18662449753121663,Quang Nam,Central,Hospital,Tier 1
HCO0685,770181514.0,222.0,113,0.0012124299214187752,0.1878369274526354,Dong Nai,South,Vax Center,Tier 1
HCO1462,770050838.0,210.0,114,0.001212224209531991,0.18904915166216738,Binh Duong,South,Hospital,Tier 1
HCO0436,769275076.0,220.0,115,0.0012110029947357348,0.1902601546569031,Khanh Hoa,South,Vax Center,Tier 1
HCO1151,767957697.0,218.0,116,0.0012089291592977049,0.1914690838162008,Dong Nai,South,Vax Center,Tier 1
HCO0418,767224593.0,222.0,117,0.0012077750972890032,0.19267685891348982,Quang Ngai,Central,Hospital,Tier 1
HCO1169,765499625.0,222.0,118,0.0012050596298586983,0.19388191854334852,Vinh Phuc,North,Hospital,Tier 1
HCO0086,765102676.0,219.0,119,0.001204434747495088,0.19508635329084362,Ho Chi Minh City,South,Hospital,Tier 1
HCO1214,744579974.0,210.0,120,0.0011721276386890969,0.1962584809295327,Hai Phong,North,Vax Center,Tier 1
HCO0718,741845363.0,212.0,121,0.001167822777900344,0.19742630370743305,Ha Tinh,Central,Vax Center,Tier 1
HCO1748,741328656.0,201.0,122,0.0011670093709098895,0.19859331307834294,Ha Tinh,Central,Hospital,Tier 1
HCO0663,737187584.0,207.0,123,0.00116049044062101,0.19975380351896393,Thai Nguyen,North,Hospital,Tier 1
HCO1394,734470947.0,204.0,124,0.0011562138747406802,0.20091001739370462,Nghe An,Central,Hospital,Tier 1
HCO0429,734074831.0,209.0,125,0.0011555903036966823,0.2020656076974013,Dong Nai,South,Vax Center,Tier 1
HCO0315,732357448.0,210.0,126,0.0011528867766736539,0.20321849447407497,Dong Nai,South,Hospital,Tier 1
HCO0279,732251384.0,206.0,127,0.0011527198093226492,0.20437121428339763,Vinh Phuc,North,Hospital,Tier 1
HCO0158,730664314.0,208.0,128,0.0011502214227470061,0.20552143570614465,Quang Ninh,North,Hospital,Tier 1
HCO0922,725966722.0,203.0,129,0.00114282641131673,0.20666426211746136,Thai Nguyen,North,Hospital,Tier 1
HCO1520,724992800.0,213.0,130,0.0011412932504287266,0.20780555536789008,Vinh Phuc,North,Hospital,Tier 1
HCO0982,721839948.0,198.0,131,0.0011363299891284755,0.20894188535701855,Quang Ngai,Central,Hospital,Tier 1
HCO1596,718570327.0,208.0,132,0.0011311829085246957,0.21007306826554326,Dong Nai,South,Hospital,Tier 1
HCO0668,717917556.0,205.0,133,0.0011301553077866253,0.21120322357332988,Quang Nam,Central,Vax Center,Tier 1
HCO1179,717713969.0,204.0,134,0.001129834818439731,0.2123330583917696,Vinh Phuc,North,Vax Center,Tier 1
HCO0902,715001648.0,199.0,135,0.0011255650468636601,0.21345862343863325,Thanh Hoa,Central,Vax Center,Tier 1
HCO1383,712386320.0,202.0,136,0.001121447962950472,0.21458007140158372,Ho Chi Minh City,South,Hospital,Tier 1
HCO1060,710546507.0,193.0,137,0.0011185517050028744,0.2156986231065866,Ha Tinh,Central,Hospital,Tier 1
HCO0817,709434434.0,204.0,138,0.0011168010649842644,0.21681542417157088,Nghe An,Central,Hospital,Tier 1
HCO0651,707178100.0,207.0,139,0.0011132491141719078,0.21792867328574278,Hai Phong,North,Hospital,Tier 1
HCO0145,698210320.0,205.0,140,0.0010991319163385917,0.21902780520208137,Hai Duong,North,Hospital,Tier 1
HCO1194,697091748.0,198.0,141,0.0010973710455082627,0.22012517624758962,Binh Dinh,Central,Hospital,Tier 1
HCO1449,697072782.0,196.0,142,0.0010973411889803253,0.22122251743656995,Quang Binh,Central,Vax Center,Tier 1
HCO1059,696503278.0,193.0,143,0.001096444668254475,0.22231896210482444,Quang Binh,Central,Hospital,Tier 1
HCO1962,694550709.0,202.0,144,0.0010933709083210022,0.22341233301314545,Binh Dinh,Central,Vax Center,Tier 1
HCO0957,693368985.0,195.0,145,0.0010915106227773806,0.22450384363592282,Ninh Binh,North,Hospital,Tier 1
HCO0735,691716466.0,194.0,146,0.0010889092055206778,0.2255927528414435,Long An,South,Vax Center,Tier 1
HCO0602,691598696.0,202.0,147,0.0010887238104297155,0.22668147665187321,Binh Duong,South,Vax Center,Tier 1
HCO1354,685817266.0,189.0,148,0.0010796226068911065,0.2277610992587643,Kien Giang,South,Hospital,Tier 1
HCO1926,684710903.0,195.0,149,0.001077880955629985,0.2288389802143943,Kien Giang,South,Hospital,Tier 1
HCO1384,683968913.0,201.0,150,0.001076712905162607,0.22991569311955692,Tien Giang,South,Vax Center,Tier 1
HCO1901,683426153.0,193.0,151,0.0010758584851951222,0.23099155160475204,Binh Dinh,Central,Hospital,Tier 1
HCO0747,682502010.0,193.0,152,0.0010744036870670153,0.23206595529181906,Quang Ngai,Central,Vax Center,Tier 1
HCO0683,679893211.0,192.0,153,0.0010702968811919429,0.233136252173011,Binh Duong,South,Vax Center,Tier 1
HCO1893,679873298.0,192.0,154,0.0010702655338840857,0.2342065177068951,Quang Binh,Central,Hospital,Tier 1
HCO1107,678625182.0,196.0,155,0.001068300733176338,0.23527481844007145,Quang Binh,Central,Hospital,Tier 1
HCO0900,678381336.0,193.0,156,0.0010679168675794052,0.23634273530765085,Lam Dong,South,Vax Center,Tier 1
HCO1160,677971666.0,193.0,157,0.0010672719596494186,0.23741000726730027,Binh Dinh,Central,Vax Center,Tier 1
HCO1965,677834986.0,185.0,158,0.0010670567961864592,0.23847706406348673,Quang Binh,Central,Vax Center,Tier 1
HCO0972,677498641.0,191.0,159,0.0010665273174408558,0.2395435913809276,Quang Binh,Central,Hospital,Tier 1
HCO0234,672881443.0,193.0,160,0.0010592588633082174,0.2406028502442358,Bac Ninh,North,Vax Center,Tier 1
HCO1034,668146351.0,189.0,161,0.0010518048188821777,0.24165465506311798,Quang Ngai,Central,Vax Center,Tier 1
HCO1704,666373263.0,186.0,162,0.0010490136003117089,0.24270366866342968,Thai Nguyen,North,Vax Center,Tier 1
HCO0248,665000184.0,193.0,163,0.0010468520811973045,0.243750520744627,Quang Tri,Central,Vax Center,Tier 1
HCO0178,660313463.0,189.0,164,0.001039474183038947,0.24478999492766595,Khanh Hoa,South,Vax Center,Tier 1
HCO1442,659796596.0,192.0,165,0.0010386605241743771,0.24582865545184032,Hung Yen,North,Hospital,Tier 1
HCO1125,655707855.0,189.0,166,0.0010322239740375328,0.24686087942587787,Hue,Central,Vax Center,Tier 1
HCO1278,651227596.0,181.0,167,0.0010251710910890778,0.24788605051696694,Binh Dinh,Central,Hospital,Tier 1
HCO0546,650846613.0,181.0,168,0.001024571342613744,0.24891062185958068,Quang Tri,Central,Hospital,Tier 1
HCO1949,650428038.0,179.0,169,0.00102391241631503,0.2499345342758957,Lam Dong,South,Vax Center,Tier 1
HCO1413,650404611.0,176.0,170,0.0010238755372219165,0.2509584098131176,Hai Duong,North,Hospital,Tier 1
HCO1989,648435461.0,178.0,171,0.0010207756752590366,0.25197918548837667,Quang Ngai,Central,Vax Center,Tier 1
HCO0729,642626197.0,179.0,172,0.0010116306550696519,0.2529908161434463,Hai Phong,North,Hospital,Tier 1
HCO1734,642382556.0,181.0,173,0.0010112471121864293,0.25400206325563274,Quang Ninh,North,Vax Center,Tier 1
HCO1499,641354837.0,184.0,174,0.00100962926334981,0.25501169251898254,Bac Ninh,North,Hospital,Tier 1
HCO0093,641046340.0,179.0,175,0.0010091436232939673,0.2560208361422765,Quang Ninh,North,Hospital,Tier 1
HCO0709,638372648.0,176.0,176,0.0010049346620003858,0.2570257708042769,Nghe An,Central,Hospital,Tier 1
HCO1330,636063862.0,180.0,177,0.0010013001405561944,0.2580270709448331,Hai Duong,North,Vax Center,Tier 1
HCO1005,635885303.0,181.0,178,0.0010010190506177794,0.2590280899954509,Nghe An,Central,Vax Center,Tier 1
HCO1605,635422128.0,183.0,179,0.0010002899144094374,0.26002837990986033,Kien Giang,South,Hospital,Tier 1
HCO1556,633958435.0,186.0,180,0.000997985749538283,0.26102636565939863,Tien Giang,South,Vax Center,Tier 1
HCO1571,633270786.0,179.0,181,0.000996903243391513,0.26202326890279015,Long An,South,Hospital,Tier 1
HCO0006,632612458.0,181.0,182,0.0009958668947505772,0.2630191357975407,Hung Yen,North,Vax Center,Tier 1
HCO0359,626807347.0,188.0,183,0.0009867284122686967,0.2640058642098094,Bac Ninh,North,Vax Center,Tier 1
HCO1475,621752392.0,178.0,184,0.0009787708352793514,0.2649846350450888,Binh Duong,South,Vax Center,Tier 1
HCO1132,621747650.0,182.0,185,0.0009787633703602604,0.265963398415449,Binh Dinh,Central,Hospital,Tier 1
HCO1239,620540701.0,181.0,186,0.0009768633752881553,0.26694026179073715,Quang Binh,Central,Vax Center,Tier 1
HCO0742,617533793.0,175.0,187,0.0009721298609621369,0.2679123916516993,Da Nang,Central,Vax Center,Tier 1
HCO0780,616453203.0,175.0,188,0.0009704287818983439,0.2688828204335976,Kien Giang,South,Vax Center,Tier 1
HCO1690,613618667.0,164.0,189,0.0009659666178535461,0.26984878705145116,Binh Duong,South,Vax Center,Tier 1
HCO1102,609615468.0,174.0,190,0.000959664729063998,0.27080845178051516,Quang Tri,Central,Vax Center,Tier 1
HCO1196,607689557.0,175.0,191,0.0009566329345065536,0.2717650847150217,Ba Ria - Vung Tau,South,Hospital,Tier 1
HCO1142,605310635.0,175.0,192,0.0009528880040439387,0.2727179727190656,Lam Dong,South,Vax Center,Tier 1
HCO1763,603512418.0,176.0,193,0.0009500572270694555,0.2736680299461351,Hung Yen,North,Hospital,Tier 1
HCO1399,600946094.0,162.0,194,0.000946017285900918,0.27461404723203603,Dong Nai,South,Hospital,Tier 1
HCO1358,600848325.0,176.0,195,0.0009458633766485762,0.2755599106086846,Nam Dinh,North,Vax Center,Tier 1
HCO1333,600407216.0,173.0,196,0.0009451689770291547,0.2765050795857138,Quang Ngai,Central,Hospital,Tier 1
HCO1945,600225998.0,172.0,197,0.0009448837012577867,0.2774499632869716,Hung Yen,North,Vax Center,Tier 1
HCO1250,599602768.0,174.0,198,0.0009439026043524593,0.27839386589132403,Quang Nam,Central,Hospital,Tier 1
HCO0118,599055915.0,169.0,199,0.0009430417411302635,0.2793369076324543,Quang Tri,Central,Hospital,Tier 1
HCO0956,598768516.0,166.0,200,0.0009425893138249442,0.28027949694627924,Long An,South,Vax Center,Tier 1
HCO1234,598526386.0,172.0,201,0.0009422081495778974,0.28122170509585714,Can Tho,South,Hospital,Tier 1
HCO0193,596757769.0,164.0,202,0.0009394239693147369,0.2821611290651719,Binh Dinh,Central,Hospital,Tier 1
HCO0832,595714447.0,170.0,203,0.0009377815580292403,0.28309891062320114,Lam Dong,South,Vax Center,Tier 1
HCO1991,594128876.0,172.0,204,0.0009352855311992144,0.28403419615440034,Binh Dinh,Central,Hospital,Tier 1
HCO0220,593599985.0,166.0,205,0.0009344529439948829,0.2849686490983952,Ha Tinh,Central,Vax Center,Tier 1
HCO0326,592367938.0,172.0,206,0.000932513439319373,0.2859011625377146,Quang Tri,Central,Vax Center,Tier 1
HCO1782,591264477.0,166.0,207,0.0009307763564250169,0.2868319388941396,Ha Tinh,Central,Vax Center,Tier 1
HCO1933,591212910.0,175.0,208,0.0009306951789718825,0.2877626340731115,Da Nang,Central,Vax Center,Tier 1
HCO1687,590889307.0,170.0,209,0.000930185758851133,0.2886928198319626,Ninh Binh,North,Vax Center,Tier 1
HCO0013,590660924.0,177.0,210,0.0009298262353132266,0.28962264606727584,Khanh Hoa,South,Vax Center,Tier 1
HCO1351,590467323.0,166.0,211,0.0009295214660595509,0.2905521675333354,Ha Tinh,Central,Vax Center,Tier 1
HCO1211,590154149.0,171.0,212,0.0009290284634084767,0.2914811959967439,Ho Chi Minh City,South,Vax Center,Tier 1
HCO0124,589483361.0,166.0,213,0.000927972500070815,0.2924091684968147,Da Nang,Central,Vax Center,Tier 1
HCO1961,589387346.0,163.0,214,0.0009278213519884618,0.2933369898488032,Quang Ninh,North,Vax Center,Tier 1
HCO1620,587873485.0,165.0,215,0.0009254382119884683,0.29426242806079167,Binh Duong,South,Hospital,Tier 1
HCO0761,586369584.0,168.0,216,0.0009230707511521497,0.29518549881194384,Hung Yen,North,Vax Center,Tier 1
HCO0559,585913160.0,166.0,217,0.0009223522424572582,0.29610785105440107,Hung Yen,North,Vax Center,Tier 2
HCO0941,584024885.0,167.0,218,0.0009193796949885754,0.29702723074938964,Thai Nguyen,North,Vax Center,Tier 1
HCO1343,583184586.0,163.0,219,0.0009180568851937167,0.29794528763458333,Nghe An,Central,Vax Center,Tier 1
HCO0438,582697977.0,161.0,220,0.0009172908588727686,0.2988625784934561,Tien Giang,South,Hospital,Tier 1
HCO1727,582583156.0,163.0,221,0.0009171101061365932,0.2997796885995927,Bac Ninh,North,Vax Center,Tier 1
HCO1951,580632011.0,168.0,222,0.000914038587882746,0.30069372718747545,Ho Chi Minh City,South,Vax Center,Tier 1
HCO1546,580620691.0,168.0,223,0.0009140207677890915,0.3016077479552645,Thai Nguyen,North,Vax Center,Tier 1
HCO0728,580332466.0,164.0,224,0.0009135670401836521,0.30252131499544815,Tien Giang,South,Vax Center,Tier 1
HCO0681,580165042.0,164.0,225,0.0009133034791094459,0.3034346184745576,Kien Giang,South,Vax Center,Tier 1
HCO0979,579662569.0,160.0,226,0.0009125124794699699,0.3043471309540276,Lam Dong,South,Vax Center,Tier 1
HCO0138,576495524.0,160.0,227,0.0009075268753614822,0.3052546578293891,Binh Duong,South,Vax Center,Tier 1
HCO1818,575869548.0,167.0,228,0.0009065414556666515,0.30616119928505575,Quang Ngai,Central,Vax Center,Tier 1
HCO1624,574969506.0,155.0,229,0.0009051245976513687,0.3070663238827071,Bac Ninh,North,Vax Center,Tier 1
HCO0270,574833337.0,160.0,230,0.0009049102386113649,0.3079712341213185,Binh Dinh,Central,Vax Center,Tier 1
HCO0437,573836956.0,161.0,231,0.0009033417224686455,0.30887457584378714,Binh Dinh,Central,Vax Center,Tier 1
HCO0702,572648213.0,169.0,232,0.0009014703875224302,0.30977604623130955,Hai Phong,North,Vax Center,Tier 1
HCO0907,571647867.0,161.0,233,0.000899895629624292,0.31067594186093384,Tien Giang,South,Vax Center,Tier 1
HCO0673,571394179.0,161.0,234,0.0008994962706208443,0.3115754381315547,Hai Duong,North,Vax Center,Tier 1
HCO1254,571237128.0,161.0,235,0.0008992490388603729,0.31247468717041504,Quang Ngai,Central,Vax Center,Tier 2
HCO1555,570973122.0,157.0,236,0.0008988334371249175,0.31337352060754,Quang Ngai,Central,Hospital,Tier 1
HCO0996,570366274.0,162.0,237,0.000897878128980566,0.31427139873652055,Nam Dinh,North,Hospital,Tier 2
HCO0687,567547039.0,152.0,238,0.000893440051972253,0.3151648387884928,Da Nang,Central,Vax Center,Tier 1
HCO0769,566992765.0,164.0,239,0.000892567506513749,0.3160574062950065,Lam Dong,South,Hospital,Tier 1
HCO0525,566756055.0,162.0,240,0.0008921948745023566,0.3169496011695089,Hai Phong,North,Hospital,Tier 1
HCO0388,565972340.0,166.0,241,0.000890961139988359,0.31784056230949725,Dong Nai,South,Vax Center,Tier 1
HCO1897,565602457.0,160.0,242,0.0008903788652797712,0.318730941174777,Thanh Hoa,Central,Vax Center,Tier 1
HCO0044,565441741.0,166.0,243,0.0008901258640278471,0.3196210670388049,Thai Nguyen,North,Vax Center,Tier 1
HCO1621,565428226.0,162.0,244,0.0008901045885361739,0.32051117162734105,Vinh Phuc,North,Vax Center,Tier 1
HCO0938,565413337.0,165.0,245,0.0008900811500755359,0.3214012527774166,Hai Duong,North,Hospital,Tier 1
HCO0585,565084862.0,160.0,246,0.0008895640603879768,0.3222908168378046,Vinh Phuc,North,Hospital,Tier 1
HCO0725,564862043.0,159.0,247,0.0008892132957724285,0.323180030133577,Khanh Hoa,South,Vax Center,Tier 1
HCO1537,563457820.0,163.0,248,0.0008870027493614893,0.3240670328829385,Quang Ninh,North,Hospital,Tier 1
HCO0884,562091622.0,166.0,249,0.0008848520624082544,0.3249518849453467,Kien Giang,South,Vax Center,Tier 1
HCO1905,561716793.0,158.0,250,0.0008842620016410786,0.3258361469469878,Khanh Hoa,South,Vax Center,Tier 2
HCO0183,560799341.0,159.0,251,0.0008828177365736292,0.32671896468356143,Hung Yen,North,Vax Center,Tier 1
HCO1785,560658141.0,151.0,252,0.0008825954576669138,0.3276015601412283,Binh Duong,South,Vax Center,Tier 1
HCO0293,560121746.0,161.0,253,0.0008817510575665766,0.3284833111987949,Ninh Binh,North,Vax Center,Tier 1
HCO1975,556908074.0,161.0,254,0.0008766920526182629,0.3293600032514132,Bac Ninh,North,Vax Center,Tier 1
HCO0499,555631179.0,158.0,255,0.0008746819476282463,0.3302346851990414,Dong Nai,South,Vax Center,Tier 1
HCO1979,555435341.0,155.0,256,0.0008743736568595966,0.33110905885590103,Bac Ninh,North,Hospital,Tier 1
HCO1047,553386368.0,155.0,257,0.0008711481364748276,0.33198020699237585,Hue,Central,Vax Center,Tier 1
HCO0570,553312410.0,160.0,258,0.000871031710813476,0.33285123870318933,Quang Ngai,Central,Vax Center,Tier 1
HCO1478,553278156.0,157.0,259,0.0008709777877138256,0.33372221649090317,Quang Binh,Central,Vax Center,Tier 1
HCO0875,552131412.0,156.0,260,0.0008691725681486526,0.33459138905905184,Can Tho,South,Vax Center,Tier 1
HCO1154,552074701.0,152.0,261,0.0008690832929427125,0.33546047235199455,Hung Yen,North,Vax Center,Tier 1
HCO1604,550582558.0,155.0,262,0.0008667343417054389,0.3363272066937,Khanh Hoa,South,Vax Center,Tier 1
HCO0591,549300430.0,148.0,263,0.00086471599885764,0.3371919226925576,Dong Nai,South,Vax Center,Tier 1
HCO1312,549050604.0,159.0,264,0.0008643227194656493,0.3380562454120232,Binh Duong,South,Vax Center,Tier 1
HCO0775,548599870.0,158.0,265,0.0008636131680439818,0.33891985858006723,Bac Ninh,North,Hospital,Tier 1
HCO0111,548125815.0,149.0,266,0.0008628669043958021,0.33978272548446303,Quang Binh,Central,Vax Center,Tier 1
HCO1496,546793648.0,155.0,267,0.0008607697894926694,0.3406434952739557,Hung Yen,North,Vax Center,Tier 1
HCO0454,546248343.0,158.0,268,0.0008599113631525387,0.34150340663710826,Nam Dinh,North,Vax Center,Tier 1
HCO0882,543731000.0,150.0,269,0.000855948528521748,0.34235935516563,Ho Chi Minh City,South,Vax Center,Tier 2
HCO0401,543610425.0,150.0,270,0.0008557587177627025,0.3432151138833927,Long An,South,Vax Center,Tier 1
HCO0613,542488488.0,155.0,271,0.000853992549704887,0.34406910643309757,Hai Phong,North,Vax Center,Tier 1
HCO1205,541840121.0,151.0,272,0.0008529718818018392,0.3449220783148994,Hung Yen,North,Hospital,Tier 1
HCO1326,541353958.0,156.0,273,0.0008522065575799875,0.3457742848724794,Hanoi,North,Hospital,Tier 1
HCO0214,540124849.0,149.0,274,0.000850271677942919,0.34662455655042235,Hue,Central,Vax Center,Tier 1
HCO0724,539972205.0,151.0,275,0.0008500313837401098,0.34747458793416247,Quang Binh,Central,Hospital,Tier 1
HCO0998,538400149.0,148.0,276,0.0008475566324017572,0.34832214456656424,Thanh Hoa,Central,Hospital,Tier 2
HCO1264,538156643.0,152.0,277,0.0008471733020373193,0.34916931786860156,Ninh Binh,North,Vax Center,Tier 1
HCO1455,537803059.0,150.0,278,0.0008466166854300101,0.35001593455403157,Quang Ngai,Central,Hospital,Tier 1
HCO0064,537596920.0,151.0,279,0.0008462921786909775,0.35086222673272255,Nghe An,Central,Hospital,Tier 1
HCO1371,534722799.0,154.0,280,0.0008417676994158516,0.3517039944321384,Ha Tinh,Central,Vax Center,Tier 1
HCO0356,534553427.0,152.0,281,0.0008415010717742921,0.3525454955039127,Kien Giang,South,Vax Center,Tier 1
HCO1422,534349438.0,150.0,282,0.0008411799495936833,0.3533866754535064,Quang Ngai,Central,Hospital,Tier 1
HCO1476,530443675.0,152.0,283,0.0008350314458434746,0.35422170689934984,Quang Tri,Central,Hospital,Tier 1
HCO1441,529560867.0,151.0,284,0.0008336417178188315,0.3550553486171687,Tien Giang,South,Vax Center,Tier 1
HCO0229,528746586.0,151.0,285,0.0008323598659035402,0.3558877084830722,Hai Phong,North,Vax Center,Tier 1
HCO1998,527486249.0,151.0,286,0.0008303758267360264,0.3567180843098082,Nghe An,Central,Vax Center,Tier 1
HCO1792,526617171.0,152.0,287,0.0008290077126588989,0.35754709202246715,Quang Binh,Central,Vax Center,Tier 1
HCO1904,523080948.0,149.0,288,0.0008234409436621436,0.3583705329661293,Binh Duong,South,Vax Center,Tier 1
HCO0127,522017518.0,149.0,289,0.0008217668780972118,0.3591922998442265,Vinh Phuc,North,Hospital,Tier 1
HCO1009,521332418.0,149.0,290,0.0008206883846199405,0.3600129882288465,Ha Tinh,Central,Vax Center,Tier 1
HCO1682,520823778.0,143.0,291,0.0008198876768075344,0.360832875905654,Nghe An,Central,Vax Center,Tier 2
HCO0963,520214281.0,150.0,292,0.0008189281985723622,0.36165180410422637,Binh Duong,South,Vax Center,Tier 1
HCO0317,518545827.0,143.0,293,0.0008163016962279931,0.36246810580045435,Can Tho,South,Hospital,Tier 1
HCO0222,515978587.0,149.0,294,0.0008122603130801458,0.3632803661135345,Ho Chi Minh City,South,Vax Center,Tier 1
HCO1296,514239584.0,140.0,295,0.000809522751567293,0.3640898888651018,Ho Chi Minh City,South,Hospital,Tier 2
HCO0649,513687934.0,146.0,296,0.0008086543368442793,0.3648985432019461,Bac Ninh,North,Vax Center,Tier 1
HCO1134,512844558.0,146.0,297,0.0008073266831953415,0.3657058698851414,Hai Duong,North,Vax Center,Tier 1
HCO0350,512662935.0,144.0,298,0.0008070407698676193,0.366512910655009,Lam Dong,South,Vax Center,Tier 1
HCO0495,511382457.0,144.0,299,0.000805025024471634,0.3673179356794807,Bac Ninh,North,Hospital,Tier 1
HCO0084,511278244.0,150.0,300,0.0008048609709893003,0.36812279665047,Da Nang,Central,Hospital,Tier 1
HCO1684,508776900.0,143.0,301,0.000800923322195822,0.3689237199726658,Ba Ria - Vung Tau,South,Hospital,Tier 1
HCO0888,507850933.0,136.0,302,0.0007994656527028013,0.3697231856253686,Bac Ninh,North,Vax Center,Tier 2
HCO1554,505353706.0,145.0,303,0.0007955344849451513,0.3705187201103137,Vinh Phuc,North,Vax Center,Tier 1
HCO0219,503655602.0,144.0,304,0.0007928613071787982,0.37131158141749254,Nghe An,Central,Hospital,Tier 1
HCO0372,503371176.0,140.0,305,0.000792413560009383,0.3721039949775019,Long An,South,Hospital,Tier 1
HCO1789,501592517.0,144.0,306,0.0007896135714970635,0.37289360854899894,Quang Binh,Central,Vax Center,Tier 1
HCO0194,500715783.0,137.0,307,0.0007882334052435209,0.3736818419542425,Can Tho,South,Vax Center,Tier 1
HCO0152,500372103.0,137.0,308,0.0007876923796439462,0.3744695343338864,Ba Ria - Vung Tau,South,Vax Center,Tier 2
HCO1747,500210835.0,142.0,309,0.0007874385094263246,0.3752569728433127,Khanh Hoa,South,Hospital,Tier 1
HCO0842,500208488.0,139.0,310,0.0007874348147478964,0.37604440765806063,Hanoi,North,Vax Center,Tier 2
HCO1661,499776036.0,139.0,311,0.0007867540430923235,0.37683116170115294,Dong Nai,South,Hospital,Tier 1
HCO1984,497444061.0,132.0,312,0.0007830830172177651,0.3776142447183707,Ha Tinh,Central,Hospital,Tier 2
HCO0697,497325893.0,142.0,313,0.0007828969955899412,0.3783971417139606,Thai Nguyen,North,Vax Center,Tier 2
HCO0918,496957271.0,139.0,314,0.0007823167059642241,0.37917945841992484,Ho Chi Minh City,South,Vax Center,Tier 1
HCO0408,496939175.0,145.0,315,0.0007822882190017884,0.3799617466389266,Quang Tri,Central,Vax Center,Tier 1
HCO0364,495120627.0,143.0,316,0.0007794254366983219,0.38074117207562497,Khanh Hoa,South,Vax Center,Tier 1
HCO1955,493352556.0,140.0,317,0.0007766421159555796,0.38151781419158054,Quang Ngai,Central,Hospital,Tier 1
HCO1880,493229998.0,138.0,318,0.0007764491835317183,0.38229426337511224,Ba Ria - Vung Tau,South,Vax Center,Tier 1
HCO0031,492856817.0,137.0,319,0.0007758617170679295,0.3830701250921802,Binh Dinh,Central,Vax Center,Tier 2
HCO1391,492619926.0,143.0,320,0.0007754888001239444,0.38384561389230415,Khanh Hoa,South,Hospital,Tier 1
HCO0387,492261066.0,137.0,321,0.0007749238779676845,0.38462053777027183,Bac Ninh,North,Vax Center,Tier 1
HCO1138,490831093.0,131.0,322,0.0007726727955663209,0.38539321056583814,Hue,Central,Vax Center,Tier 2
HCO1025,490221731.0,140.0,323,0.0007717135298499334,0.3861649240956881,Vinh Phuc,North,Vax Center,Tier 1
HCO0754,488184524.0,142.0,324,0.0007685065316579154,0.38693343062734603,Quang Ngai,Central,Hospital,Tier 2
HCO0061,487994370.0,138.0,325,0.0007682071887172102,0.38770163781606326,Bac Ninh,North,Vax Center,Tier 1
HCO0634,487162620.0,136.0,326,0.0007668978368711724,0.38846853565293443,Quang Ninh,North,Vax Center,Tier 2
HCO1577,487003892.0,135.0,327,0.0007666479651551305,0.38923518361808956,Kien Giang,South,Hospital,Tier 1
HCO0915,486733646.0,139.0,328,0.00076622254032918,0.3900014061584187,Ha Tinh,Central,Vax Center,Tier 2
HCO1360,484963727.0,145.0,329,0.0007634363104404066,0.3907648424688591,Hai Phong,North,Hospital,Tier 1
HCO0156,484905816.0,135.0,330,0.000763345146178602,0.3915281876150377,Binh Dinh,Central,Hospital,Tier 2
HCO1887,484145660.0,139.0,331,0.000762148498553863,0.3922903361135916,Binh Dinh,Central,Vax Center,Tier 1
HCO1660,482973621.0,133.0,332,0.0007603034592652808,0.39305063957285685,Nghe An,Central,Vax Center,Tier 1
HCO0530,481773003.0,135.0,333,0.0007584134305370738,0.3938090530033939,Quang Binh,Central,Hospital,Tier 1
HCO0473,481399592.0,135.0,334,0.0007578256020042445,0.3945668786053982,Long An,South,Hospital,Tier 1
HCO0199,481323308.0,138.0,335,0.0007577055147229422,0.3953245841201211,Quang Ngai,Central,Hospital,Tier 1
HCO1695,480153422.0,138.0,336,0.0007558638647154235,0.39608044798483655,Quang Binh,Central,Vax Center,Tier 2
HCO0305,480099729.0,139.0,337,0.0007557793404849824,0.39683622732532153,Bac Ninh,North,Hospital,Tier 2
HCO0645,479780381.0,135.0,338,0.0007552766186414856,0.39759150394396303,Quang Nam,Central,Vax Center,Tier 2
HCO1470,478982937.0,133.0,339,0.0007540212717541857,0.3983455252157172,Binh Dinh,Central,Vax Center,Tier 2
HCO1393,478683738.0,140.0,340,0.0007535502687328659,0.39909907548445006,Ha Tinh,Central,Hospital,Tier 1
HCO0821,477951831.0,136.0,341,0.000752398091057389,0.39985147357550743,Hung Yen,North,Vax Center,Tier 1
HCO1043,477513755.0,138.0,342,0.0007517084660266648,0.4006031820415341,Ha Tinh,Central,Hospital,Tier 2
HCO1988,477121033.0,130.0,343,0.000751090237862337,0.40135427227939646,Hanoi,North,Vax Center,Tier 1
HCO1084,476414699.0,133.0,344,0.0007499783175415444,0.402104250596938,Tien Giang,South,Vax Center,Tier 2
HCO0179,475732719.0,130.0,345,0.0007489047356095206,0.4028531553325475,Bac Ninh,North,Vax Center,Tier 1
HCO1685,475094074.0,133.0,346,0.0007478993722074012,0.40360105470475494,Nam Dinh,North,Vax Center,Tier 1
HCO0935,474840169.0,137.0,347,0.0007474996715996846,0.40434855437635464,Can Tho,South,Hospital,Tier 1
HCO1183,474351781.0,135.0,348,0.0007467308447534175,0.40509528522110805,Da Nang,Central,Vax Center,Tier 2
HCO0265,474332227.0,140.0,349,0.0007467000625881065,0.40584198528369614,Ho Chi Minh City,South,Hospital,Tier 1
HCO1524,473996868.0,137.0,350,0.0007461721360167385,0.4065881574197129,Thanh Hoa,Central,Vax Center,Tier 1
HCO1159,473794751.0,130.0,351,0.0007458539607632782,0.40733401138047615,Bac Ninh,North,Vax Center,Tier 2
HCO0001,473719420.0,135.0,352,0.0007457353737071749,0.40807974675418335,Dong Nai,South,Vax Center,Tier 2
HCO0672,473493223.0,133.0,353,0.0007453792913993682,0.40882512604558274,Ninh Binh,North,Vax Center,Tier 2
HCO1294,473078213.0,131.0,354,0.0007447259771707849,0.40956985202275353,Dong Nai,South,Vax Center,Tier 1
HCO1903,473076047.0,138.0,355,0.0007447225674249497,0.4103145745901785,Dong Nai,South,Vax Center,Tier 1
HCO0041,472562395.0,138.0,356,0.0007439139696558832,0.4110584885598344,Hung Yen,North,Vax Center,Tier 2
HCO0925,472531673.0,137.0,357,0.0007438656066773272,0.41180235416651173,Tien Giang,South,Hospital,Tier 1
HCO0731,472224386.0,127.0,358,0.0007433818714194812,0.4125457360379312,Khanh Hoa,South,Vax Center,Tier 2
HCO0777,470062090.0,128.0,359,0.000739977956469941,0.41328571399440117,Khanh Hoa,South,Vax Center,Tier 1
HCO1463,470034991.0,139.0,360,0.0007399352968658823,0.41402564929126706,Binh Dinh,Central,Vax Center,Tier 2
HCO1082,469659320.0,140.0,361,0.000739343910611175,0.41476499320187826,Ha Tinh,Central,Vax Center,Tier 2
HCO1063,469418197.0,133.0,362,0.0007389643315968411,0.4155039575334751,Vinh Phuc,North,Hospital,Tier 2
HCO0715,468845590.0,133.0,363,0.0007380629260873681,0.41624202045956243,Quang Tri,Central,Vax Center,Tier 2
HCO1308,468126445.0,131.0,364,0.0007369308385210095,0.41697895129808343,Quang Nam,Central,Vax Center,Tier 1
HCO1411,468086280.0,132.0,365,0.0007368676102470135,0.4177158189083304,Thai Nguyen,North,Vax Center,Tier 2
HCO1712,467513815.0,134.0,366,0.0007359664282758178,0.41845178533660626,Thai Nguyen,North,Vax Center,Tier 2
HCO0520,466707038.0,130.0,367,0.0007346963892565322,0.4191864817258628,Ha Tinh,Central,Vax Center,Tier 1
HCO1366,466667491.0,133.0,368,0.0007346341338463065,0.4199211158597091,Hai Duong,North,Vax Center,Tier 1
HCO1191,466300554.0,133.0,369,0.0007340564967698658,0.420655172356479,Hanoi,North,Vax Center,Tier 2
HCO1924,465184115.0,133.0,370,0.0007322989837363358,0.4213874713402153,Kien Giang,South,Vax Center,Tier 1
HCO1121,465064641.0,132.0,371,0.000732110906186046,0.42211958224640134,Bac Ninh,North,Vax Center,Tier 2
HCO1515,464896453.0,136.0,372,0.0007318461424129394,0.4228514283888143,Quang Binh,Central,Vax Center,Tier 1
HCO1545,464217418.0,137.0,373,0.0007307771965388496,0.42358220558535314,Quang Ninh,North,Vax Center,Tier 1
HCO1538,462950455.0,130.0,374,0.0007287827266345375,0.42431098831198766,Hanoi,North,Vax Center,Tier 2
HCO1324,462223626.0,136.0,375,0.0007276385428137935,0.4250386268548014,Nam Dinh,North,Vax Center,Tier 1
HCO0750,460728085.0,128.0,376,0.0007252842423999971,0.4257639110972014,Ho Chi Minh City,South,Vax Center,Tier 2
HCO0678,459045819.0,132.0,377,0.0007226359970226282,0.426486547094224,Dong Nai,South,Vax Center,Tier 2
HCO1648,458712644.0,128.0,378,0.0007221115085329334,0.4272086586027569,Ha Tinh,Central,Vax Center,Tier 1
HCO0926,458627829.0,125.0,379,0.0007219779916386482,0.42793063659439556,Ba Ria - Vung Tau,South,Vax Center,Tier 1
HCO0203,457963287.0,132.0,380,0.0007209318608367611,0.42865156845523233,Kien Giang,South,Vax Center,Tier 1
HCO1677,455956185.0,127.0,381,0.0007177722543337421,0.42936934070956606,Quang Ninh,North,Vax Center,Tier 2
HCO0046,455938148.0,123.0,382,0.0007177438602498864,0.4300870845698159,Vinh Phuc,North,Vax Center,Tier 2
HCO0291,455933430.0,127.0,383,0.0007177364331119126,0.43080482100292783,Long An,South,Vax Center,Tier 2
HCO1697,455561606.0,128.0,384,0.000717151102855464,0.4315219721057833,Thanh Hoa,Central,Vax Center,Tier 2
HCO1564,455466064.0,123.0,385,0.000717000699375964,0.43223897280515927,Nghe An,Central,Hospital,Tier 1
HCO0168,455177984.0,128.0,386,0.0007165472000314415,0.4329555200051907,Ho Chi Minh City,South,Vax Center,Tier 2
HCO1245,454764318.0,126.0,387,0.0007158960015454265,0.43367141600673614,Bac Ninh,North,Vax Center,Tier 2
HCO1877,453171859.0,127.0,388,0.0007133891315347388,0.4343848051382709,Ha Tinh,Central,Hospital,Tier 1
HCO0196,450293704.0,128.0,389,0.000708858301883482,0.4350936634401544,Long An,South,Hospital,Tier 1
HCO1867,449869810.0,131.0,390,0.0007081910023446489,0.435801854442499,Binh Dinh,Central,Vax Center,Tier 1
HCO0169,449802349.0,127.0,391,0.00070808480434659,0.4365099392468456,Hung Yen,North,Vax Center,Tier 1
HCO0914,449430989.0,134.0,392,0.0007075002045250756,0.4372174394513707,Nghe An,Central,Vax Center,Tier 1
HCO0939,448921413.0,124.0,393,0.0007066980232490954,0.4379241374746198,Da Nang,Central,Vax Center,Tier 2
HCO0971,448709948.0,120.0,394,0.0007063651322504512,0.43863050260687025,Hai Phong,North,Vax Center,Tier 2
HCO0467,448591996.0,126.0,395,0.0007061794506526827,0.4393366820575229,Ha Tinh,Central,Hospital,Tier 1
HCO0237,447716032.0,131.0,396,0.0007048004965433198,0.4400414825540662,Vinh Phuc,North,Vax Center,Tier 1
HCO1665,447497333.0,127.0,397,0.0007044562176862394,0.44074593877175244,Khanh Hoa,South,Vax Center,Tier 2
HCO0246,447209571.0,127.0,398,0.0007040032189415211,0.441449941990694,Nghe An,Central,Hospital,Tier 1
HCO1486,446186686.0,127.0,399,0.000702392979851609,0.44215233497054557,Vinh Phuc,North,Vax Center,Tier 1
HCO1467,445747116.0,124.0,400,0.0007017010029463336,0.4428540359734919,Ho Chi Minh City,South,Vax Center,Tier 2
HCO1088,445183499.0,126.0,401,0.0007008137496137117,0.4435548497231056,Dong Nai,South,Hospital,Tier 1
HCO1452,445100878.0,124.0,402,0.000700683686543232,0.44425553340964885,Hai Phong,North,Hospital,Tier 1
HCO1890,445079499.0,127.0,403,0.0007006500314387938,0.44495618344108767,Can Tho,South,Vax Center,Tier 2
HCO1664,444211898.0,129.0,404,0.0006992842424745928,0.4456554676835623,Lam Dong,South,Vax Center,Tier 1
HCO0820,443070158.0,128.0,405,0.0006974869002723743,0.44635295458383467,Can Tho,South,Vax Center,Tier 1
HCO0986,441825246.0,124.0,406,0.0006955271433437846,0.4470484817271785,Hung Yen,North,Hospital,Tier 1
HCO0920,441163260.0,133.0,407,0.0006944850362308886,0.44774296676340936,Ninh Binh,North,Vax Center,Tier 2
HCO1083,441080378.0,123.0,408,0.0006943545622907584,0.44843732132570013,Quang Ngai,Central,Vax Center,Tier 2
HCO1884,440311481.0,124.0,409,0.0006931441544682602,0.4491304654801684,Hue,Central,Vax Center,Tier 2
HCO0063,440135841.0,126.0,410,0.0006928676596582355,0.44982333313982664,Ha Tinh,Central,Vax Center,Tier 1
HCO1500,439719974.0,129.0,411,0.0006922129963289224,0.4505155461361556,Vinh Phuc,North,Vax Center,Tier 2
HCO1031,438836966.0,127.0,412,0.0006908229534616352,0.4512063690896172,Can Tho,South,Vax Center,Tier 2
HCO1717,438038334.0,125.0,413,0.0006895657364090294,0.45189593482602625,Lam Dong,South,Vax Center,Tier 2
HCO1381,437414270.0,122.0,414,0.0006885833266098762,0.4525845181526361,Binh Duong,South,Hospital,Tier 2
HCO0696,436518013.0,126.0,415,0.0006871724269916324,0.45327169057962774,Hanoi,North,Vax Center,Tier 1
HCO0669,436449632.0,126.0,416,0.0006870647807174107,0.45395875536034513,Binh Dinh,Central,Vax Center,Tier 2
HCO1014,436236828.0,127.0,417,0.0006867297818472643,0.4546454851421924,Binh Dinh,Central,Vax Center,Tier 2
HCO0216,435368894.0,123.0,418,0.0006853634686700609,0.4553308486108624,Ho Chi Minh City,South,Hospital,Tier 1
HCO0023,434378558.0,120.0,419,0.0006838044686462585,0.45601465307950867,Dong Nai,South,Vax Center,Tier 1
HCO1729,433681387.0,124.0,420,0.000682706972841204,0.4566973600523499,Long An,South,Vax Center,Tier 2
HCO1003,433640982.0,129.0,421,0.0006826433667560353,0.45738000341910595,Quang Tri,Central,Hospital,Tier 2
HCO0652,433492605.0,123.0,422,0.0006824097897210373,0.458062413208827,Hung Yen,North,Vax Center,Tier 2
HCO1842,433269693.0,127.0,423,0.0006820588787036595,0.45874447208753066,Ha Tinh,Central,Vax Center,Tier 2
HCO0688,433126919.0,127.0,424,0.0006818341219853352,0.459426306209516,Quang Ninh,North,Vax Center,Tier 2
HCO0292,432961866.0,121.0,425,0.0006815742933706745,0.4601078805028867,Quang Binh,Central,Vax Center,Tier 2
HCO1204,431798495.0,119.0,426,0.0006797428993622864,0.460787623402249,Khanh Hoa,South,Hospital,Tier 1
HCO0814,431683778.0,125.0,427,0.000679562310344286,0.46146718571259326,Nghe An,Central,Hospital,Tier 1
HCO0877,430957230.0,122.0,428,0.0006784185688774568,0.4621456042814707,Quang Binh,Central,Vax Center,Tier 2
HCO0407,430574143.0,121.0,429,0.0006778155082575073,0.46282341978972824,Bac Ninh,North,Vax Center,Tier 2
HCO1328,429946062.0,121.0,430,0.0006768267748438478,0.4635002465645721,Quang Binh,Central,Vax Center,Tier 1
HCO0446,428800093.0,125.0,431,0.0006750227752939205,0.464175269339866,Nam Dinh,North,Vax Center,Tier 2
HCO1198,427040797.0,121.0,432,0.000672253268272187,0.4648475226081382,Quang Binh,Central,Hospital,Tier 1
HCO0065,426396710.0,115.0,433,0.0006712393380017223,0.46551876194613995,Nam Dinh,North,Hospital,Tier 2
HCO1634,425662987.0,122.0,434,0.0006700843015550372,0.46618884624769497,Hung Yen,North,Vax Center,Tier 1
HCO1315,424767790.0,119.0,435,0.000668675070602807,0.4668575213182978,Kien Giang,South,Vax Center,Tier 2
HCO1113,424657475.0,120.0,436,0.0006685014112714025,0.46752602272956917,Binh Duong,South,Vax Center,Tier 2
HCO1100,424252656.0,116.0,437,0.000667864139849748,0.46819388686941893,Kien Giang,South,Hospital,Tier 1
HCO1993,422770660.0,127.0,438,0.0006655311621540215,0.46885941803157294,Hanoi,North,Vax Center,Tier 1
HCO0734,422734661.0,121.0,439,0.0006654744920523016,0.4695248925236252,Bac Ninh,North,Vax Center,Tier 2
HCO1644,422490548.0,124.0,440,0.0006650902061404388,0.47018998272976564,Bac Ninh,North,Vax Center,Tier 2
HCO1762,421560060.0,115.0,441,0.0006636254196294487,0.4708536081493951,Nam Dinh,North,Vax Center,Tier 2
HCO1491,420510738.0,117.0,442,0.0006619735630646299,0.4715155817124597,Vinh Phuc,North,Hospital,Tier 1
HCO0770,420502022.0,119.0,443,0.0006619598422222012,0.47217754155468195,Khanh Hoa,South,Vax Center,Tier 1
HCO1868,418946202.0,114.0,444,0.0006595106498096944,0.4728370522044916,Vinh Phuc,North,Vax Center,Tier 2
HCO0289,418423212.0,111.0,445,0.0006586873520375763,0.4734957395565292,Vinh Phuc,North,Vax Center,Tier 2
HCO0944,417684664.0,120.0,446,0.0006575247200121029,0.4741532642765413,Long An,South,Vax Center,Tier 1
HCO1318,417611740.0,117.0,447,0.0006574099220872211,0.47481067419862855,Thanh Hoa,Central,Hospital,Tier 1
HCO1424,417098046.0,118.0,448,0.0006566012582011994,0.47546727545682976,Can Tho,South,Vax Center,Tier 2
HCO0543,416514423.0,113.0,449,0.0006556825111588909,0.47612295796798865,Quang Binh,Central,Vax Center,Tier 2
HCO1010,415663581.0,116.0,450,0.0006543431044340499,0.4767773010724227,Bac Ninh,North,Hospital,Tier 1
HCO0112,415517882.0,117.0,451,0.0006541137431420561,0.4774314148155648,Quang Binh,Central,Vax Center,Tier 2
HCO0167,414520085.0,113.0,452,0.0006525429979134165,0.4780839578134782,Quang Ngai,Central,Vax Center,Tier 2
HCO1045,414053938.0,115.0,453,0.0006518091831433835,0.47873576699662157,Ho Chi Minh City,South,Vax Center,Tier 2
HCO1195,412491869.0,120.0,454,0.0006493501534724627,0.479385117150094,Hung Yen,North,Vax Center,Tier 2
HCO0701,411314343.0,119.0,455,0.0006474964764759403,0.48003261362656996,Nam Dinh,North,Vax Center,Tier 2
HCO0274,411288963.0,118.0,456,0.0006474565229444075,0.48068007014951436,Quang Tri,Central,Hospital,Tier 1
HCO1632,410909025.0,115.0,457,0.0006468584195218888,0.48132692856903625,Quang Ngai,Central,Vax Center,Tier 2
HCO0948,410892056.0,121.0,458,0.0006468317066977525,0.481973760275734,Nghe An,Central,Vax Center,Tier 2
HCO0597,410867654.0,116.0,459,0.0006467932927467492,0.48262055356848077,Binh Duong,South,Vax Center,Tier 2
HCO0968,410554504.0,117.0,460,0.0006463003278767922,0.48326685389635754,Hanoi,North,Vax Center,Tier 2
HCO0741,410162369.0,111.0,461,0.0006456830237756248,0.48391253692013314,Thai Nguyen,North,Vax Center,Tier 2
HCO1869,409683221.0,116.0,462,0.0006449287426595138,0.4845574656627927,Hai Phong,North,Hospital,Tier 1
HCO1917,409188467.0,119.0,463,0.0006441498943718858,0.48520161555716457,Hung Yen,North,Hospital,Tier 1
HCO0849,408832012.0,117.0,464,0.0006435887581984209,0.485845204315363,Quang Ngai,Central,Vax Center,Tier 2
HCO1523,408371360.0,114.0,465,0.0006428635937300338,0.48648806790909305,Nam Dinh,North,Vax Center,Tier 2
HCO1646,407866185.0,114.0,466,0.0006420683405664364,0.4871301362496595,Tien Giang,South,Vax Center,Tier 1
HCO1352,406801062.0,115.0,467,0.0006403916098585227,0.487770527859518,Hanoi,North,Vax Center,Tier 2
HCO1578,406325825.0,117.0,468,0.0006396434854903165,0.48841017134500836,Vinh Phuc,North,Vax Center,Tier 1
HCO0321,406135620.0,118.0,469,0.0006393440622647371,0.4890495154072731,Quang Ngai,Central,Hospital,Tier 1
HCO0151,405614562.0,117.0,470,0.0006385238058725607,0.48968803921314563,Ba Ria - Vung Tau,South,Vax Center,Tier 2
HCO0658,404378847.0,113.0,471,0.0006365785269829586,0.4903246177401286,Can Tho,South,Hospital,Tier 2
HCO1891,402729038.0,114.0,472,0.000633981375844083,0.49095859911597267,Quang Binh,Central,Vax Center,Tier 2
HCO0275,400535557.0,115.0,473,0.0006305283690552657,0.4915891274850279,Ho Chi Minh City,South,Vax Center,Tier 1
HCO1434,400418093.0,112.0,474,0.0006303434556735489,0.49221947094070145,Ninh Binh,North,Vax Center,Tier 1
HCO0015,399974555.0,117.0,475,0.0006296452322902151,0.49284911617299165,Binh Duong,South,Vax Center,Tier 2
HCO0660,399394844.0,117.0,476,0.0006287326435700246,0.4934778488165617,Hue,Central,Vax Center,Tier 2
HCO1852,399328524.0,107.0,477,0.0006286282417492502,0.49410647705831096,Quang Ngai,Central,Vax Center,Tier 2
HCO1038,398446514.0,114.0,478,0.0006272397699467569,0.49473371682825773,Khanh Hoa,South,Vax Center,Tier 2
HCO1021,398228089.0,107.0,479,0.0006268959224240988,0.49536061275068183,Binh Dinh,Central,Vax Center,Tier 1
HCO1310,398079934.0,112.0,480,0.0006266626948644358,0.49598727544554627,Nghe An,Central,Vax Center,Tier 2
HCO1053,397672998.0,114.0,481,0.0006260220908333937,0.49661329753637967,Long An,South,Vax Center,Tier 2
HCO0020,397246961.0,114.0,482,0.0006253514177556296,0.4972386489541353,Bac Ninh,North,Hospital,Tier 2
HCO1830,396420864.0,114.0,483,0.0006240509649369265,0.4978626999190722,Vinh Phuc,North,Vax Center,Tier 2
HCO1920,396205005.0,112.0,484,0.0006237111568453919,0.4984864110759176,Long An,South,Vax Center,Tier 2
HCO1787,395807943.0,114.0,485,0.0006230860965956877,0.4991094971725133,Dong Nai,South,Vax Center,Tier 2
HCO0964,395737256.0,109.0,486,0.0006229748201857799,0.4997324719926991,Hung Yen,North,Vax Center,Tier 2
HCO0981,395682390.0,111.0,487,0.0006228884494032314,0.5003553604421024,Binh Dinh,Central,Vax Center,Tier 2
HCO0081,395651626.0,103.0,488,0.0006228400203077201,0.5009782004624102,Ha Tinh,Central,Vax Center,Tier 1
HCO1865,395344676.0,110.0,489,0.0006223568155597294,0.5016005572779699,Nam Dinh,North,Hospital,Tier 2
HCO1669,395333689.0,112.0,490,0.0006223395196790772,0.502222896797649,Can Tho,South,Hospital,Tier 2
HCO0994,394996082.0,109.0,491,0.0006218080542763898,0.5028447048519253,Hue,Central,Vax Center,Tier 2
HCO1104,394863030.0,114.0,492,0.0006215986020589939,0.5034663034539844,Lam Dong,South,Vax Center,Tier 2
HCO0804,394479325.0,113.0,493,0.0006209945685752741,0.5040872980225596,Binh Dinh,Central,Hospital,Tier 2
HCO1819,392569342.0,113.0,494,0.0006179878480860036,0.5047052858706456,Nghe An,Central,Vax Center,Tier 1
HCO1222,392551321.0,111.0,495,0.0006179594791895594,0.5053232453498351,Quang Ninh,North,Vax Center,Tier 2
HCO1268,392021364.0,109.0,496,0.000617125213873935,0.505940370563709,Hai Duong,North,Vax Center,Tier 2
HCO1228,391560942.0,111.0,497,0.0006164004114745886,0.5065567709751836,Binh Duong,South,Vax Center,Tier 2
HCO0538,391350058.0,111.0,498,0.0006160684350938253,0.5071728394102775,Hai Phong,North,Vax Center,Tier 2
HCO0969,391311464.0,109.0,499,0.0006160076799087985,0.5077888470901862,Kien Giang,South,Vax Center,Tier 2
HCO1182,391192356.0,112.0,500,0.0006158201785205474,0.5084046672687068,Binh Duong,South,Vax Center,Tier 2
HCO1566,390691949.0,113.0,501,0.0006150324312055848,0.5090196996999123,Khanh Hoa,South,Vax Center,Tier 2
HCO0421,390316110.0,107.0,502,0.0006144407804830564,0.5096341404803953,Hai Phong,North,Vax Center,Tier 2
HCO0069,390043866.0,111.0,503,0.0006140122103790916,0.5102481526907744,Bac Ninh,North,Vax Center,Tier 2
HCO0910,390043675.0,114.0,504,0.0006140119097043664,0.5108621646004787,Quang Ninh,North,Vax Center,Tier 2
HCO1067,388596939.0,104.0,505,0.0006117344387667899,0.5114738990392456,Thai Nguyen,North,Vax Center,Tier 2
HCO0655,388561828.0,117.0,506,0.0006116791665664097,0.512085578205812,Quang Ngai,Central,Vax Center,Tier 2
HCO1872,388250486.0,109.0,507,0.0006111890478739552,0.512696767253686,Hanoi,North,Vax Center,Tier 2
HCO0186,387820779.0,107.0,508,0.0006105125974336722,0.5133072798511197,Lam Dong,South,Vax Center,Tier 1
HCO1530,387619752.0,105.0,509,0.000610196138072622,0.5139174759891924,Ho Chi Minh City,South,Vax Center,Tier 2
HCO1719,387480648.0,106.0,510,0.0006099771587168165,0.5145274531479092,Quang Binh,Central,Vax Center,Tier 2
HCO0954,387348075.0,106.0,511,0.0006097684605475532,0.5151372216084567,Quang Binh,Central,Vax Center,Tier 2
HCO1535,386573792.0,117.0,512,0.0006085495740126501,0.5157457711824693,Dong Nai,South,Vax Center,Tier 2
HCO0117,386544106.0,108.0,513,0.0006085028419189904,0.5163542740243884,Ninh Binh,North,Vax Center,Tier 2
HCO0161,385752466.0,109.0,514,0.0006072566317652214,0.5169615306561536,Tien Giang,South,Hospital,Tier 1
HCO0504,385463299.0,115.0,515,0.0006068014212509285,0.5175683320774045,Quang Ngai,Central,Vax Center,Tier 2
HCO0599,384196915.0,111.0,516,0.0006048078628160709,0.5181731399402205,Da Nang,Central,Vax Center,Tier 1
HCO0381,383746719.0,111.0,517,0.000604099158321116,0.5187772390985417,Binh Dinh,Central,Hospital,Tier 1
HCO1593,383247719.0,107.0,518,0.0006033136259241543,0.5193805527244658,Binh Duong,South,Vax Center,Tier 2
HCO0699,382498910.0,115.0,519,0.0006021348408968267,0.5199826875653626,Ha Tinh,Central,Vax Center,Tier 2
HCO1055,382465428.0,111.0,520,0.0006020821330897826,0.5205847696984524,Kien Giang,South,Vax Center,Tier 2
HCO0945,382178202.0,103.0,521,0.0006016299781233502,0.5211863996765757,Ninh Binh,North,Hospital,Tier 2
HCO0371,381614031.0,107.0,522,0.0006007418526766043,0.5217871415292522,Nam Dinh,North,Vax Center,Tier 2
HCO0313,381185481.0,109.0,523,0.0006000672236010173,0.5223872087528533,Binh Duong,South,Vax Center,Tier 2
HCO1863,380925459.0,104.0,524,0.0005996578935310318,0.5229868666463843,Da Nang,Central,Vax Center,Tier 2
HCO0985,380426627.0,107.0,525,0.0005988726256018911,0.5235857392719862,Ninh Binh,North,Vax Center,Tier 2
HCO0459,380127383.0,106.0,526,0.0005984015517409765,0.5241841408237271,Da Nang,Central,Vax Center,Tier 2
HCO1118,380073709.0,105.0,527,0.0005983170574205867,0.5247824578811477,Binh Duong,South,Hospital,Tier 1
HCO1208,379642788.0,111.0,528,0.0005976386958854542,0.5253800965770332,Ha Tinh,Central,Vax Center,Tier 2
HCO0639,378503565.0,108.0,529,0.0005958453159779115,0.5259759418930111,Vinh Phuc,North,Vax Center,Tier 2
HCO0991,378204068.0,106.0,530,0.0005953738438410521,0.5265713157368521,Ba Ria - Vung Tau,South,Hospital,Tier 1
HCO0224,378039044.0,113.0,531,0.0005951140608785747,0.5271664297977307,Thai Nguyen,North,Hospital,Tier 2
HCO0811,377465650.0,108.0,532,0.0005942114164632973,0.527760641214194,Hanoi,North,Vax Center,Tier 2
HCO1124,377349439.0,114.0,533,0.0005940284755707457,0.5283546696897647,Hai Duong,North,Vax Center,Tier 2
HCO0148,375994599.0,110.0,534,0.0005918956685312676,0.528946565358296,Kien Giang,South,Vax Center,Tier 2
HCO0363,375814537.0,101.0,535,0.0005916122125503825,0.5295381775708463,Quang Nam,Central,Vax Center,Tier 2
HCO1346,375743184.0,105.0,536,0.0005914998877144699,0.5301296774585608,Quang Ninh,North,Vax Center,Tier 2
HCO1937,375709902.0,111.0,537,0.0005914474947500696,0.5307211249533108,Lam Dong,South,Vax Center,Tier 1
HCO0357,375574245.0,112.0,538,0.0005912339417072348,0.531312358895018,Khanh Hoa,South,Vax Center,Tier 2
HCO0721,374840002.0,109.0,539,0.000590078086669675,0.5319024369816877,Vinh Phuc,North,Vax Center,Tier 2
HCO1155,374722795.0,100.0,540,0.0005898935778607559,0.5324923305595485,Hung Yen,North,Vax Center,Tier 2
HCO0664,374283709.0,111.0,541,0.000589202362874679,0.5330815329224231,Ninh Binh,North,Vax Center,Tier 2
HCO0352,374267369.0,104.0,542,0.0005891766402306583,0.5336707095626537,Tien Giang,South,Vax Center,Tier 2
HCO1610,372307032.0,109.0,543,0.0005860906518088896,0.5342568002144626,Lam Dong,South,Vax Center,Tier 2
HCO1421,371220170.0,107.0,544,0.0005843796992797783,0.5348411799137425,Binh Duong,South,Vax Center,Tier 2
HCO0692,371130244.0,106.0,545,0.0005842381365817238,0.5354254180503242,Ha Tinh,Central,Vax Center,Tier 2
HCO0304,369972804.0,110.0,546,0.0005824160792319458,0.5360078341295561,Ho Chi Minh City,South,Vax Center,Tier 2
HCO1120,369096345.0,106.0,547,0.0005810363458870387,0.5365888704754431,Ba Ria - Vung Tau,South,Vax Center,Tier 2
HCO1959,368395317.0,110.0,548,0.0005799327783415933,0.5371688032537847,Kien Giang,South,Vax Center,Tier 2
HCO0385,367985250.0,105.0,549,0.0005792872454489583,0.5377480904992337,Hanoi,North,Hospital,Tier 2
HCO0841,367703354.0,105.0,550,0.0005788434810389905,0.5383269339802726,Lam Dong,South,Vax Center,Tier 2
HCO0893,366936836.0,105.0,551,0.0005776368182697436,0.5389045707985424,Quang Ngai,Central,Vax Center,Tier 2
HCO1950,365845330.0,104.0,552,0.0005759185550944369,0.5394804893536368,Hung Yen,North,Vax Center,Tier 2
HCO1679,365737458.0,99.0,553,0.0005757487415659298,0.5400562380952028,Ho Chi Minh City,South,Hospital,Tier 2
HCO0627,365650750.0,103.0,554,0.0005756122446860185,0.5406318503398888,Ho Chi Minh City,South,Vax Center,Tier 2
HCO1489,365414457.0,104.0,555,0.000575240269121539,0.5412070906090104,Hai Duong,North,Vax Center,Tier 2
HCO1914,364895813.0,103.0,556,0.0005744238128800765,0.5417815144218905,Hung Yen,North,Vax Center,Tier 2
HCO0059,364299418.0,109.0,557,0.0005734849599865176,0.542354999381877,Hai Duong,North,Vax Center,Tier 2
HCO1506,363872624.0,107.0,558,0.0005728130952293455,0.5429278124771064,Quang Binh,Central,Vax Center,Tier 2
HCO1913,363761044.0,106.0,559,0.0005726374445182173,0.5435004499216246,Nghe An,Central,Vax Center,Tier 2
HCO0277,363321908.0,104.0,560,0.0005719461508214796,0.5440723960724461,Nghe An,Central,Vax Center,Tier 2
HCO0383,363262288.0,102.0,561,0.0005718522962292814,0.5446442483686753,Quang Ninh,North,Vax Center,Tier 2
HCO1971,362992375.0,99.0,562,0.0005714273956163333,0.5452156757642916,Ho Chi Minh City,South,Vax Center,Tier 2
HCO0492,362963326.0,98.0,563,0.000571381666296495,0.5457870574305881,Thanh Hoa,Central,Vax Center,Tier 2
HCO1911,362885321.0,106.0,564,0.0005712588697942405,0.5463583163003823,Thai Nguyen,North,Vax Center,Tier 2
HCO1625,362838759.0,105.0,565,0.0005711855712782739,0.5469295018716606,Tien Giang,South,Hospital,Tier 2
HCO1764,362810961.0,109.0,566,0.0005711418112991742,0.5475006436829597,Khanh Hoa,South,Vax Center,Tier 1
HCO0310,361435859.0,103.0,567,0.0005689771075514253,0.5480696207905111,Tien Giang,South,Vax Center,Tier 2
HCO1550,361388039.0,107.0,568,0.0005689018286752274,0.5486385226191863,Ho Chi Minh City,South,Vax Center,Tier 1
HCO1889,360919072.0,102.0,569,0.0005681635746239129,0.5492066861938102,Quang Ngai,Central,Vax Center,Tier 2
HCO0223,360565324.0,105.0,570,0.0005676066998456357,0.5497742928936559,Ha Tinh,Central,Vax Center,Tier 1
HCO0072,360326059.0,103.0,571,0.0005672300457194652,0.5503415229393753,Khanh Hoa,South,Hospital,Tier 2
HCO1368,359828564.0,102.0,572,0.0005664468825134002,0.5509079698218887,Long An,South,Vax Center,Tier 1
HCO1982,359775276.0,99.0,573,0.0005663629958393135,0.5514743328177281,Vinh Phuc,North,Hospital,Tier 2
HCO0650,359452071.0,102.0,574,0.0005658542022554257,0.5520401870199835,Thanh Hoa,Central,Vax Center,Tier 2
HCO1309,359407468.0,96.0,575,0.0005657839876231578,0.5526059710076067,Ho Chi Minh City,South,Vax Center,Tier 2
HCO1114,359232555.0,106.0,576,0.0005655086372661443,0.5531714796448728,Binh Duong,South,Vax Center,Tier 2
HCO1342,359029771.0,100.0,577,0.0005651894120124659,0.5537366690568852,Can Tho,South,Vax Center,Tier 2
HCO1323,358480237.0,96.0,578,0.0005643243283246264,0.5543009933852099,Vinh Phuc,North,Vax Center,Tier 2
HCO0245,358363400.0,103.0,579,0.0005641404019745988,0.5548651337871845,Khanh Hoa,South,Hospital,Tier 2
HCO0592,358159508.0,106.0,580,0.0005638194324926723,0.5554289532196771,Quang Binh,Central,Vax Center,Tier 2
HCO1603,358000674.0,108.0,581,0.000563569393910029,0.5559925226135871,Binh Dinh,Central,Vax Center,Tier 2
HCO0474,357863285.0,98.0,582,0.0005633531143298964,0.556555875727917,Quang Tri,Central,Vax Center,Tier 2
HCO0703,357848646.0,100.0,583,0.0005633300694225635,0.5571192057973395,Quang Ninh,North,Vax Center,Tier 2
HCO0693,357826580.0,101.0,584,0.000563295332833643,0.5576825011301731,Hanoi,North,Vax Center,Tier 2
HCO1744,355639870.0,98.0,585,0.0005598529850425408,0.5582423541152157,Ba Ria - Vung Tau,South,Vax Center,Tier 2
HCO1386,355211957.0,98.0,586,0.0005591793587407752,0.5588015334739564,Binh Duong,South,Vax Center,Tier 2
HCO1853,354971143.0,101.0,587,0.0005588002661583264,0.5593603337401147,Nghe An,Central,Vax Center,Tier 2
HCO1320,354398298.0,98.0,588,0.000557898485986107,0.5599182322261008,Bac Ninh,North,Vax Center,Tier 2
HCO1586,354322327.0,96.0,589,0.0005577788914335427,0.5604760111175343,Hung Yen,North,Vax Center,Tier 2
HCO1898,354271154.0,101.0,590,0.000557698334220417,0.5610337094517547,Khanh Hoa,South,Vax Center,Tier 2
HCO1440,353975852.0,104.0,591,0.0005572334659080171,0.5615909429176626,Hai Duong,North,Vax Center,Tier 2
HCO1977,353964066.0,95.0,592,0.0005572149122310019,0.5621481578298937,Quang Binh,Central,Vax Center,Tier 2
HCO0905,353949416.0,97.0,593,0.0005571918500073235,0.562705349679901,Dong Nai,South,Vax Center,Tier 2
HCO0908,352678992.0,104.0,594,0.0005551919317510558,0.5632605416116521,Bac Ninh,North,Vax Center,Tier 2
HCO1026,352463689.0,99.0,595,0.0005548529989220718,0.5638153946105742,Binh Dinh,Central,Vax Center,Tier 2
HCO1001,352196062.0,100.0,596,0.0005544316969605455,0.5643698263075347,Da Nang,Central,Vax Center,Tier 2
HCO0558,352081774.0,100.0,597,0.0005542517832800164,0.5649240780908148,Ninh Binh,North,Vax Center,Tier 1
HCO1444,352056179.0,96.0,598,0.0005542114912926412,0.5654782895821074,Quang Binh,Central,Vax Center,Tier 2
HCO1400,352032648.0,105.0,599,0.0005541744484813528,0.5660324640305888,Ha Tinh,Central,Hospital,Tier 2
HCO1930,350975239.0,97.0,600,0.0005525098612542209,0.566584973891843,Quang Ngai,Central,Vax Center,Tier 2
HCO0091,350925458.0,101.0,601,0.000552431495345898,0.5671374053871889,Quang Nam,Central,Vax Center,Tier 2
HCO1365,350736954.0,98.0,602,0.0005521347498570065,0.567689540137046,Binh Duong,South,Vax Center,Tier 2
HCO1753,350592267.0,106.0,603,0.0005519069816687917,0.5682414471187147,Vinh Phuc,North,Vax Center,Tier 2
HCO1240,350085734.0,100.0,604,0.000551109590723641,0.5687925567094384,Quang Binh,Central,Vax Center,Tier 2
HCO0508,349519227.0,98.0,605,0.0005502177879148123,0.5693427744973533,Hai Duong,North,Vax Center,Tier 2
HCO1270,349387522.0,98.0,606,0.0005500104561626242,0.5698927849535159,Nghe An,Central,Vax Center,Tier 2
HCO0835,349263468.0,94.0,607,0.0005498151687157852,0.5704426001222317,Quang Ninh,North,Vax Center,Tier 2
HCO1293,349119612.0,98.0,608,0.0005495887086987565,0.5709921888309305,Hanoi,North,Vax Center,Tier 2
HCO1667,349059115.0,100.0,609,0.0005494934735215642,0.571541682304452,Hung Yen,North,Vax Center,Tier 2
HCO1565,348708193.0,101.0,610,0.0005489410474698476,0.5720906233519218,Binh Duong,South,Vax Center,Tier 2
HCO0962,348667998.0,100.0,611,0.0005488777719694551,0.5726395011238913,Dong Nai,South,Vax Center,Tier 2
HCO1608,348086353.0,94.0,612,0.0005479621387208965,0.5731874632626122,Long An,South,Vax Center,Tier 2
HCO0465,347525763.0,98.0,613,0.0005470796505316925,0.5737345429131439,Dong Nai,South,Vax Center,Tier 2
HCO0027,346780368.0,104.0,614,0.0005459062398682994,0.5742804491530121,Quang Binh,Central,Vax Center,Tier 2
HCO0164,346606989.0,102.0,615,0.0005456333043543658,0.5748260824573665,Binh Duong,South,Hospital,Tier 2
HCO1130,345964625.0,103.0,616,0.0005446220864532799,0.5753707045438198,Dong Nai,South,Vax Center,Tier 2
HCO1703,345843821.0,97.0,617,0.0005444319151994071,0.5759151364590192,Dong Nai,South,Vax Center,Tier 2
HCO0515,345503200.0,98.0,618,0.0005438957051180735,0.5764590321641372,Bac Ninh,North,Hospital,Tier 2
HCO1350,345464220.0,98.0,619,0.0005438343422867436,0.577002866506424,Ha Tinh,Central,Vax Center,Tier 2
HCO0333,344953808.0,96.0,620,0.0005430308449685112,0.5775458973513925,Bac Ninh,North,Hospital,Tier 2
HCO1510,344899463.0,95.0,621,0.0005429452943510506,0.5780888426457436,Ha Tinh,Central,Vax Center,Tier 1
HCO0228,344472692.0,100.0,622,0.0005422734658007825,0.5786311161115444,Quang Ninh,North,Vax Center,Tier 2
HCO0810,344450015.0,101.0,623,0.0005422377673675844,0.579173353878912,Quang Tri,Central,Vax Center,Tier 2
HCO1023,343725940.0,97.0,624,0.0005410979189300493,0.5797144517978421,Vinh Phuc,North,Vax Center,Tier 2
HCO1423,343613964.0,101.0,625,0.0005409216448304859,0.5802553734426725,Ho Chi Minh City,South,Hospital,Tier 2
HCO0756,342912045.0,101.0,626,0.0005398166746610611,0.5807951901173336,Thanh Hoa,Central,Vax Center,Tier 1
HCO0338,342735319.0,95.0,627,0.0005395384702554791,0.5813347285875891,Binh Dinh,Central,Vax Center,Tier 2
HCO1037,342556753.0,103.0,628,0.0005392573692975716,0.5818739859568867,Nghe An,Central,Vax Center,Tier 2
HCO1986,342404180.0,94.0,629,0.0005390171868639009,0.5824130031437506,Quang Tri,Central,Hospital,Tier 2
HCO1054,342397026.0,104.0,630,0.0005390059249425225,0.582952009068693,Ho Chi Minh City,South,Vax Center,Tier 2
HCO0930,342283755.0,100.0,631,0.0005388276122368386,0.5834908366809299,Hue,Central,Hospital,Tier 1
HCO0657,341929051.0,103.0,632,0.0005382692325107227,0.5840291059134407,Nghe An,Central,Vax Center,Tier 2
HCO0859,341627733.0,99.0,633,0.0005377948937315889,0.5845669008071723,Hai Duong,North,Vax Center,Tier 2
HCO1096,341438882.0,93.0,634,0.00053749760199071,0.5851043984091631,Da Nang,Central,Vax Center,Tier 2
HCO0707,340109264.0,99.0,635,0.0005354044997570761,0.5856398029089201,Hung Yen,North,Vax Center,Tier 2
HCO1997,339904205.0,102.0,636,0.0005350816931683214,0.5861748846020884,Binh Duong,South,Vax Center,Tier 1
HCO0628,339693795.0,100.0,637,0.0005347504629646246,0.586709635065053,Vinh Phuc,North,Vax Center,Tier 2
HCO0601,339689332.0,100.0,638,0.0005347434372510221,0.587244378502304,Long An,South,Vax Center,Tier 2
HCO0654,339219598.0,98.0,639,0.0005340039757781677,0.5877783824780822,Ha Tinh,Central,Hospital,Tier 2
HCO1837,338724229.0,97.0,640,0.0005332241593494091,0.5883116066374316,Tien Giang,South,Vax Center,Tier 2
HCO0501,338096788.0,97.0,641,0.0005322364334322108,0.5888438430708639,Khanh Hoa,South,Vax Center,Tier 1
HCO1835,337988665.0,97.0,642,0.0005320662247761853,0.5893759092956401,Quang Ngai,Central,Vax Center,Tier 2
HCO1666,337411910.0,97.0,643,0.0005311582894302742,0.5899070675850704,Quang Tri,Central,Vax Center,Tier 2
HCO1641,337203826.0,91.0,644,0.000530830720846528,0.5904378983059169,Nam Dinh,North,Vax Center,Tier 2
HCO1361,336706228.0,94.0,645,0.0005300473954965014,0.5909679457014133,Tien Giang,South,Vax Center,Tier 2
HCO0773,336567784.0,92.0,646,0.0005298294551214212,0.5914977751565347,Ba Ria - Vung Tau,South,Vax Center,Tier 2
HCO0353,336550945.0,101.0,647,0.0005298029469450035,0.5920275781034797,Dong Nai,South,Hospital,Tier 2
HCO0705,335787839.0,98.0,648,0.0005286016553912644,0.592556179758871,Hai Phong,North,Vax Center,Tier 2
HCO1912,335252887.0,90.0,649,0.0005277595268806043,0.5930839392857515,Ha Tinh,Central,Vax Center,Tier 2
HCO1953,334499230.0,90.0,650,0.0005265731100675844,0.5936105123958191,Ho Chi Minh City,South,Vax Center,Tier 2
HCO0135,334490476.0,102.0,651,0.0005265593294050534,0.5941370717252241,Da Nang,Central,Vax Center,Tier 2
HCO1864,334058002.0,94.0,652,0.0005258785231167896,0.5946629502483409,Hanoi,North,Vax Center,Tier 2
HCO1098,334030996.0,90.0,653,0.0005258360099145605,0.5951887862582554,Khanh Hoa,South,Vax Center,Tier 2
HCO0667,334027954.0,97.0,654,0.0005258312211579441,0.5957146174794133,Lam Dong,South,Vax Center,Tier 2
HCO0612,333968870.0,97.0,655,0.0005257382103440321,0.5962403556897574,Binh Duong,South,Vax Center,Tier 2
HCO0928,333033602.0,99.0,656,0.0005242658990938487,0.5967646215888512,Quang Tri,Central,Hospital,Tier 2
HCO1663,332975774.0,96.0,657,0.0005241748654917415,0.597288796454343,Thai Nguyen,North,Vax Center,Tier 2
HCO0571,332763045.0,95.0,658,0.0005238399846875867,0.5978126364390306,Quang Binh,Central,Vax Center,Tier 2
HCO0334,332737771.0,94.0,659,0.0005238001980226552,0.5983364366370533,Quang Ninh,North,Vax Center,Tier 2
HCO1978,332656795.0,93.0,660,0.000523672724532923,0.5988601093615862,Bac Ninh,North,Vax Center,Tier 2
HCO0263,331647038.0,94.0,661,0.0005220831517141679,0.5993821925133004,Long An,South,Vax Center,Tier 2
HCO0276,331447365.0,89.0,662,0.0005217688238378182,0.5999039613371382,Quang Binh,Central,Vax Center,Tier 2
HCO0861,331092735.0,96.0,663,0.0005212105606034804,0.6004251718977417,Ninh Binh,North,Vax Center,Tier 2
HCO0450,330580264.0,95.0,664,0.0005204038219802273,0.600945575719722,Nghe An,Central,Vax Center,Tier 2
HCO0556,330306361.0,89.0,665,0.0005199726402565299,0.6014655483599785,Quang Ngai,Central,Vax Center,Tier 2
HCO0260,329470456.0,96.0,666,0.0005186567475545616,0.601984205107533,Quang Ninh,North,Hospital,Tier 2
HCO0838,329385025.0,92.0,667,0.0005185222609449326,0.602502727368478,Binh Duong,South,Vax Center,Tier 2
HCO0389,328905856.0,95.0,668,0.000517767946770344,0.6030204953152484,Hung Yen,North,Vax Center,Tier 2
HCO1674,328701993.0,93.0,669,0.000517447022940601,0.603537942338189,Quang Ngai,Central,Vax Center,Tier 2
HCO0231,328465326.0,88.0,670,0.0005170744586203771,0.6040550167968094,Bac Ninh,North,Vax Center,Tier 2
HCO1192,328370482.0,96.0,671,0.0005169251539417049,0.6045719419507511,Hung Yen,North,Vax Center,Tier 2
HCO0449,328023010.0,92.0,672,0.0005163781589255985,0.6050883201096767,Quang Ngai,Central,Vax Center,Tier 2
HCO0050,327999527.0,92.0,673,0.0005163411916765448,0.6056046613013533,Dong Nai,South,Vax Center,Tier 2
HCO0358,327962868.0,89.0,674,0.0005162834825940994,0.6061209447839474,Can Tho,South,Vax Center,Tier 2
HCO1870,327766522.0,91.0,675,0.0005159743921251338,0.6066369191760725,Hai Phong,North,Vax Center,Tier 1
HCO0376,327451506.0,93.0,676,0.0005154784897733076,0.6071523976658458,Ho Chi Minh City,South,Vax Center,Tier 2
HCO0162,327369203.0,95.0,677,0.000515348927302632,0.6076677465931485,Thai Nguyen,North,Vax Center,Tier 2
HCO0562,326979548.0,97.0,678,0.000514735527250251,0.6081824821203987,Ha Tinh,Central,Vax Center,Tier 2
HCO0545,326969960.0,90.0,679,0.0005147204336938943,0.6086972025540927,Ho Chi Minh City,South,Vax Center,Tier 2
HCO1517,326837422.0,91.0,680,0.0005145117906220936,0.6092117143447148,Thai Nguyen,North,Vax Center,Tier 1
HCO0114,326698693.0,93.0,681,0.0005142934015962457,0.609726007746311,Da Nang,Central,Vax Center,Tier 2
HCO0230,325022068.0,92.0,682,0.0005116540363556529,0.6102376617826667,Quang Nam,Central,Vax Center,Tier 2
HCO1938,324940321.0,92.0,683,0.0005115253491475278,0.6107491871318143,Ho Chi Minh City,South,Vax Center,Tier 2
HCO1778,324632474.0,95.0,684,0.0005110407323302784,0.6112602278641446,Ha Tinh,Central,Vax Center,Tier 2
HCO1401,324586217.0,93.0,685,0.000510967913949344,0.6117711957780939,Tien Giang,South,Vax Center,Tier 2
HCO0109,324534709.0,95.0,686,0.0005108868293747895,0.6122820826074687,Dong Nai,South,Hospital,Tier 2
HCO0268,324451645.0,95.0,687,0.0005107560689278532,0.6127928386763966,Binh Duong,South,Vax Center,Tier 2
HCO1774,324185435.0,90.0,688,0.0005103369976264601,0.613303175674023,Khanh Hoa,South,Vax Center,Tier 2
HCO1157,323968132.0,90.0,689,0.0005099949163710353,0.6138131705903941,Nghe An,Central,Vax Center,Tier 2
HCO0582,323962443.0,86.0,690,0.0005099859606720247,0.6143231565510661,Binh Dinh,Central,Vax Center,Tier 2
HCO1002,323956007.0,89.0,691,0.0005099758290357385,0.6148331323801018,Lam Dong,South,Vax Center,Tier 2
HCO1650,323585244.0,84.0,692,0.0005093921690195166,0.6153425245491213,Quang Tri,Central,Vax Center,Tier 2
HCO0153,322972910.0,97.0,693,0.0005084282247414382,0.6158509527738627,Quang Tri,Central,Vax Center,Tier 2
HCO1784,322793682.0,93.0,694,0.0005081460816543788,0.6163590988555171,Thai Nguyen,North,Vax Center,Tier 2
HCO1584,322518892.0,92.0,695,0.0005077135036035549,0.6168668123591207,Nghe An,Central,Vax Center,Tier 2
HCO1797,322201036.0,94.0,696,0.0005072131304861829,0.6173740254896068,Quang Tri,Central,Vax Center,Tier 2
HCO0851,321393781.0,95.0,697,0.000505942338992978,0.6178799678285998,Nghe An,Central,Vax Center,Tier 2
HCO0011,321112830.0,94.0,698,0.0005055000622145035,0.6183854678908143,Ha Tinh,Central,Vax Center,Tier 2
HCO0108,320115338.0,92.0,699,0.0005039297971208962,0.6188893976879352,Quang Binh,Central,Vax Center,Tier 2
HCO0796,320084400.0,95.0,700,0.0005038810941122846,0.6193932787820474,Hanoi,North,Vax Center,Tier 2
HCO1028,319980468.0,98.0,701,0.0005037174829838657,0.6198969962650313,Hung Yen,North,Hospital,Tier 2
HCO1772,319836698.0,88.0,702,0.000503491158349174,0.6204004874233804,Quang Ngai,Central,Vax Center,Tier 2
HCO1516,319806713.0,88.0,703,0.0005034439555657613,0.6209039313789462,Nghe An,Central,Vax Center,Tier 2
HCO1892,319413764.0,93.0,704,0.0005028253700550324,0.6214067567490013,Vinh Phuc,North,Vax Center,Tier 2
HCO1995,319295762.0,89.0,705,0.0005026396097466031,0.6219093963587479,Ha Tinh,Central,Vax Center,Tier 2
HCO1894,319172513.0,89.0,706,0.0005024455895414065,0.6224118419482892,Thanh Hoa,Central,Hospital,Tier 2
HCO1184,318701895.0,88.0,707,0.0005017047364640651,0.6229135466847533,Nghe An,Central,Vax Center,Tier 2
HCO1298,318625129.0,90.0,708,0.0005015838904119907,0.6234151305751653,Da Nang,Central,Vax Center,Tier 2
HCO1607,318471877.0,89.0,709,0.0005013426390875435,0.6239164732142528,Nghe An,Central,Vax Center,Tier 2
HCO1451,317612250.0,84.0,710,0.0004999894028995616,0.6244164626171523,Ha Tinh,Central,Vax Center,Tier 2
HCO0494,317118859.0,92.0,711,0.000499212700264553,0.6249156753174169,Quang Ngai,Central,Vax Center,Tier 2
HCO1761,317069690.0,90.0,712,0.000499135297774721,0.6254148106151916,Dong Nai,South,Vax Center,Tier 2
HCO1484,316703430.0,88.0,713,0.0004985587264406304,0.6259133693416322,Dong Nai,South,Vax Center,Tier 2
HCO0490,316605577.0,89.0,714,0.0004984046849543781,0.6264117740265865,Binh Duong,South,Vax Center,Tier 2
HCO0752,316571356.0,90.0,715,0.000498350813803764,0.6269101248403903,Long An,South,Vax Center,Tier 2
HCO1948,315863181.0,92.0,716,0.0004972359953564328,0.6274073608357468,Tien Giang,South,Vax Center,Tier 2
HCO1068,315246896.0,93.0,717,0.0004962658313619207,0.6279036266671087,Binh Duong,South,Vax Center,Tier 2
HCO1531,314695890.0,83.0,718,0.0004953984304322209,0.628399025097541,Kien Giang,South,Vax Center,Tier 2
HCO1092,314157984.0,88.0,719,0.0004945516516957077,0.6288935767492367,Quang Ninh,North,Vax Center,Tier 2
HCO0175,313921885.0,86.0,720,0.000494179981528593,0.6293877567307653,Hanoi,North,Vax Center,Tier 2
HCO1580,313608677.0,86.0,721,0.0004936869253542692,0.6298814436561195,Ha Tinh,Central,Vax Center,Tier 2
HCO0679,312689856.0,85.0,722,0.0004922405051889211,0.6303736841613085,Ha Tinh,Central,Vax Center,Tier 2
HCO1827,312320471.0,92.0,723,0.000491659014438517,0.6308653431757469,Thai Nguyen,North,Vax Center,Tier 2
HCO1186,311823429.0,92.0,724,0.0004908765643510407,0.631356219740098,Quang Tri,Central,Vax Center,Tier 2
HCO0892,311131598.0,86.0,725,0.0004897874748445831,0.6318460072149427,Ho Chi Minh City,South,Vax Center,Tier 2
HCO1994,310855867.0,89.0,726,0.0004893534154591189,0.6323353606304017,Thai Nguyen,North,Vax Center,Tier 2
HCO1987,310768599.0,91.0,727,0.0004892160370198042,0.6328245766674215,Vinh Phuc,North,Vax Center,Tier 2
HCO1126,310672547.0,90.0,728,0.0004890648306915618,0.6333136414981131,Hai Phong,North,Vax Center,Tier 2
HCO0507,310669292.0,91.0,729,0.0004890597066275295,0.6338027012047406,Quang Tri,Central,Vax Center,Tier 2
HCO0441,310658445.0,86.0,730,0.0004890426311367282,0.6342917438358773,Nghe An,Central,Vax Center,Tier 2
HCO1314,310151341.0,89.0,731,0.0004882443413158288,0.634779988177193,Da Nang,Central,Vax Center,Tier 2
HCO1594,310125171.0,91.0,732,0.0004882031441558518,0.6352681913213489,Quang Ninh,North,Vax Center,Tier 2
HCO0992,310029340.0,88.0,733,0.0004880522857287311,0.6357562436070776,Dong Nai,South,Vax Center,Tier 2
HCO0021,309995261.0,93.0,734,0.0004879986381163943,0.636244242245194,Hung Yen,North,Vax Center,Tier 2
HCO0410,309857814.0,87.0,735,0.00048778226723189495,0.6367320245124259,Quang Ngai,Central,Vax Center,Tier 2
HCO0806,309296361.0,87.0,736,0.0004868984204966819,0.6372189229329226,Da Nang,Central,Vax Center,Tier 2
HCO1689,309292680.0,87.0,737,0.00048689262581781776,0.6377058155587404,Binh Dinh,Central,Vax Center,Tier 2
HCO1742,309094037.0,90.0,738,0.000486579919381085,0.6381923954781215,Dong Nai,South,Vax Center,Tier 2
HCO0785,308610406.0,92.0,739,0.00048581858106710714,0.6386782140591886,Bac Ninh,North,Vax Center,Tier 2
HCO0966,308572506.0,87.0,740,0.00048575891838605533,0.6391639729775747,Ha Tinh,Central,Vax Center,Tier 2
HCO1426,308305453.0,91.0,741,0.00048533852002291745,0.6396493114975976,Quang Ninh,North,Vax Center,Tier 2
HCO1574,308180202.0,85.0,742,0.00048514134824285363,0.6401344528458405,Binh Duong,South,Vax Center,Tier 2
HCO1188,307712853.0,90.0,743,0.00048440564126852974,0.640618858487109,Da Nang,Central,Vax Center,Tier 2
HCO1996,307701085.0,89.0,744,0.0004843871159273525,0.6411032456030363,Nghe An,Central,Vax Center,Tier 2
HCO0181,307486678.0,87.0,745,0.0004840495935934139,0.6415872951966297,Khanh Hoa,South,Vax Center,Tier 2
HCO0552,307315205.0,85.0,746,0.0004837796585298784,0.6420710748551596,Hue,Central,Vax Center,Tier 2
HCO1420,307229030.0,84.0,747,0.00048364400070561355,0.6425547188558652,Hung Yen,North,Vax Center,Tier 2
HCO0217,307206256.0,86.0,748,0.00048360814957373297,0.643038327005439,Quang Ngai,Central,Vax Center,Tier 2
HCO0727,306753396.0,88.0,749,0.00048289525137475896,0.6435212222568137,Ninh Binh,North,Hospital,Tier 2
HCO1688,306338118.0,85.0,750,0.00048224151525703263,0.6440034637720707,Quang Ngai,Central,Vax Center,Tier 2
HCO0733,306290740.0,86.0,751,0.0004821669321830782,0.6444856307042538,Hai Phong,North,Hospital,Tier 2
HCO0606,305747905.0,87.0,752,0.0004813123941496019,0.6449669430984034,Quang Ninh,North,Vax Center,Tier 2
HCO0088,305412461.0,88.0,753,0.0004807843337701101,0.6454477274321735,Lam Dong,South,Vax Center,Tier 2
HCO1875,305405751.0,86.0,754,0.00048077377079940145,0.6459285012029728,Quang Ngai,Central,Vax Center,Tier 2
HCO1291,305373918.0,88.0,755,0.00048072365886995763,0.6464092248618428,Quang Binh,Central,Vax Center,Tier 2
HCO0040,305257953.0,84.0,756,0.0004805411052338581,0.6468897659670767,Ha Tinh,Central,Vax Center,Tier 2
HCO1808,304776967.0,92.0,757,0.0004797839307138481,0.6473695498977905,Ha Tinh,Central,Vax Center,Tier 1
HCO0886,304751907.0,85.0,758,0.00047974448093054576,0.6478492943787211,Can Tho,South,Vax Center,Tier 2
HCO0079,304246463.0,82.0,759,0.0004789488043035921,0.6483282431830246,Quang Ninh,North,Vax Center,Tier 2
HCO0898,303903719.0,84.0,760,0.00047840925216759166,0.6488066524351922,Ho Chi Minh City,South,Vax Center,Tier 2
HCO0344,302764662.0,84.0,761,0.0004766161335794435,0.6492832685687716,Nam Dinh,North,Vax Center,Tier 2
HCO0919,302336235.0,89.0,762,0.0004759416981320826,0.6497592102669036,Ho Chi Minh City,South,Vax Center,Tier 2
HCO1614,302290916.0,89.0,763,0.00047587035636314893,0.6502350806232667,Hung Yen,North,Vax Center,Tier 2
HCO1345,301964632.0,86.0,764,0.00047535671577675565,0.6507104373390435,Kien Giang,South,Vax Center,Tier 2
HCO0630,301616571.0,88.0,765,0.0004748087935490625,0.6511852461325927,Nghe An,Central,Vax Center,Tier 2
HCO1540,301451260.0,89.0,766,0.00047454855878739096,0.65165979469138,Quang Binh,Central,Vax Center,Tier 2
HCO0791,301438186.0,84.0,767,0.0004745279775237479,0.6521343226689038,Hai Phong,North,Vax Center,Tier 2
HCO1810,301345505.0,92.0,768,0.0004743820778682713,0.6526087047467721,Lam Dong,South,Vax Center,Tier 2
HCO1415,301067687.0,81.0,769,0.00047394473309981627,0.6530826494798719,Hung Yen,North,Vax Center,Tier 2
HCO0759,301010595.0,83.0,770,0.00047385485811863925,0.6535565043379906,Binh Duong,South,Vax Center,Tier 2
HCO1430,300817798.0,81.0,771,0.0004735513545323927,0.654030055692523,Nghe An,Central,Vax Center,Tier 2
HCO0447,300656392.0,83.0,772,0.00047329726707334664,0.6545033529595964,Ha Tinh,Central,Vax Center,Tier 2
HCO1956,300251900.0,84.0,773,0.00047266051041941514,0.6549760134700158,Long An,South,Vax Center,Tier 2
HCO1246,300120006.0,79.0,774,0.00047245288114092845,0.6554484663511567,Ninh Binh,North,Vax Center,Tier 2
HCO0999,300028324.0,84.0,775,0.00047230855412445905,0.6559207749052812,Lam Dong,South,Hospital,Tier 2
HCO1511,299267747.0,86.0,776,0.00047111124375595425,0.6563918861490372,Binh Duong,South,Vax Center,Tier 2
HCO1542,299009011.0,84.0,777,0.00047070393812417014,0.6568625900871614,Da Nang,Central,Vax Center,Tier 2
HCO0354,298596235.0,89.0,778,0.00047005414068792113,0.6573326442278493,Quang Binh,Central,Vax Center,Tier 2
HCO0201,298161203.0,87.0,779,0.00046936930756223975,0.6578020135354116,Bac Ninh,North,Vax Center,Tier 2
HCO0097,298019464.0,83.0,780,0.0004691461801545986,0.6582711597155662,Ninh Binh,North,Vax Center,Tier 2
HCO0864,297398615.0,86.0,781,0.0004681688314509488,0.6587393285470171,Quang Ninh,North,Vax Center,Tier 2
HCO1128,297285024.0,89.0,782,0.0004679900149970344,0.6592073185620142,Hanoi,North,Vax Center,Tier 2
HCO0403,297149013.0,85.0,783,0.0004677759046827195,0.6596750944666969,Khanh Hoa,South,Vax Center,Tier 2
HCO0142,296629374.0,86.0,784,0.00046695788209910274,0.660142052348796,Quang Tri,Central,Vax Center,Tier 2
HCO0452,296271321.0,85.0,785,0.0004663942303329118,0.6606084465791289,Hung Yen,North,Vax Center,Tier 2
HCO0016,296103881.0,83.0,786,0.000466130644071294,0.6610745772232002,Binh Duong,South,Vax Center,Tier 2
HCO0646,295834044.0,82.0,787,0.00046570586309855065,0.6615402830862988,Nghe An,Central,Vax Center,Tier 2
HCO0955,295798366.0,86.0,788,0.0004656496983192745,0.6620059327846181,Bac Ninh,North,Vax Center,Tier 2
HCO1670,294952275.0,80.0,789,0.0004643177706814435,0.6624702505552995,Lam Dong,South,Vax Center,Tier 2
HCO0034,294800293.0,85.0,790,0.00046407851860778615,0.6629343290739073,Dong Nai,South,Vax Center,Tier 2
HCO0629,294517901.0,87.0,791,0.0004636339733880611,0.6633979630472954,Quang Nam,Central,Vax Center,Tier 2
HCO1923,294505610.0,82.0,792,0.0004636146247333696,0.6638615776720287,Dong Nai,South,Vax Center,Tier 2
HCO0503,294490752.0,87.0,793,0.00046359123507334145,0.664325168907102,Nghe An,Central,Vax Center,Tier 2
HCO1886,294347341.0,81.0,794,0.0004633654755811958,0.6647885343826833,Hung Yen,North,Vax Center,Tier 2
HCO0337,294294786.0,79.0,795,0.0004632827428053996,0.6652518171254886,Dong Nai,South,Vax Center,Tier 2
HCO0434,293755007.0,82.0,796,0.0004624330155675247,0.6657142501410561,Nam Dinh,North,Vax Center,Tier 2
HCO1735,293556884.0,85.0,797,0.00046212112772166654,0.6661763712687778,Bac Ninh,North,Vax Center,Tier 2
HCO0623,293193720.0,85.0,798,0.00046154943015170626,0.6666379206989296,Binh Dinh,Central,Vax Center,Tier 2
HCO1583,293049606.0,83.0,799,0.0004613225639876667,0.6670992432629173,Dong Nai,South,Vax Center,Tier 2
HCO1861,292832574.0,84.0,800,0.00046098090934402466,0.6675602241722612,Thai Nguyen,North,Vax Center,Tier 2
HCO0472,292818835.0,86.0,801,0.0004609592812285901,0.6680211834534898,Ba Ria - Vung Tau,South,Vax Center,Tier 2
HCO0051,292695235.0,81.0,802,0.00046076470847455307,0.6684819481619644,Binh Dinh,Central,Vax Center,Tier 2
HCO0286,292220455.0,86.0,803,0.00046001730352178866,0.6689419654654861,Ninh Binh,North,Vax Center,Tier 2
HCO1279,291833650.0,84.0,804,0.00045940838997708574,0.6694013738554632,Hai Phong,North,Vax Center,Tier 2
HCO1337,291753335.0,81.0,805,0.0004592819570422922,0.6698606558125054,Hung Yen,North,Vax Center,Tier 2
HCO0242,291713041.0,83.0,806,0.0004592185256947909,0.6703198743382002,Hung Yen,North,Vax Center,Tier 2
HCO0312,291400011.0,89.0,807,0.0004587257497304203,0.6707786000879306,Can Tho,South,Vax Center,Tier 2
HCO0018,291090064.0,81.0,808,0.00045823782706540814,0.671236837914996,Vinh Phuc,North,Vax Center,Tier 2
HCO0511,291045604.0,83.0,809,0.00045816783754563077,0.6716950057525416,Kien Giang,South,Vax Center,Tier 2
HCO0850,290500081.0,83.0,810,0.00045730906802701814,0.6721523148205686,Da Nang,Central,Vax Center,Tier 2
HCO1466,290476510.0,86.0,811,0.00045727196224720095,0.6726095867828158,Quang Ngai,Central,Vax Center,Tier 2
HCO1018,290364167.0,83.0,812,0.0004570951104113856,0.6730666818932272,Dong Nai,South,Vax Center,Tier 2
HCO0239,290243855.0,83.0,813,0.00045690571367041716,0.6735235876068976,Bac Ninh,North,Vax Center,Tier 2
HCO0417,290077345.0,81.0,814,0.0004566435914270943,0.6739802311983246,Kien Giang,South,Vax Center,Tier 2
HCO0548,290068164.0,81.0,815,0.00045662913857551815,0.6744368603369001,Quang Nam,Central,Hospital,Tier 2
HCO0115,290058581.0,78.0,816,0.0004566140528902274,0.6748934743897903,Quang Binh,Central,Vax Center,Tier 2
HCO1874,289988963.0,81.0,817,0.0004565044593142521,0.6753499788491045,Hai Duong,North,Vax Center,Tier 2
HCO0028,289921486.0,78.0,818,0.0004563982361287816,0.6758063770852333,Da Nang,Central,Vax Center,Tier 2
HCO1074,289867662.0,80.0,819,0.00045631350567640875,0.6762626905909097,Ho Chi Minh City,South,Vax Center,Tier 2
HCO1696,289583643.0,85.0,820,0.0004558663992117742,0.6767185569901215,Hai Phong,North,Vax Center,Tier 2
HCO1731,289333112.0,82.0,821,0.0004554720099994632,0.677174029000121,Ninh Binh,North,Vax Center,Tier 2
HCO1569,289272964.0,78.0,822,0.0004553773242226847,0.6776294063243438,Binh Duong,South,Vax Center,Tier 2
HCO0121,289037699.0,83.0,823,0.00045500696694939576,0.6780844132912932,Binh Duong,South,Vax Center,Tier 2
HCO1395,288746943.0,83.0,824,0.0004545492550102956,0.6785389625463035,Thanh Hoa,Central,Vax Center,Tier 2
HCO1800,288389138.0,83.0,825,0.00045398599364898326,0.6789929485399525,Quang Binh,Central,Vax Center,Tier 2
HCO1137,288246280.0,84.0,826,0.0004537611046967485,0.6794467096446493,Binh Duong,South,Vax Center,Tier 2
HCO1828,288006558.0,80.0,827,0.0004533837311551364,0.6799000933758044,Vinh Phuc,North,Vax Center,Tier 2
HCO1557,287803796.0,82.0,828,0.00045306454053414895,0.6803531579163385,Ninh Binh,North,Hospital,Tier 2
HCO0568,287775440.0,83.0,829,0.0004530199021440723,0.6808061778184826,Quang Ngai,Central,Hospital,Tier 2
HCO1280,287418327.0,79.0,830,0.00045245773013830845,0.681258635548621,Can Tho,South,Hospital,Tier 2
HCO1613,287330721.0,76.0,831,0.0004523198196149252,0.6817109553682359,Quang Binh,Central,Vax Center,Tier 2
HCO0150,286794485.0,79.0,832,0.0004514756698144901,0.6821624310380504,Dong Nai,South,Vax Center,Tier 2
HCO1812,286344029.0,83.0,833,0.0004507665560240978,0.6826131975940745,Da Nang,Central,Hospital,Tier 2
HCO0453,286211542.0,82.0,834,0.00045055799323717147,0.6830637555873116,Quang Nam,Central,Vax Center,Tier 2
HCO1766,285819260.0,82.0,835,0.00044994045772666063,0.6835136960450382,Vinh Phuc,North,Vax Center,Tier 2
HCO0090,285728813.0,79.0,836,0.00044979807486351833,0.6839634941199018,Quang Ngai,Central,Vax Center,Tier 2
HCO0481,285440059.0,77.0,837,0.00044934351449928535,0.6844128376344011,Quang Ninh,North,Vax Center,Tier 2
HCO1129,285341487.0,82.0,838,0.0004491883411537276,0.6848620259755548,Ha Tinh,Central,Vax Center,Tier 2
HCO0549,285060090.0,81.0,839,0.00044874536227615684,0.6853107713378309,Ho Chi Minh City,South,Vax Center,Tier 2
HCO0113,284843715.0,82.0,840,0.0004484047418906006,0.6857591760797215,Tien Giang,South,Vax Center,Tier 2
HCO1050,284675624.0,81.0,841,0.0004481401308161764,0.6862073162105377,Ninh Binh,North,Vax Center,Tier 2
HCO0478,284555367.0,82.0,842,0.00044795082065693506,0.6866552670311946,Binh Duong,South,Vax Center,Tier 2
HCO1287,284412415.0,80.0,843,0.0004477257837286576,0.6871029928149233,Da Nang,Central,Vax Center,Tier 2
HCO0765,283806459.0,79.0,844,0.0004467718797824987,0.6875497646947057,Hanoi,North,Vax Center,Tier 2
HCO0732,283659206.0,77.0,845,0.0004465400721631604,0.6879963047668689,Bac Ninh,North,Vax Center,Tier 2
HCO1752,283493878.0,80.0,846,0.0004462798106398641,0.6884425845775087,Binh Duong,South,Hospital,Tier 2
HCO0048,283408146.0,83.0,847,0.00044614485019205585,0.6888887294277007,Binh Dinh,Central,Vax Center,Tier 2
HCO1833,282631004.0,78.0,848,0.0004449214629815557,0.6893336508906823,Kien Giang,South,Vax Center,Tier 2
HCO0328,282573014.0,79.0,849,0.0004448301743569068,0.6897784810650393,Binh Duong,South,Vax Center,Tier 2
HCO0909,282544886.0,76.0,850,0.00044478589488744437,0.6902232669599266,Ba Ria - Vung Tau,South,Hospital,Tier 2
HCO1248,282441117.0,80.0,851,0.00044462254035578045,0.6906678895002825,Quang Ninh,North,Vax Center,Tier 2
HCO1290,282114393.0,80.0,852,0.0004441082071155702,0.6911119977073981,Ho Chi Minh City,South,Vax Center,Tier 2
HCO0827,281878273.0,77.0,853,0.0004437365038899779,0.691555734211288,Lam Dong,South,Vax Center,Tier 2
HCO0812,281745741.0,82.0,854,0.0004435278702634566,0.6919992620815515,Binh Duong,South,Vax Center,Tier 2
HCO1000,281256812.0,83.0,855,0.00044275819176783725,0.6924420202733194,Nghe An,Central,Vax Center,Tier 2
HCO0917,281222654.0,80.0,856,0.000442704419792656,0.692884724693112,Khanh Hoa,South,Hospital,Tier 2
HCO1231,280809152.0,79.0,857,0.00044205347947760907,0.6933267781725896,Hai Phong,North,Vax Center,Tier 2
HCO0235,280727876.0,78.0,858,0.0004419255337239108,0.6937687037063135,Long An,South,Vax Center,Tier 2
HCO0405,280146661.0,75.0,859,0.00044101057738703687,0.6942097142837005,Hanoi,North,Vax Center,Tier 2
HCO0264,279966052.0,77.0,860,0.0004407262603115202,0.694650440544012,Quang Ninh,North,Vax Center,Tier 2
HCO1770,279825175.0,78.0,861,0.00044050448987567495,0.6950909450338877,Quang Ngai,Central,Vax Center,Tier 2
HCO0528,279816436.0,81.0,862,0.0004404907328263422,0.6955314357667141,Quang Binh,Central,Vax Center,Tier 2
HCO1473,279449016.0,79.0,863,0.00043991233540491607,0.695971348102119,Thanh Hoa,Central,Hospital,Tier 2
HCO1256,279158212.0,76.0,864,0.0004394545479035813,0.6964108026500226,Tien Giang,South,Vax Center,Tier 2
HCO1106,279078869.0,72.0,865,0.00043932964510403797,0.6968501322951267,Ninh Binh,North,Vax Center,Tier 2
HCO0073,278965471.0,80.0,866,0.0004391511324732751,0.6972892834276,Vinh Phuc,North,Vax Center,Tier 2
HCO1479,278579171.0,84.0,867,0.0004385430139062485,0.6977278264415062,Hung Yen,North,Vax Center,Tier 2
HCO1385,278485733.0,81.0,868,0.00043839592257136415,0.6981662223640775,Bac Ninh,North,Vax Center,Tier 2
HCO1367,278148156.0,80.0,869,0.0004378645043950733,0.6986040868684726,Hue,Central,Vax Center,Tier 2
HCO1379,277997606.0,76.0,870,0.0004376275065947475,0.6990417143750673,Ho Chi Minh City,South,Vax Center,Tier 2
HCO1472,277842804.0,79.0,871,0.0004373838152398087,0.6994790981903072,Can Tho,South,Vax Center,Tier 2
HCO0995,277649790.0,77.0,872,0.0004370799700492934,0.6999161781603565,Binh Dinh,Central,Vax Center,Tier 2
HCO0498,277628645.0,80.0,873,0.00043704668331074877,0.7003532248436672,Kien Giang,South,Vax Center,Tier 2
HCO0670,277522928.0,83.0,874,0.00043688026221173155,0.700790105105879,Vinh Phuc,North,Vax Center,Tier 2
HCO0089,277114575.0,78.0,875,0.00043623742752055625,0.7012263425333995,Ha Tinh,Central,Hospital,Tier 2
HCO1755,276965988.0,81.0,876,0.000436003519900782,0.7016623460533004,Thai Nguyen,North,Vax Center,Tier 2
HCO0489,276848755.0,81.0,877,0.00043581897016231906,0.7020981650234627,Hanoi,North,Vax Center,Tier 2
HCO1058,276770402.0,78.0,878,0.0004356956258338639,0.7025338606492966,Dong Nai,South,Vax Center,Tier 2
HCO1116,276618752.0,78.0,879,0.0004354568963989957,0.7029693175456956,Ninh Binh,North,Vax Center,Tier 2
HCO0904,276553081.0,83.0,880,0.00043535351624260116,0.7034046710619382,Dong Nai,South,Vax Center,Tier 2
HCO1856,276378081.0,83.0,881,0.0004350780289290375,0.7038397490908672,Ninh Binh,North,Vax Center,Tier 2
HCO1446,275834521.0,82.0,882,0.0004342223495909764,0.7042739714404582,Quang Tri,Central,Vax Center,Tier 2
HCO0483,275788872.0,82.0,883,0.00043415048833168,0.70470812192879,Hai Phong,North,Vax Center,Tier 2
HCO1832,275740290.0,82.0,884,0.0004340740099050083,0.705142195938695,Kien Giang,South,Vax Center,Tier 2
HCO1242,275651802.0,75.0,885,0.0004339347109255647,0.7055761306496205,Nghe An,Central,Vax Center,Tier 2
HCO0253,275549264.0,83.0,886,0.000433773294250375,0.706009903943871,Thai Nguyen,North,Vax Center,Tier 2
HCO0014,274520474.0,78.0,887,0.00043215375943139674,0.7064420577033024,Nam Dinh,North,Vax Center,Tier 2
HCO1274,274432242.0,72.0,888,0.00043201486345053756,0.7068740725667529,Thai Nguyen,North,Vax Center,Tier 2
HCO0273,274021372.0,77.0,889,0.0004313680664646866,0.7073054406332177,Hue,Central,Vax Center,Tier 2
HCO1673,272991407.0,77.0,890,0.0004297466819451744,0.7077351873151628,Thanh Hoa,Central,Vax Center,Tier 2
HCO1146,272987893.0,76.0,891,0.000429741150159918,0.7081649284653228,Dong Nai,South,Vax Center,Tier 2
HCO1794,272200401.0,79.0,892,0.0004285014698425871,0.7085934299351654,Quang Ngai,Central,Hospital,Tier 2
HCO1636,272191799.0,78.0,893,0.00042848792846046554,0.7090219178636259,Ho Chi Minh City,South,Vax Center,Tier 3
HCO1504,272010267.0,75.0,894,0.0004282021583861464,0.709450120022012,Khanh Hoa,South,Vax Center,Tier 2
HCO1065,271935956.0,79.0,895,0.000428085177027528,0.7098782051990395,Quang Nam,Central,Vax Center,Tier 2
HCO1341,271813329.0,75.0,896,0.00042789213598295436,0.7103060973350225,Quang Ninh,North,Vax Center,Tier 2
HCO0255,271712750.0,73.0,897,0.0004277338031914634,0.710733831138214,Da Nang,Central,Vax Center,Tier 2
HCO0366,271622606.0,78.0,898,0.0004275918973149269,0.7111614230355289,Ha Tinh,Central,Vax Center,Tier 2
HCO1928,271576902.0,75.0,899,0.0004275199494739034,0.7115889429850027,Quang Ninh,North,Vax Center,Tier 2
HCO1736,271551022.0,77.0,900,0.00042747920883576035,0.7120164221938385,Quang Ninh,North,Vax Center,Tier 2
HCO0584,271212786.0,72.0,901,0.0004269467532529573,0.7124433689470915,Kien Giang,South,Vax Center,Tier 2
HCO1582,271212013.0,79.0,902,0.00042694553638613795,0.7128703144834776,Dong Nai,South,Vax Center,Tier 2
HCO1425,271136974.0,78.0,903,0.00042682740900029507,0.7132971418924778,Thanh Hoa,Central,Hospital,Tier 2
HCO1087,271075819.0,81.0,904,0.0004267311379908037,0.7137238730304687,Bac Ninh,North,Vax Center,Tier 2
HCO0942,271018852.0,76.0,905,0.0004266414597862792,0.714150514490255,Hanoi,North,Vax Center,Tier 2
HCO0062,270983634.0,76.0,906,0.00042658601914508446,0.7145771005094002,Khanh Hoa,South,Hospital,Tier 2
HCO0155,270975145.0,72.0,907,0.00042657265564905676,0.7150036731650492,Dong Nai,South,Vax Center,Tier 2
HCO0551,270399507.0,77.0,908,0.0004256664786993129,0.7154293396437486,Quang Binh,Central,Vax Center,Tier 2
HCO0026,270204981.0,75.0,909,0.00042536025329840835,0.715854699897047,Dong Nai,South,Vax Center,Tier 2
HCO0077,269191183.0,75.0,910,0.00042376431908402974,0.716278464216131,Ha Tinh,Central,Vax Center,Tier 2
HCO1225,269150583.0,76.0,911,0.000423700406027283,0.7167021646221582,Bac Ninh,North,Vax Center,Tier 2
HCO1224,268869904.0,78.0,912,0.0004232585574348044,0.717125423179593,Quang Ngai,Central,Vax Center,Tier 2
HCO1044,268698736.0,73.0,913,0.00042298910250630116,0.7175484122820993,Tien Giang,South,Vax Center,Tier 2
HCO1873,268390841.0,75.0,914,0.00042250441012681714,0.7179709166922261,Ho Chi Minh City,South,Vax Center,Tier 2
HCO0278,268254199.0,73.0,915,0.0004222893064839602,0.71839320599871,Quang Ngai,Central,Vax Center,Tier 2
HCO0869,267527301.0,73.0,916,0.000421145014042504,0.7188143510127526,Hung Yen,North,Vax Center,Tier 2
HCO0066,267510462.0,73.0,917,0.0004211185058660863,0.7192354695186187,Quang Ngai,Central,Vax Center,Tier 2
HCO1592,267368021.0,76.0,918,0.0004208942733607644,0.7196563637919795,Quang Tri,Central,Vax Center,Tier 2
HCO0240,267004770.0,76.0,919,0.000420322438834254,0.7200766862308138,Hanoi,North,Vax Center,Tier 2
HCO0208,266455762.0,73.0,920,0.0004194581831825684,0.7204961444139963,Dong Nai,South,Vax Center,Tier 2
HCO1244,266301582.0,73.0,921,0.00041921547098825265,0.7209153598849846,Quang Nam,Central,Vax Center,Tier 2
HCO1036,266071076.0,73.0,922,0.00041885260539567944,0.7213342124903802,Kien Giang,South,Vax Center,Tier 2
HCO0085,266054640.0,74.0,923,0.0004188267316271895,0.7217530392220074,Hung Yen,North,Vax Center,Tier 2
HCO0284,265460984.0,76.0,924,0.00041789219050364113,0.722170931412511,Thanh Hoa,Central,Vax Center,Tier 2
HCO1749,265358827.0,74.0,925,0.00041773137360368837,0.7225886627861147,Ninh Binh,North,Vax Center,Tier 2
HCO1427,265280745.0,75.0,926,0.00041760845588701594,0.7230062712420017,Thai Nguyen,North,Vax Center,Tier 3
HCO0519,265034522.0,72.0,927,0.0004172208483852582,0.7234234920903869,Dong Nai,South,Vax Center,Tier 2
HCO1299,263905488.0,72.0,928,0.00041544350813621777,0.7238389355985232,Vinh Phuc,North,Vax Center,Tier 2
HCO1390,263564512.0,74.0,929,0.0004149067392091909,0.7242538423377324,Kien Giang,South,Vax Center,Tier 2
HCO0611,263473084.0,72.0,930,0.0004147628120428795,0.7246686051497753,Lam Dong,South,Vax Center,Tier 2
HCO0684,263393030.0,76.0,931,0.00041463678997773646,0.725083241939753,Long An,South,Vax Center,Tier 2
HCO0146,263248866.0,73.0,932,0.0004144098451030359,0.725497651784856,Hai Phong,North,Vax Center,Tier 2
HCO1675,263047905.0,73.0,933,0.0004140934896400583,0.7259117452744961,Quang Binh,Central,Vax Center,Tier 2
HCO0491,262905520.0,71.0,934,0.0004138693452906768,0.7263256146197867,Ho Chi Minh City,South,Hospital,Tier 2
HCO1469,262755107.0,78.0,935,0.0004136325631575622,0.7267392471829442,Thanh Hoa,Central,Vax Center,Tier 2
HCO0030,262724112.0,78.0,936,0.000413583770418797,0.727152830953363,Quang Ninh,North,Hospital,Tier 2
HCO0578,262424153.0,79.0,937,0.00041311157099542983,0.7275659425243585,Quang Ninh,North,Vax Center,Tier 2
HCO1790,262346334.0,75.0,938,0.00041298906729683434,0.7279789315916553,Quang Ngai,Central,Vax Center,Tier 2
HCO1295,261760194.0,77.0,939,0.0004120663579598501,0.7283909979496151,Ninh Binh,North,Vax Center,Tier 2
HCO0541,261277447.0,76.0,940,0.0004113064112503591,0.7288023043608655,Ninh Binh,North,Vax Center,Tier 3
HCO1760,261250407.0,73.0,941,0.00041126384452488046,0.7292135682053903,Quang Ninh,North,Vax Center,Tier 2
HCO1759,260803638.0,74.0,942,0.00041056053485863164,0.729624128740249,Ho Chi Minh City,South,Vax Center,Tier 2
HCO0970,260799827.0,70.0,943,0.0004105545355320488,0.730034683275781,Vinh Phuc,North,Vax Center,Tier 2
HCO1356,259941200.0,74.0,944,0.00040920287355728733,0.7304438861493383,Hanoi,North,Vax Center,Tier 2
HCO1229,259889066.0,75.0,945,0.00040912080352525687,0.7308530069528636,Quang Tri,Central,Vax Center,Tier 2
HCO0695,259489967.0,70.0,946,0.0004084925366032228,0.7312614994894668,Quang Ninh,North,Vax Center,Tier 2
HCO1007,259119034.0,74.0,947,0.0004079086089707535,0.7316694080984376,Ninh Binh,North,Vax Center,Tier 2
HCO0790,258900777.0,71.0,948,0.0004075650259159165,0.7320769731243535,Vinh Phuc,North,Vax Center,Tier 2
HCO0139,258704497.0,74.0,949,0.0004072560393450235,0.7324842291636985,Nam Dinh,North,Vax Center,Tier 2
HCO0141,258174956.0,70.0,950,0.0004064224289020987,0.7328906515926006,Vinh Phuc,North,Vax Center,Tier 2
HCO1732,258091482.0,73.0,951,0.000406291023027742,0.7332969426156283,Hai Duong,North,Vax Center,Tier 2
HCO1200,258064195.0,75.0,952,0.000406248067471598,0.7337031906830999,Hai Phong,North,Vax Center,Tier 2
HCO1046,257898917.0,77.0,953,0.00040598788465896264,0.7341091785677588,Ninh Binh,North,Vax Center,Tier 2
HCO1459,257724350.0,72.0,954,0.00040571307897972335,0.7345148916467386,Ba Ria - Vung Tau,South,Vax Center,Tier 2
HCO1071,257640844.0,77.0,955,0.00040558162273054364,0.7349204732694691,Hanoi,North,Vax Center,Tier 2
HCO0173,257599188.0,72.0,956,0.00040551604730463615,0.7353259893167737,Quang Tri,Central,Vax Center,Tier 2
HCO1180,257427745.0,70.0,957,0.00040524615946749726,0.7357312354762412,Nghe An,Central,Vax Center,Tier 2
HCO0007,257386415.0,70.0,958,0.00040518109723509965,0.7361364165734763,Bac Ninh,North,Vax Center,Tier 2
HCO0295,257299614.0,74.0,959,0.0004050444539533588,0.7365414610274297,Ho Chi Minh City,South,Vax Center,Tier 2
HCO0783,257153137.0,71.0,960,0.0004048138679234796,0.7369462748953531,Kien Giang,South,Vax Center,Tier 2
HCO0083,256888973.0,71.0,961,0.00040439801746233533,0.7373506729128154,Nam Dinh,North,Vax Center,Tier 3
HCO0184,256670461.0,69.0,962,0.0004040540329831271,0.7377547269457986,Binh Duong,South,Vax Center,Tier 2
HCO0391,256665452.0,74.0,963,0.0004040461477491063,0.7381587730935477,Binh Dinh,Central,Vax Center,Tier 2
HCO0342,256594908.0,72.0,964,0.000403935096451689,0.7385627081899994,Vinh Phuc,North,Vax Center,Tier 2
HCO1187,256594202.0,72.0,965,0.0004039339850571554,0.7389666421750565,Nam Dinh,North,Vax Center,Tier 2
HCO1408,255906862.0,73.0,966,0.0004028519653422704,0.7393694941403988,Quang Tri,Central,Vax Center,Tier 2
HCO0674,255246715.0,71.0,967,0.00040181275320748676,0.7397713068936063,Ho Chi Minh City,South,Hospital,Tier 3
HCO0529,255230198.0,71.0,968,0.000401786751927726,0.740173093645534,Quang Nam,Central,Vax Center,Tier 2
HCO1814,255101389.0,72.0,969,0.0004015839790970241,0.740574677624631,Tien Giang,South,Vax Center,Tier 2
HCO0017,254889622.0,70.0,970,0.0004012506126859873,0.7409759282373171,Nghe An,Central,Vax Center,Tier 2
HCO0399,254812820.0,71.0,971,0.0004011297099622369,0.7413770579472793,Hai Phong,North,Vax Center,Tier 2
HCO0419,254686073.0,71.0,972,0.0004009301831591954,0.7417779881304385,Hai Phong,North,Vax Center,Tier 2
HCO0622,254555145.0,73.0,973,0.0004007240745706796,0.7421787122050092,Ba Ria - Vung Tau,South,Vax Center,Tier 2
HCO0442,254538832.0,68.0,974,0.0004006983944304158,0.7425794105994397,Quang Binh,Central,Vax Center,Tier 2
HCO1260,254369897.0,74.0,975,0.0004004324547200336,0.7429798430541596,Da Nang,Central,Vax Center,Tier 2
HCO0182,254243024.0,73.0,976,0.00040023272956612636,0.7433800757837258,Da Nang,Central,Vax Center,Tier 2
HCO0251,253618422.0,72.0,977,0.00039924947284026056,0.7437793252565661,Hai Phong,North,Vax Center,Tier 2
HCO1738,253530166.0,74.0,978,0.0003991105390782841,0.7441784357956444,Quang Ninh,North,Vax Center,Tier 2
HCO1340,253463566.0,74.0,979,0.00039900569647780785,0.7445774414921221,Ninh Binh,North,Vax Center,Tier 2
HCO0433,253287049.0,68.0,980,0.00039872782108278887,0.7449761693132049,Can Tho,South,Vax Center,Tier 2
HCO1841,253278019.0,79.0,981,0.000398713605937409,0.7453748829191423,Nam Dinh,North,Vax Center,Tier 2
HCO0209,253273733.0,71.0,982,0.0003987068588595465,0.7457735897780019,Hanoi,North,Vax Center,Tier 2
HCO1508,253269429.0,74.0,983,0.00039870008344584603,0.7461722898614478,Dong Nai,South,Vax Center,Tier 2
HCO1258,252848932.0,73.0,984,0.00039803813150932266,0.7465703279929571,Ninh Binh,North,Vax Center,Tier 2
HCO1981,252594508.0,72.0,985,0.0003976376138849448,0.746967965606842,Hai Phong,North,Hospital,Tier 2
HCO1940,252390769.0,74.0,986,0.000397316885257641,0.7473652824920997,Quang Tri,Central,Vax Center,Tier 2
HCO0881,252370284.0,72.0,987,0.00039728463749982184,0.7477625671295994,Dong Nai,South,Vax Center,Tier 2
HCO0497,252241013.0,74.0,988,0.00039708113738261215,0.748159648266982,Can Tho,South,Vax Center,Tier 2
HCO0332,252216854.0,69.0,989,0.0003970431059654214,0.7485566913729474,Bac Ninh,North,Vax Center,Tier 2
HCO0386,251697035.0,73.0,990,0.000396224800023425,0.7489529161729709,Thai Nguyen,North,Vax Center,Tier 3
HCO0518,251687758.0,72.0,991,0.0003962101960473797,0.7493491263690183,Quang Ninh,North,Vax Center,Tier 2
HCO1080,251528789.0,75.0,992,0.00039595994494595165,0.7497450863139642,Hung Yen,North,Vax Center,Tier 2
HCO1724,251501318.0,75.0,993,0.00039591669973457503,0.7501410030136988,Binh Duong,South,Hospital,Tier 2
HCO1247,251488269.0,69.0,994,0.0003958961578262625,0.7505368991715251,Hung Yen,North,Vax Center,Tier 2
HCO0037,251259177.0,71.0,995,0.00039553551817118286,0.7509324346896963,Da Nang,Central,Vax Center,Tier 2
HCO1213,251205675.0,73.0,996,0.00039545129461546696,0.7513278859843118,Thanh Hoa,Central,Vax Center,Tier 2
HCO0575,251055094.0,71.0,997,0.0003952142480145313,0.7517231002323264,Kien Giang,South,Vax Center,Tier 2
HCO1811,250950705.0,71.0,998,0.00039504991747067074,0.752118150149797,Hanoi,North,Vax Center,Tier 2
HCO0400,250727181.0,69.0,999,0.0003946980430348021,0.7525128481928318,Binh Duong,South,Vax Center,Tier 2
HCO1514,250153620.0,74.0,1000,0.00039379513572591684,0.7529066433285577,Hung Yen,North,Vax Center,Tier 2
HCO0676,249446941.0,71.0,1001,0.00039268267230156326,0.7532993260008592,Da Nang,Central,Vax Center,Tier 2
HCO1317,249145981.0,73.0,1002,0.00039220889709076247,0.75369153489795,Ha Tinh,Central,Hospital,Tier 2
HCO0101,249143577.0,67.0,1003,0.0003922051126821807,0.7540837400106323,Hung Yen,North,Vax Center,Tier 2
HCO0686,248095789.0,69.0,1004,0.00039055567096044194,0.7544742956815927,Hung Yen,North,Vax Center,Tier 2
HCO1057,247965954.0,67.0,1005,0.000390351282986976,0.7548646469645797,Dong Nai,South,Vax Center,Tier 2
HCO1680,247898451.0,75.0,1006,0.0003902450188719618,0.7552548919834516,Vinh Phuc,North,Vax Center,Tier 2
HCO1331,247196501.0,73.0,1007,0.00038913999990192725,0.7556440319833536,Binh Dinh,Central,Vax Center,Tier 2
HCO1931,247186905.0,69.0,1008,0.00038912489375186464,0.7560331568771055,Quang Ngai,Central,Vax Center,Tier 3
HCO0737,246943224.0,71.0,1009,0.0003887412879001131,0.7564218981650056,Hung Yen,North,Vax Center,Tier 2
HCO1492,246917573.0,68.0,1010,0.00038870090775679753,0.7568105990727624,Hue,Central,Vax Center,Tier 2
HCO0211,246881423.0,69.0,1011,0.0003886439999488814,0.7571992430727112,Binh Duong,South,Vax Center,Tier 3
HCO0671,246766675.0,69.0,1012,0.00038846336213027105,0.7575877064348415,Thai Nguyen,North,Vax Center,Tier 2
HCO1672,246306071.0,71.0,1013,0.0003877382732241185,0.7579754447080657,Kien Giang,South,Vax Center,Tier 2
HCO1259,246225255.0,70.0,1014,0.00038761105160850154,0.7583630557596741,Ha Tinh,Central,Vax Center,Tier 2
HCO1429,245436729.0,73.0,1015,0.0003863697435547008,0.7587494255032288,Can Tho,South,Vax Center,Tier 2
HCO1503,245418285.0,69.0,1016,0.00038634070876606444,0.7591357662119949,Hue,Central,Vax Center,Tier 2
HCO1823,245331693.0,70.0,1017,0.00038620439449488665,0.7595219706064897,Quang Binh,Central,Vax Center,Tier 2
HCO0455,245076118.0,68.0,1018,0.0003858020649510921,0.7599077726714408,Hanoi,North,Vax Center,Tier 2
HCO0720,245043271.0,71.0,1019,0.00038575035676944284,0.7602935230282103,Ho Chi Minh City,South,Vax Center,Tier 2
HCO1606,245030749.0,69.0,1020,0.0003857306444714974,0.7606792536726817,Nghe An,Central,Vax Center,Tier 2
HCO0123,244935068.0,72.0,1021,0.00038558002217635977,0.7610648336948581,Bac Ninh,North,Vax Center,Tier 2
HCO0258,244915892.0,71.0,1022,0.00038554983506364606,0.7614503835299218,Nghe An,Central,Vax Center,Tier 2
HCO1643,244735491.0,71.0,1023,0.0003852658454244792,0.7618356493753463,Dong Nai,South,Vax Center,Tier 2
HCO1283,244600654.0,71.0,1024,0.000385053583236485,0.7622207029585828,Da Nang,Central,Vax Center,Tier 2
HCO0863,244521035.0,66.0,1025,0.0003849282459540928,0.7626056312045368,Thai Nguyen,North,Vax Center,Tier 2
HCO1019,243905935.0,71.0,1026,0.0003839599474022469,0.7629895911519391,Ho Chi Minh City,South,Vax Center,Tier 2
HCO1072,243732434.0,69.0,1027,0.00038368681983430054,0.7633732779717733,Ninh Binh,North,Vax Center,Tier 2
HCO1974,243359464.0,73.0,1028,0.00038309968552950136,0.7637563776573029,Binh Dinh,Central,Vax Center,Tier 2
HCO1645,243291660.0,69.0,1029,0.0003829929475763078,0.7641393706048791,Dong Nai,South,Hospital,Tier 2
HCO0533,243153862.0,70.0,1030,0.00038277602414296804,0.7645221466290221,Ho Chi Minh City,South,Vax Center,Tier 2
HCO0771,242866530.0,71.0,1031,0.00038232370230993444,0.764904470331332,Lam Dong,South,Vax Center,Tier 2
HCO1750,242853215.0,72.0,1032,0.00038230274166090527,0.765286773072993,Quang Binh,Central,Vax Center,Tier 2
HCO0195,242804820.0,70.0,1033,0.0003822265576121058,0.7656689996306051,Vinh Phuc,North,Vax Center,Tier 2
HCO1477,242753586.0,70.0,1034,0.00038214590437197365,0.7660511455349771,Lam Dong,South,Vax Center,Tier 2
HCO0997,242606544.0,69.0,1035,0.0003819144289116249,0.7664330599638888,Can Tho,South,Vax Center,Tier 2
HCO1377,242444110.0,70.0,1036,0.00038165872316138825,0.7668147186870502,Kien Giang,South,Vax Center,Tier 2
HCO1656,242317650.0,68.0,1037,0.00038145964815754105,0.7671961783352077,Thai Nguyen,North,Vax Center,Tier 2
HCO1899,242222279.0,70.0,1038,0.0003813095138685017,0.7675774878490762,Hanoi,North,Vax Center,Tier 2
HCO1692,242064858.0,68.0,1039,0.0003810616996491388,0.7679585495487253,Thai Nguyen,North,Vax Center,Tier 2
HCO0714,242011085.0,69.0,1040,0.00038097704948164015,0.7683395265982069,Hanoi,North,Vax Center,Tier 2
HCO1193,241902088.0,71.0,1041,0.0003808054649632601,0.7687203320631701,Ba Ria - Vung Tau,South,Vax Center,Tier 2
HCO1707,241861822.0,69.0,1042,0.00038074207769372894,0.7691010741408638,Ba Ria - Vung Tau,South,Vax Center,Tier 3
HCO0691,241771028.0,68.0,1043,0.0003805991485785992,0.7694816732894424,Quang Tri,Central,Vax Center,Tier 2
HCO0339,241737257.0,67.0,1044,0.0003805459858239343,0.7698622192752663,Ninh Binh,North,Vax Center,Tier 2
HCO1817,241236594.0,69.0,1045,0.0003797578355103872,0.7702419771107767,Ninh Binh,North,Vax Center,Tier 2
HCO0458,241227935.0,69.0,1046,0.00037974420439811204,0.7706217213151748,Thai Nguyen,North,Vax Center,Tier 2
HCO0677,240900075.0,71.0,1047,0.00037922808285168353,0.7710009493980265,Dong Nai,South,Vax Center,Tier 2
HCO0493,240851407.0,67.0,1048,0.0003791514690426748,0.7713801008670692,Hai Duong,North,Vax Center,Tier 2
HCO1803,240533411.0,64.0,1049,0.00037865087553545193,0.7717587517426047,Ha Tinh,Central,Vax Center,Tier 2
HCO0506,240454637.0,67.0,1050,0.000378526868463231,0.7721372786110678,Hung Yen,North,Vax Center,Tier 2
HCO0579,239769856.0,66.0,1051,0.00037744887715997693,0.7725147274882278,Lam Dong,South,Vax Center,Tier 2
HCO1619,239723459.0,69.0,1052,0.0003773758383891917,0.772892103326617,Long An,South,Vax Center,Tier 2
HCO0070,239628695.0,64.0,1053,0.0003772266596475771,0.7732693299862645,Can Tho,South,Vax Center,Tier 2
HCO0106,239475639.0,68.0,1054,0.0003769857168689211,0.7736463157031335,Hanoi,North,Vax Center,Tier 2
HCO0822,239240253.0,74.0,1055,0.00037661516911583246,0.7740229308722493,Hung Yen,North,Hospital,Tier 3
HCO0479,239164818.0,67.0,1056,0.0003764964183415543,0.7743994272905909,Quang Binh,Central,Vax Center,Tier 2
HCO1261,238842964.0,66.0,1057,0.0003759897515197273,0.7747754170421106,Quang Binh,Central,Hospital,Tier 2
HCO0297,238801771.0,66.0,1058,0.0003759249049545408,0.7751513419470651,Binh Duong,South,Vax Center,Tier 2
HCO1013,238790531.0,68.0,1059,0.0003759072107979439,0.7755272491578631,Binh Dinh,Central,Vax Center,Tier 2
HCO0795,238543095.0,68.0,1060,0.00037551769377554994,0.7759027668516386,Binh Duong,South,Vax Center,Tier 2
HCO0665,238521565.0,63.0,1061,0.0003754838009649155,0.7762782506526036,Long An,South,Vax Center,Tier 2
HCO0396,238476571.0,66.0,1062,0.0003754129708152784,0.7766536636234188,Binh Duong,South,Vax Center,Tier 3
HCO1815,238326165.0,69.0,1063,0.0003751761997016564,0.7770288398231204,Hai Duong,North,Vax Center,Tier 2
HCO1983,237904796.0,66.0,1064,0.0003745128750512048,0.7774033526981716,Bac Ninh,North,Vax Center,Tier 2
HCO1834,237896431.0,71.0,1065,0.00037449970675761644,0.7777778524049292,Quang Tri,Central,Vax Center,Tier 2
HCO1562,237656446.0,66.0,1066,0.0003741219191979274,0.7781519743241272,Hai Phong,North,Vax Center,Tier 2
HCO1111,237549688.0,67.0,1067,0.00037395385934294777,0.7785259281834701,Thanh Hoa,Central,Vax Center,Tier 2
HCO0788,237129990.0,66.0,1068,0.00037329316520278745,0.7788992213486728,Hue,Central,Vax Center,Tier 2
HCO1461,236804094.0,69.0,1069,0.0003727801354111237,0.7792720014840839,Hai Phong,North,Vax Center,Tier 2
HCO1595,236759161.0,68.0,1070,0.00037270940128849303,0.7796447108853725,Nghe An,Central,Vax Center,Tier 2
HCO1541,236740209.0,67.0,1071,0.00037267956679954073,0.780017390452172,Nghe An,Central,Vax Center,Tier 2
HCO1570,236397326.0,67.0,1072,0.00037213979584790267,0.7803895302480199,Vinh Phuc,North,Vax Center,Tier 2
HCO1115,235812844.0,69.0,1073,0.00037121969655643785,0.7807607499445763,Nghe An,Central,Vax Center,Tier 2
HCO1375,235682156.0,63.0,1074,0.0003710139657790949,0.7811317639103554,Hung Yen,North,Vax Center,Tier 2
HCO1612,235649407.0,70.0,1075,0.00037096241187034123,0.7815027263222257,Quang Ninh,North,Vax Center,Tier 2
HCO1720,235553972.0,67.0,1076,0.00037081217683165575,0.7818735384990574,Ha Tinh,Central,Hospital,Tier 2
HCO1773,235511716.0,69.0,1077,0.00037074565687781605,0.7822442841559352,Bac Ninh,North,Vax Center,Tier 2
HCO1454,235416872.0,63.0,1078,0.0003705963521991439,0.7826148805081343,Thai Nguyen,North,Vax Center,Tier 2
HCO0076,235099599.0,63.0,1079,0.0003700968968480793,0.7829849774049824,Khanh Hoa,South,Hospital,Tier 2
HCO1325,234712275.0,67.0,1080,0.000369487166286715,0.7833544645712691,Ho Chi Minh City,South,Vax Center,Tier 3
HCO0019,234380177.0,68.0,1081,0.0003689643732246586,0.7837234289444938,Khanh Hoa,South,Vax Center,Tier 2
HCO1838,233999127.0,65.0,1082,0.0003683645192770389,0.7840917934637708,Hung Yen,North,Vax Center,Tier 2
HCO1218,233994995.0,65.0,1083,0.00036835801462801234,0.7844601514783988,Hung Yen,North,Vax Center,Tier 3
HCO1468,233975887.0,68.0,1084,0.00036832793456179763,0.7848284794129605,Quang Ngai,Central,Vax Center,Tier 2
HCO0290,233835728.0,72.0,1085,0.0003681072944110446,0.7851965867073716,Can Tho,South,Vax Center,Tier 2
HCO0813,233801402.0,70.0,1086,0.0003680532579680424,0.7855646399653397,Quang Tri,Central,Hospital,Tier 2
HCO0778,233784488.0,68.0,1087,0.00036802663172563315,0.7859326665970653,Hung Yen,North,Vax Center,Tier 2
HCO0824,233590055.0,69.0,1088,0.00036772055272655814,0.7863003871497919,Long An,South,Vax Center,Tier 2
HCO1448,233486960.0,67.0,1089,0.0003675582592146047,0.7866679454090065,Kien Giang,South,Vax Center,Tier 2
HCO1963,233355598.0,66.0,1090,0.00036735146741755125,0.787035296876424,Ninh Binh,North,Vax Center,Tier 2
HCO1123,233340863.0,64.0,1091,0.00036732827138574915,0.7874026251478098,Quang Ninh,North,Vax Center,Tier 2
HCO0322,233041633.0,65.0,1092,0.00036685721956381966,0.7877694823673737,Hung Yen,North,Hospital,Tier 2
HCO0779,233015798.0,62.0,1093,0.00036681654976527156,0.7881362989171389,Quang Tri,Central,Vax Center,Tier 2
HCO1286,233014761.0,67.0,1094,0.00036681491730616205,0.788503113834445,Khanh Hoa,South,Vax Center,Tier 2
HCO0901,232774227.0,64.0,1095,0.000366436265503415,0.7888695500999484,Vinh Phuc,North,Vax Center,Tier 2
HCO0566,232566168.0,61.0,1096,0.0003661087362749993,0.7892356588362234,Vinh Phuc,North,Vax Center,Tier 2
HCO0370,232481721.0,66.0,1097,0.0003659757986911792,0.7896016346349145,Ha Tinh,Central,Vax Center,Tier 2
HCO1527,232476583.0,65.0,1098,0.00036596771038365297,0.7899676023452982,Tien Giang,South,Vax Center,Tier 2
HCO0983,232337019.0,70.0,1099,0.0003657480068897661,0.790333350352188,Quang Binh,Central,Vax Center,Tier 2
HCO1713,232261947.0,68.0,1100,0.0003656298275548869,0.7906989801797428,Hanoi,North,Hospital,Tier 2
HCO0713,232088643.0,67.0,1101,0.0003653570101069449,0.7910643371898498,Ho Chi Minh City,South,Vax Center,Tier 2
HCO1573,231968381.0,66.0,1102,0.00036516769207663754,0.7914295048819264,Khanh Hoa,South,Vax Center,Tier 2
HCO0976,231795634.0,63.0,1103,0.0003648957514654593,0.7917944006333919,Nghe An,Central,Vax Center,Tier 2
HCO1238,231780169.0,64.0,1104,0.00036487140625800636,0.7921592720396499,Kien Giang,South,Vax Center,Tier 3
HCO0380,231770601.0,66.0,1105,0.0003648563441859139,0.7925241283838358,Kien Giang,South,Vax Center,Tier 2
HCO0377,231337221.0,70.0,1106,0.0003641741116604726,0.7928883024954962,Vinh Phuc,North,Hospital,Tier 2
HCO0567,231250282.0,66.0,1107,0.00036403725113730735,0.7932523397466336,Khanh Hoa,South,Vax Center,Tier 3
HCO0092,231028194.0,63.0,1108,0.00036368763727162313,0.7936160273839051,Binh Dinh,Central,Vax Center,Tier 2
HCO0316,230955612.0,65.0,1109,0.0003635733777276627,0.7939796007616328,Binh Duong,South,Vax Center,Tier 2
HCO1694,230897809.0,68.0,1110,0.000363482383480886,0.7943430831451137,Da Nang,Central,Vax Center,Tier 2
HCO1597,230770322.0,68.0,1111,0.0003632816917600614,0.7947063648368737,Thanh Hoa,Central,Vax Center,Tier 2
HCO0075,230580337.0,62.0,1112,0.00036298261486139056,0.7950693474517351,Dong Nai,South,Vax Center,Tier 2
HCO0058,230544090.0,71.0,1113,0.00036292555435479205,0.7954322730060899,Quang Binh,Central,Hospital,Tier 2
HCO1136,230506198.0,67.0,1114,0.000362865904267446,0.7957951389103574,Ho Chi Minh City,South,Vax Center,Tier 2
HCO1349,230472352.0,62.0,1115,0.0003628126234467896,0.7961579515338042,Quang Ngai,Central,Vax Center,Tier 3
HCO1011,230084461.0,64.0,1116,0.0003622020003065293,0.7965201535341108,Quang Ninh,North,Vax Center,Tier 2
HCO0647,229792507.0,64.0,1117,0.0003617424024599912,0.7968818959365708,Long An,South,Vax Center,Tier 3
HCO0825,229676962.0,63.0,1118,0.0003615605099934442,0.7972434564465642,Hung Yen,North,Hospital,Tier 2
HCO1302,229159358.0,67.0,1119,0.00036074569093373095,0.7976042021374979,Quang Binh,Central,Vax Center,Tier 2
HCO1528,229000811.0,66.0,1120,0.0003604961041502819,0.7979646982416482,Quang Binh,Central,Vax Center,Tier 2
HCO1220,228775976.0,66.0,1121,0.00036014216592088135,0.798324840407569,Long An,South,Vax Center,Tier 2
HCO0355,228715225.0,63.0,1122,0.000360046530893531,0.7986848869384625,Nghe An,Central,Vax Center,Tier 2
HCO0960,228695803.0,65.0,1123,0.0003600159565243651,0.7990449028949869,Binh Duong,South,Vax Center,Tier 2
HCO0218,228650162.0,71.0,1124,0.00035994410785877444,0.7994048470028456,Nghe An,Central,Vax Center,Tier 3
HCO0331,227940291.0,61.0,1125,0.0003588266195458214,0.7997636736223914,Tien Giang,South,Hospital,Tier 2
HCO0056,227765949.0,57.0,1126,0.00035855216806455673,0.800122225790456,Quang Ninh,North,Vax Center,Tier 2
HCO0923,226214985.0,64.0,1127,0.0003561106200314481,0.8004783364104875,Thai Nguyen,North,Vax Center,Tier 3
HCO0644,226179050.0,67.0,1128,0.0003560540506793743,0.8008343904611669,Khanh Hoa,South,Vax Center,Tier 2
HCO1150,226081011.0,64.0,1129,0.000355899716389463,0.8011902901775564,Hung Yen,North,Vax Center,Tier 2
HCO0311,225876584.0,63.0,1130,0.00035557790470346366,0.8015458680822598,Bac Ninh,North,Hospital,Tier 2
HCO0226,225865636.0,63.0,1131,0.0003555606702171271,0.8019014287524769,Dong Nai,South,Vax Center,Tier 2
HCO0462,225785297.0,66.0,1132,0.0003554341995012163,0.8022568629519782,Binh Dinh,Central,Vax Center,Tier 2
HCO0259,225444552.0,67.0,1133,0.00035489779421744334,0.8026117607461957,Quang Tri,Central,Vax Center,Tier 2
HCO0469,225425452.0,62.0,1134,0.0003548677267449344,0.8029666284729406,Thanh Hoa,Central,Vax Center,Tier 2
HCO0569,225249804.0,63.0,1135,0.0003545912193412039,0.8033212196922819,Kien Giang,South,Vax Center,Tier 2
HCO0238,225070541.0,65.0,1136,0.0003543090211566818,0.8036755287134385,Hai Duong,North,Vax Center,Tier 2
HCO1552,225053171.0,63.0,1137,0.0003542816770730441,0.8040298103905116,Nam Dinh,North,Vax Center,Tier 2
HCO0323,224887240.0,62.0,1138,0.00035402046629917584,0.8043838308568108,Da Nang,Central,Vax Center,Tier 3
HCO1882,224540668.0,68.0,1139,0.00035347488807496784,0.8047373057448858,Hung Yen,North,Vax Center,Tier 2
HCO0038,224220137.0,63.0,1140,0.00035297030393723137,0.805090276048823,Nam Dinh,North,Vax Center,Tier 2
HCO0633,223640406.0,66.0,1141,0.00035205768373277647,0.8054423337325558,Hung Yen,North,Vax Center,Tier 3
HCO0577,223233357.0,70.0,1142,0.00035141690181564057,0.8057937506343714,Ho Chi Minh City,South,Vax Center,Tier 2
HCO1544,223180478.0,64.0,1143,0.0003513336589947609,0.8061450842933662,Binh Duong,South,Vax Center,Tier 2
HCO1119,222901564.0,63.0,1144,0.0003508945888886163,0.8064959788822548,Quang Binh,Central,Vax Center,Tier 2
HCO0640,222814167.0,63.0,1145,0.00035075700737579614,0.8068467358896305,Nghe An,Central,Hospital,Tier 2
HCO1052,222631971.0,62.0,1146,0.0003504701920238987,0.8071972060816545,Long An,South,Vax Center,Tier 2
HCO1617,222574921.0,67.0,1147,0.00035038038315967696,0.8075475864648142,Vinh Phuc,North,Vax Center,Tier 2
HCO1881,222565423.0,62.0,1148,0.0003503654312825099,0.8078979518960967,Hanoi,North,Vax Center,Tier 2
HCO1029,222409080.0,66.0,1149,0.00035011931406499854,0.8082480712101617,Hue,Central,Vax Center,Tier 2
HCO0706,222355987.0,62.0,1150,0.00035003573436248977,0.8085981069445243,Khanh Hoa,South,Vax Center,Tier 2
HCO0903,222328402.0,63.0,1151,0.000349992309690806,0.8089480992542151,Nghe An,Central,Vax Center,Tier 3
HCO0576,221791493.0,61.0,1152,0.0003491471004448736,0.8092972463546599,Dong Nai,South,Vax Center,Tier 2
HCO0748,221737611.0,66.0,1153,0.00034906227868813396,0.8096463086333481,Hai Duong,North,Vax Center,Tier 2
HCO1777,221325546.0,63.0,1154,0.00034841360051748464,0.8099947222338656,Quang Ninh,North,Hospital,Tier 2
HCO0828,221289363.0,62.0,1155,0.0003483566407605322,0.8103430788746261,Ho Chi Minh City,South,Vax Center,Tier 2
HCO0973,221126098.0,65.0,1156,0.00034809962683910947,0.8106911785014652,Bac Ninh,North,Vax Center,Tier 3
HCO1513,220890957.0,58.0,1157,0.00034772946476825987,0.8110389079662335,Thanh Hoa,Central,Vax Center,Tier 2
HCO1161,220816673.0,64.0,1158,0.00034761252591339835,0.8113865204921469,Ha Tinh,Central,Vax Center,Tier 2
HCO1301,220517020.0,63.0,1159,0.0003471408081992766,0.8117336613003462,Dong Nai,South,Vax Center,Tier 2
HCO0830,220026790.0,58.0,1160,0.00034636908165225756,0.8120800303819985,Quang Tri,Central,Vax Center,Tier 2
HCO1698,219860033.0,61.0,1161,0.0003461065705782693,0.8124261369525768,Ho Chi Minh City,South,Vax Center,Tier 2
HCO1168,219459423.0,63.0,1162,0.0003454759250200593,0.8127716128775969,Binh Dinh,Central,Hospital,Tier 2
HCO0620,219404634.0,59.0,1163,0.00034538967545192875,0.8131170025530489,Hanoi,North,Hospital,Tier 2
HCO1173,219284849.0,59.0,1164,0.00034520110832132744,0.8134622036613702,Binh Duong,South,Vax Center,Tier 2
HCO0555,219188010.0,62.0,1165,0.00034504866308728065,0.8138072523244575,Long An,South,Vax Center,Tier 2
HCO0368,219079698.0,60.0,1166,0.00034487815690495654,0.8141521304813625,Vinh Phuc,North,Hospital,Tier 2
HCO0807,218958569.0,61.0,1167,0.00034468747403178706,0.8144968179553943,Dong Nai,South,Vax Center,Tier 2
HCO0206,218758230.0,61.0,1168,0.0003443720977294326,0.8148411900531237,Binh Duong,South,Vax Center,Tier 2
HCO0794,218644630.0,63.0,1169,0.00034419326710759924,0.8151853833202313,Binh Dinh,Central,Vax Center,Tier 2
HCO1292,218321424.0,64.0,1170,0.0003436844719494982,0.8155290677921808,Quang Binh,Central,Vax Center,Tier 2
HCO1505,217881333.0,60.0,1171,0.000342991674879135,0.81587205946706,Hai Phong,North,Vax Center,Tier 3
HCO0500,217842245.0,65.0,1172,0.00034293014203277744,0.8162149896090928,Nam Dinh,North,Vax Center,Tier 2
HCO1266,217816313.0,67.0,1173,0.000342889319535547,0.8165578789286283,Nghe An,Central,Vax Center,Tier 2
HCO0535,217747228.0,63.0,1174,0.0003427805650152181,0.8169006594936435,Binh Dinh,Central,Vax Center,Tier 2
HCO1362,217746076.0,64.0,1175,0.00034277875152158825,0.8172434382451651,Binh Duong,South,Vax Center,Tier 2
HCO1916,217567688.0,60.0,1176,0.00034249793077363393,0.8175859361759388,Long An,South,Vax Center,Tier 2
HCO0343,217535178.0,65.0,1177,0.00034244675310183994,0.8179283829290406,Thanh Hoa,Central,Vax Center,Tier 2
HCO1414,217520268.0,60.0,1178,0.00034242328158272427,0.8182708062106233,Hai Phong,North,Vax Center,Tier 2
HCO0836,217495331.0,63.0,1179,0.0003423840254276481,0.818613190236051,Long An,South,Vax Center,Tier 2
HCO0716,217374291.0,63.0,1180,0.00034219348265945523,0.8189553837187104,Quang Binh,Central,Vax Center,Tier 2
HCO1543,217330492.0,62.0,1181,0.0003421245336946165,0.819297508252405,Da Nang,Central,Vax Center,Tier 2
HCO0853,217207155.0,64.0,1182,0.00034193037495865646,0.8196394386273637,Tien Giang,South,Vax Center,Tier 2
HCO1765,216577572.0,62.0,1183,0.00034093927707674003,0.8199803779044404,Long An,South,Vax Center,Tier 2
HCO0912,216408326.0,63.0,1184,0.00034067284778604626,0.8203210507522265,Ho Chi Minh City,South,Vax Center,Tier 2
HCO1437,216084562.0,62.0,1185,0.00034016317421696837,0.8206612139264434,Ha Tinh,Central,Vax Center,Tier 2
HCO1139,216062278.0,58.0,1186,0.00034012809444956577,0.821001342020893,Binh Duong,South,Vax Center,Tier 2
HCO1148,215340143.0,60.0,1187,0.0003389912999856782,0.8213403333208787,Thanh Hoa,Central,Vax Center,Tier 2
HCO0104,215253902.0,60.0,1188,0.0003388555382633408,0.821679188859142,Ninh Binh,North,Vax Center,Tier 2
HCO0635,215059326.0,62.0,1189,0.0003385492341517752,0.8220177380932938,Ninh Binh,North,Vax Center,Tier 3
HCO0855,214795566.0,61.0,1190,0.000338134019672772,0.8223558721129666,Hung Yen,North,Vax Center,Tier 3
HCO1745,214538159.0,62.0,1191,0.00033772880617035777,0.8226936009191369,Quang Ngai,Central,Hospital,Tier 2
HCO1406,214503166.0,61.0,1192,0.00033767371972713757,0.823031274638864,Kien Giang,South,Vax Center,Tier 3
HCO0122,214421102.0,58.0,1193,0.00033754453349342165,0.8233688191723575,Ba Ria - Vung Tau,South,Vax Center,Tier 2
HCO1558,214377327.0,63.0,1194,0.0003374756223097002,0.8237062947946672,Da Nang,Central,Vax Center,Tier 2
HCO0958,214225304.0,64.0,1195,0.0003372363056933008,0.8240435311003604,Hai Phong,North,Vax Center,Tier 2
HCO1197,214152549.0,60.0,1196,0.00033712177381045323,0.8243806528741708,Quang Binh,Central,Vax Center,Tier 2
HCO1600,214059660.0,62.0,1197,0.0003369755467186268,0.8247176284208895,Nghe An,Central,Vax Center,Tier 2
HCO0736,214034109.0,57.0,1198,0.0003369353239966333,0.8250545637448861,Hanoi,North,Vax Center,Tier 2
HCO0348,213774784.0,56.0,1199,0.0003365270911532624,0.8253910908360393,Ha Tinh,Central,Vax Center,Tier 2
HCO1795,213295727.0,59.0,1200,0.0003357729532905545,0.8257268637893299,Lam Dong,South,Vax Center,Tier 3
HCO0502,213038054.0,56.0,1201,0.0003353673210474236,0.8260622311103774,Khanh Hoa,South,Vax Center,Tier 2
HCO0236,213003081.0,55.0,1202,0.0003353122660884678,0.8263975433764659,Hai Duong,North,Vax Center,Tier 3
HCO1338,212900109.0,62.0,1203,0.0003351501662047405,0.8267326935426706,Bac Ninh,North,Vax Center,Tier 2
HCO1347,212855897.0,60.0,1204,0.00033508056708984174,0.8270677741097605,Binh Dinh,Central,Hospital,Tier 2
HCO0854,212823344.0,62.0,1205,0.0003350293217268792,0.8274028034314874,Quang Binh,Central,Vax Center,Tier 2
HCO0924,212760531.0,63.0,1206,0.0003349304406718685,0.8277377338721593,Hai Duong,North,Vax Center,Tier 2
HCO0107,212695349.0,56.0,1207,0.00033482783030573877,0.828072561702465,Can Tho,South,Vax Center,Tier 2
HCO0730,212658971.0,64.0,1208,0.00033477056357720836,0.8284073322660422,Quang Binh,Central,Hospital,Tier 2
HCO1398,212630782.0,62.0,1209,0.0003347261880807395,0.828742058454123,Quang Ninh,North,Vax Center,Tier 2
HCO1960,212535563.0,57.0,1210,0.00033457629307210966,0.8290766347471951,Bac Ninh,North,Vax Center,Tier 2
HCO0862,212440959.0,57.0,1211,0.00033442736620461035,0.8294110621133997,Can Tho,South,Vax Center,Tier 2
HCO1162,211701307.0,60.0,1212,0.00033326299624774166,0.8297443251096474,Nghe An,Central,Vax Center,Tier 2
HCO0378,211535955.0,64.0,1213,0.000333002696943328,0.8300773278065907,Binh Duong,South,Vax Center,Tier 2
HCO1701,211471349.0,58.0,1214,0.00033290099332401317,0.8304102287999148,Can Tho,South,Vax Center,Tier 2
HCO1203,211144515.0,62.0,1215,0.00033238648692034877,0.8307426152868351,Hung Yen,North,Vax Center,Tier 3
HCO0793,210966796.0,62.0,1216,0.00033210671932103886,0.8310747220061562,Vinh Phuc,North,Vax Center,Tier 3
HCO0641,210255017.0,59.0,1217,0.00033098622740926136,0.8314057082335654,Bac Ninh,North,Vax Center,Tier 2
HCO1140,210138287.0,59.0,1218,0.0003308024695000483,0.8317365107030654,Quang Ninh,North,Vax Center,Tier 2
HCO1271,209914408.0,59.0,1219,0.0003304500362184864,0.8320669607392839,Hung Yen,North,Vax Center,Tier 2
HCO0485,209318678.0,61.0,1220,0.00032951223017671895,0.8323964729694606,Ninh Binh,North,Vax Center,Tier 2
HCO1958,209129414.0,58.0,1221,0.00032921428828578,0.8327256872577464,Khanh Hoa,South,Vax Center,Tier 3
HCO0120,208872248.0,61.0,1222,0.00032880945416875187,0.8330544967119152,Hanoi,North,Vax Center,Tier 2
HCO1097,208624595.0,55.0,1223,0.00032841959554208905,0.8333829163074573,Quang Tri,Central,Vax Center,Tier 2
HCO0009,208570249.0,58.0,1224,0.00032833404335041517,0.8337112503508077,Thai Nguyen,North,Vax Center,Tier 2
HCO0547,208557324.0,62.0,1225,0.0003283136966445419,0.8340395640474523,Long An,South,Vax Center,Tier 2
HCO0227,208542356.0,61.0,1226,0.00032829013382105956,0.8343678541812733,Binh Duong,South,Vax Center,Tier 2
HCO0614,208469764.0,55.0,1227,0.00032817585853496685,0.8346960300398083,Thai Nguyen,North,Vax Center,Tier 2
HCO0751,208415398.0,59.0,1228,0.00032809027485902856,0.8350241203146673,Thai Nguyen,North,Vax Center,Tier 3
HCO0301,208365804.0,56.0,1229,0.0003280122033285778,0.8353521325179959,Lam Dong,South,Vax Center,Tier 3
HCO0505,208319798.0,59.0,1230,0.00032793978007516177,0.8356800722980711,Hanoi,North,Vax Center,Tier 2
HCO1802,208159557.0,59.0,1231,0.0003276875265745174,0.8360077598246456,Kien Giang,South,Vax Center,Tier 2
HCO0527,207932609.0,59.0,1232,0.00032733026203258224,0.8363350900866782,Vinh Phuc,North,Vax Center,Tier 2
HCO1758,207703662.0,57.0,1233,0.00032696985063841955,0.8366620599373166,Khanh Hoa,South,Vax Center,Tier 2
HCO0335,207576426.0,57.0,1234,0.0003267695540451133,0.8369888294913617,Binh Dinh,Central,Vax Center,Tier 3
HCO1417,207361956.0,58.0,1235,0.00032643193253574184,0.8373152614238975,Long An,South,Hospital,Tier 2
HCO0784,207048838.0,57.0,1236,0.0003259390180406079,0.837641200441938,Quang Nam,Central,Vax Center,Tier 2
HCO0412,206969545.0,57.0,1237,0.00032581419395172556,0.8379670146358897,Hai Duong,North,Vax Center,Tier 2
HCO1779,206556981.0,57.0,1238,0.0003251647302486793,0.8382921793661384,Nghe An,Central,Vax Center,Tier 2
HCO0468,206184458.0,61.0,1239,0.00032457829961718963,0.8386167576657556,Quang Ngai,Central,Vax Center,Tier 2
HCO0071,205885682.0,59.0,1240,0.0003241079624880622,0.8389408656282437,Long An,South,Vax Center,Tier 2
HCO2000,205839369.0,61.0,1241,0.00032403505595118745,0.8392649006841948,Quang Nam,Central,Vax Center,Tier 2
HCO1488,205829676.0,57.0,1242,0.00032401979710244247,0.8395889204812972,Can Tho,South,Hospital,Tier 3
HCO1985,205682172.0,61.0,1243,0.0003237875943555859,0.8399127080756528,Nghe An,Central,Vax Center,Tier 3
HCO1637,205638093.0,59.0,1244,0.00032371820461104547,0.8402364262802638,Ho Chi Minh City,South,Vax Center,Tier 2
HCO0439,205431359.0,62.0,1245,0.0003233927612151467,0.840559819041479,Bac Ninh,North,Vax Center,Tier 2
HCO0927,205360374.0,62.0,1246,0.0003232810156896992,0.8408831000571687,Dong Nai,South,Vax Center,Tier 2
HCO1004,205262072.0,58.0,1247,0.000323126267381711,0.8412062263245504,Long An,South,Vax Center,Tier 3
HCO1628,205200697.0,58.0,1248,0.0003230296500453111,0.8415292559745957,Ho Chi Minh City,South,Vax Center,Tier 2
HCO1671,205019296.0,63.0,1249,0.00032274408619292386,0.8418520000607886,Long An,South,Vax Center,Tier 2
HCO1526,204846553.0,61.0,1250,0.00032247215187859854,0.8421744722126673,Dong Nai,South,Vax Center,Tier 3
HCO1587,204801567.0,55.0,1251,0.00032240133432266725,0.84249687354699,Hanoi,North,Vax Center,Tier 2
HCO1502,204730730.0,56.0,1252,0.0003222898217807763,0.8428191633687707,Bac Ninh,North,Hospital,Tier 2
HCO0809,204660087.0,63.0,1253,0.00032217861463625016,0.843141341983407,Nghe An,Central,Vax Center,Tier 3
HCO1178,204454776.0,59.0,1254,0.000321855411345764,0.8434631973947527,Quang Binh,Central,Vax Center,Tier 3
HCO0266,203964458.0,59.0,1255,0.00032108354626798154,0.8437842809410208,Long An,South,Vax Center,Tier 3
HCO1277,203856644.0,60.0,1256,0.00032091382404384123,0.8441051947650646,Quang Nam,Central,Vax Center,Tier 3
HCO1591,203821010.0,61.0,1257,0.00032085772852994673,0.8444260524935946,Hung Yen,North,Hospital,Tier 2
HCO1199,203742520.0,55.0,1258,0.00032073416853428037,0.8447467866621289,Tien Giang,South,Vax Center,Tier 2
HCO1357,203333775.0,54.0,1259,0.0003200907167515227,0.8450668773788804,Khanh Hoa,South,Vax Center,Tier 2
HCO1380,203250044.0,55.0,1260,0.0003199589063043684,0.8453868362851847,Khanh Hoa,South,Vax Center,Tier 2
HCO0375,202887536.0,57.0,1261,0.0003193882414182807,0.845706224526603,Kien Giang,South,Vax Center,Tier 2
HCO1839,202885423.0,56.0,1262,0.00031938491510574604,0.8460256094417088,Quang Tri,Central,Vax Center,Tier 3
HCO0187,202582488.0,57.0,1263,0.0003189080308238351,0.8463445174725326,Bac Ninh,North,Vax Center,Tier 3
HCO0572,202491772.0,58.0,1264,0.0003187652244973365,0.84666328269703,Dong Nai,South,Vax Center,Tier 3
HCO1177,202459519.0,56.0,1265,0.00031871445139834015,0.8469819971484283,Quang Ngai,Central,Vax Center,Tier 3
HCO1311,202292807.0,57.0,1266,0.0003184520111639468,0.8473004491595922,Quang Ninh,North,Vax Center,Tier 3
HCO1902,202191756.0,56.0,1267,0.0003182929353438158,0.847618742094936,Quang Ngai,Central,Vax Center,Tier 2
HCO0990,202106114.0,62.0,1268,0.0003181581165751974,0.8479369002115112,Ha Tinh,Central,Vax Center,Tier 2
HCO1457,201419075.0,60.0,1269,0.00031707657069849173,0.8482539767822097,Kien Giang,South,Vax Center,Tier 3
HCO1796,201412198.0,56.0,1270,0.00031706574483417524,0.8485710425270439,Quang Ninh,North,Vax Center,Tier 3
HCO1040,201348260.0,56.0,1271,0.0003169650927892916,0.8488880076198332,Nghe An,Central,Vax Center,Tier 2
HCO0605,201249088.0,55.0,1272,0.0003168089749158017,0.849204816594749,Hai Phong,North,Vax Center,Tier 2
HCO0188,201122303.0,58.0,1273,0.0003166093882926578,0.8495214259830417,Bac Ninh,North,Vax Center,Tier 2
HCO0619,200781926.0,58.0,1274,0.00031607356231935,0.849837499545361,Binh Dinh,Central,Vax Center,Tier 2
HCO0482,200732034.0,58.0,1275,0.00031599502167335957,0.8501534945670344,Ho Chi Minh City,South,Vax Center,Tier 2
HCO0198,200729135.0,56.0,1276,0.0003159904580292338,0.8504694850250636,Da Nang,Central,Vax Center,Tier 3
HCO1547,200023920.0,58.0,1277,0.00031488029925303475,0.8507843653243167,Binh Duong,South,Vax Center,Tier 2
HCO1957,199895246.0,60.0,1278,0.00031467773894111763,0.8510990430632578,Thai Nguyen,North,Vax Center,Tier 3
HCO1428,199581380.0,52.0,1279,0.00031418364693449485,0.8514132267101923,Ha Tinh,Central,Vax Center,Tier 2
HCO0772,199468672.0,55.0,1280,0.00031400622051085407,0.8517272329307031,Nam Dinh,North,Hospital,Tier 3
HCO0950,199090627.0,58.0,1281,0.00031341109707396154,0.852040644027777,Hung Yen,North,Vax Center,Tier 2
HCO0590,198996583.0,56.0,1282,0.0003132630517658656,0.8523539070795428,Hanoi,North,Vax Center,Tier 2
HCO0739,198853546.0,56.0,1283,0.00031303788102946445,0.8526669449605723,Quang Ninh,North,Vax Center,Tier 2
HCO1741,198835768.0,61.0,1284,0.0003130098946668328,0.8529799548552391,Da Nang,Central,Vax Center,Tier 2
HCO0254,198826693.0,55.0,1285,0.000312995608681858,0.853292950463921,Thai Nguyen,North,Vax Center,Tier 3
HCO0464,198677010.0,57.0,1286,0.00031275997572439426,0.8536057104396454,Nam Dinh,North,Vax Center,Tier 2
HCO0952,198653448.0,57.0,1287,0.00031272288411249603,0.8539184333237579,Binh Duong,South,Vax Center,Tier 2
HCO1460,198617363.0,57.0,1288,0.00031266607862843917,0.8542310994023864,Quang Binh,Central,Vax Center,Tier 2
HCO1964,198583421.0,61.0,1289,0.0003126126466833136,0.8545437120490698,Quang Ninh,North,Vax Center,Tier 2
HCO0202,198293250.0,56.0,1290,0.00031215585565894734,0.8548558679047287,Nghe An,Central,Hospital,Tier 3
HCO1201,198164223.0,56.0,1291,0.0003119527396497634,0.8551678206443785,Hung Yen,North,Vax Center,Tier 2
HCO1149,197454597.0,58.0,1292,0.0003108356370190494,0.8554786562813975,Thai Nguyen,North,Vax Center,Tier 2
HCO1551,197311487.0,54.0,1293,0.0003106103513650831,0.8557892666327626,Ba Ria - Vung Tau,South,Vax Center,Tier 2
HCO1668,197137690.0,57.0,1294,0.0003103367578300235,0.8560996033905925,Binh Duong,South,Vax Center,Tier 3
HCO0532,197063088.0,54.0,1295,0.0003102193183753579,0.8564098227089679,Thai Nguyen,North,Vax Center,Tier 2
HCO0740,196782069.0,54.0,1296,0.00030977693455038445,0.8567195996435183,Quang Ngai,Central,Vax Center,Tier 2
HCO0215,196738413.0,54.0,1297,0.00030970821069803623,0.8570293078542164,Quang Ngai,Central,Vax Center,Tier 2
HCO0486,196526847.0,57.0,1298,0.00030937516070385666,0.8573386830149202,Hung Yen,North,Vax Center,Tier 2
HCO1485,196243998.0,57.0,1299,0.00030892989606868995,0.8576476129109889,Ba Ria - Vung Tau,South,Vax Center,Tier 2
HCO1999,195956825.0,54.0,1300,0.00030847782453555835,0.8579560907355245,Hue,Central,Vax Center,Tier 3
HCO0154,195796905.0,55.0,1301,0.00030822607635735776,0.8582643168118819,Nam Dinh,North,Vax Center,Tier 2
HCO0390,195480354.0,59.0,1302,0.0003077277575882383,0.8585720445694701,Long An,South,Vax Center,Tier 2
HCO0414,195474880.0,55.0,1303,0.00030771914034507,0.8588797637098152,Hung Yen,North,Vax Center,Tier 2
HCO0232,195369147.0,55.0,1304,0.0003075526940586413,0.8591873164038739,Binh Duong,South,Vax Center,Tier 3
HCO0829,195089404.0,54.0,1305,0.00030711231892973696,0.8594944287228037,Nghe An,Central,Vax Center,Tier 2
HCO1876,194973102.0,58.0,1306,0.0003069292347837822,0.8598013579575875,Ha Tinh,Central,Vax Center,Tier 2
HCO1907,194886491.0,55.0,1307,0.00030679289060255325,0.86010815084819,Quang Binh,Central,Vax Center,Tier 2
HCO1051,194568262.0,57.0,1308,0.00030629193030365,0.8604144427784937,Thai Nguyen,North,Vax Center,Tier 2
HCO0247,194481377.0,56.0,1309,0.0003061551547879987,0.8607205979332817,Ninh Binh,North,Vax Center,Tier 2
HCO1363,194164894.0,59.0,1310,0.00030565694306537825,0.8610262548763471,Bac Ninh,North,Vax Center,Tier 2
HCO0988,193907286.0,53.0,1311,0.0003052514131461067,0.8613315062894932,Ho Chi Minh City,South,Vax Center,Tier 2
HCO0980,193835058.0,57.0,1312,0.00030513771087362627,0.8616366440003668,Quang Binh,Central,Vax Center,Tier 3
HCO1327,193737475.0,53.0,1313,0.00030498409442494346,0.8619416280947917,Quang Tri,Central,Vax Center,Tier 3
HCO1110,193589896.0,58.0,1314,0.00030475177361209536,0.8622463798684038,Binh Dinh,Central,Vax Center,Tier 3
HCO1711,193501733.0,55.0,1315,0.0003046129862519484,0.8625509928546558,Thai Nguyen,North,Vax Center,Tier 2
HCO0889,193412562.0,61.0,1316,0.0003044726120848753,0.8628554654667406,Nam Dinh,North,Vax Center,Tier 3
HCO0197,193346173.0,56.0,1317,0.0003043681016433886,0.863159833568384,Hanoi,North,Vax Center,Tier 2
HCO0857,193244698.0,51.0,1318,0.00030420835835685215,0.8634640419267409,Nghe An,Central,Vax Center,Tier 2
HCO0296,193199244.0,50.0,1319,0.0003041368040691337,0.86376817873081,Binh Dinh,Central,Vax Center,Tier 3
HCO1560,192699222.0,52.0,1320,0.00030334966282626085,0.8640715283936363,Hung Yen,North,Vax Center,Tier 2
HCO0587,192587554.0,50.0,1321,0.00030317387358436924,0.8643747022672207,Dong Nai,South,Vax Center,Tier 2
HCO0967,192484425.0,57.0,1322,0.0003030115265491663,0.8646777137937699,Quang Ngai,Central,Vax Center,Tier 3
HCO1733,192376764.0,57.0,1323,0.0003028420451796487,0.8649805558389495,Hung Yen,North,Vax Center,Tier 3
HCO0659,192219932.0,49.0,1324,0.0003025951581718726,0.8652831509971214,Dong Nai,South,Vax Center,Tier 3
HCO0032,192187609.0,56.0,1325,0.0003025442748779508,0.8655856952719994,Quang Binh,Central,Vax Center,Tier 2
HCO0895,192094193.0,56.0,1326,0.00030239721817575723,0.8658880924901751,Hai Duong,North,Vax Center,Tier 3
HCO0428,191869249.0,55.0,1327,0.0003020431083571157,0.8661901355985322,Quang Binh,Central,Hospital,Tier 2
HCO1691,191849620.0,54.0,1328,0.00030201220812581313,0.8664921478066581,Hanoi,North,Vax Center,Tier 2
HCO1064,191768711.0,57.0,1329,0.0003018848401083667,0.8667940326467665,Thai Nguyen,North,Vax Center,Tier 3
HCO1212,191659658.0,56.0,1330,0.00030171316743404634,0.8670957458142005,Ninh Binh,North,Vax Center,Tier 2
HCO0786,191267492.0,54.0,1331,0.0003010958145322691,0.8673968416287328,Ba Ria - Vung Tau,South,Vax Center,Tier 2
HCO0426,190995990.0,56.0,1332,0.00030066841249451384,0.8676975100412273,Hung Yen,North,Vax Center,Tier 2
HCO0110,190947111.0,57.0,1333,0.0003005914665265156,0.8679981015077538,Quang Ninh,North,Vax Center,Tier 2
HCO1826,190847706.0,50.0,1334,0.00030043498186134535,0.8682985364896152,Kien Giang,South,Vax Center,Tier 3
HCO1319,190518324.0,53.0,1335,0.00029991646436239544,0.8685984529539776,Nghe An,Central,Vax Center,Tier 3
HCO1435,190506265.0,53.0,1336,0.00029989748092517103,0.8688983504349028,Binh Dinh,Central,Vax Center,Tier 3
HCO0513,190436536.0,55.0,1337,0.0002997877126115283,0.8691981381475143,Ho Chi Minh City,South,Vax Center,Tier 2
HCO0225,190378868.0,59.0,1338,0.00029969693088353634,0.8694978350783978,Thai Nguyen,North,Vax Center,Tier 2
HCO1099,189886982.0,55.0,1339,0.00029892259743942434,0.8697967576758373,Binh Dinh,Central,Vax Center,Tier 2
HCO0163,189641736.0,50.0,1340,0.000298536527943983,0.8700952942037813,Bac Ninh,North,Vax Center,Tier 3
HCO0746,188587000.0,56.0,1341,0.0002968761485887891,0.87039217035237,Ho Chi Minh City,South,Vax Center,Tier 2
HCO0415,188478650.0,53.0,1342,0.00029670558258636264,0.8706888759349564,Vinh Phuc,North,Vax Center,Tier 2
HCO0540,188344136.0,56.0,1343,0.0002964938288692386,0.8709853697638256,Hue,Central,Vax Center,Tier 2
HCO0961,188313603.0,52.0,1344,0.0002964457634169812,0.8712818155272426,Quang Ngai,Central,Vax Center,Tier 3
HCO0249,188093370.0,53.0,1345,0.00029609906971682083,0.8715779145969594,Ho Chi Minh City,South,Vax Center,Tier 2
HCO1676,188000934.0,56.0,1346,0.00029595355574358326,0.8718738681527031,Kien Giang,South,Vax Center,Tier 3
HCO0631,187882111.0,52.0,1347,0.0002957665030060999,0.8721696346557092,Vinh Phuc,North,Vax Center,Tier 3
HCO0574,187820455.0,48.0,1348,0.00029566944331578515,0.872465304099025,Lam Dong,South,Vax Center,Tier 3
HCO0712,187735297.0,55.0,1349,0.0002955353864663654,0.8727608394854913,Quang Ninh,North,Vax Center,Tier 2
HCO0256,187624026.0,55.0,1350,0.00029536022218712226,0.8730561997076784,Nghe An,Central,Vax Center,Tier 3
HCO1405,187425780.0,50.0,1351,0.00029504814071303797,0.8733512478483915,Hung Yen,North,Vax Center,Tier 2
HCO1024,187343451.0,53.0,1352,0.00029491853731281867,0.8736461663857042,Bac Ninh,North,Vax Center,Tier 2
HCO1322,187079209.0,51.0,1353,0.0002945025640630432,0.8739406689497673,Binh Duong,South,Vax Center,Tier 2
HCO1078,186935849.0,51.0,1354,0.0002942768848557718,0.874234945834623,Nghe An,Central,Vax Center,Tier 2
HCO1723,186706913.0,54.0,1355,0.0002939164907779546,0.874528862325401,Ba Ria - Vung Tau,South,Vax Center,Tier 2
HCO0207,186598638.0,50.0,1356,0.00029374604284151967,0.8748226083682424,Quang Binh,Central,Vax Center,Tier 2
HCO0129,186583113.0,54.0,1357,0.0002937216031812735,0.8751163299714237,Lam Dong,South,Vax Center,Tier 3
HCO1601,186027609.0,55.0,1358,0.0002928471214405084,0.8754091770928643,Quang Binh,Central,Vax Center,Tier 2
HCO0872,185934457.0,54.0,1359,0.00029270048033060506,0.8757018775731948,Vinh Phuc,North,Vax Center,Tier 3
HCO0487,185605655.0,51.0,1360,0.00029218287587532294,0.8759940604490701,Nam Dinh,North,Vax Center,Tier 2
HCO0763,185410588.0,56.0,1361,0.0002918757988250662,0.8762859362478952,Nam Dinh,North,Vax Center,Tier 3
HCO1936,185374788.0,55.0,1362,0.00029181944199177713,0.8765777556898869,Quang Ninh,North,Vax Center,Tier 3
HCO0365,185316258.0,50.0,1363,0.00029172730329198927,0.8768694829931789,Hanoi,North,Vax Center,Tier 2
HCO1888,185164322.0,57.0,1364,0.00029148812363214,0.877160971116811,Lam Dong,South,Vax Center,Tier 2
HCO1954,185061189.0,53.0,1365,0.00029132577030008424,0.8774522968871111,Thai Nguyen,North,Vax Center,Tier 2
HCO0561,184962993.0,52.0,1366,0.00029117118885869735,0.8777434680759698,Long An,South,Vax Center,Tier 3
HCO0361,184906948.0,54.0,1367,0.00029108296207876205,0.8780345510380486,Quang Ngai,Central,Vax Center,Tier 2
HCO1639,184887286.0,53.0,1368,0.00029105200989842326,0.878325603047947,Hai Phong,North,Vax Center,Tier 3
HCO0653,184752640.0,53.0,1369,0.0002908400483851541,0.8786164430963322,Hanoi,North,Hospital,Tier 2
HCO0435,184600756.0,51.0,1370,0.00029060095058439236,0.8789070440469167,Da Nang,Central,Vax Center,Tier 2
HCO1793,184396170.0,50.0,1371,0.00029027888859849095,0.8791973229355151,Quang Tri,Central,Vax Center,Tier 2
HCO1042,184224076.0,51.0,1372,0.0002900079759485456,0.8794873309114637,Quang Ngai,Central,Vax Center,Tier 3
HCO0094,184219424.0,51.0,1373,0.0002900006527086445,0.8797773315641724,Nghe An,Central,Vax Center,Tier 2
HCO0879,184178280.0,52.0,1374,0.0002899358832799058,0.8800672674474522,Thai Nguyen,North,Vax Center,Tier 2
HCO0411,183788711.0,49.0,1375,0.00028932261860986185,0.880356590066062,Ho Chi Minh City,South,Vax Center,Tier 2
HCO0136,183512449.0,53.0,1376,0.0002888877233171776,0.8806454777893792,Thanh Hoa,Central,Vax Center,Tier 2
HCO0340,183338402.0,50.0,1377,0.00028861373622881295,0.880934091525608,Ba Ria - Vung Tau,South,Hospital,Tier 2
HCO1465,183283432.0,48.0,1378,0.00028852720172808954,0.8812226187273361,Ha Tinh,Central,Vax Center,Tier 3
HCO1862,183084854.0,52.0,1379,0.0002882145976152161,0.8815108333249513,Dong Nai,South,Vax Center,Tier 3
HCO0603,182919238.0,50.0,1380,0.0002879538827185123,0.8817987872076698,Hanoi,North,Vax Center,Tier 2
HCO1630,182742283.0,51.0,1381,0.00028767531781810277,0.882086462525488,Hanoi,North,Vax Center,Tier 2
HCO0025,182666987.0,53.0,1382,0.00028755678585946226,0.8823740193113474,Khanh Hoa,South,Hospital,Tier 2
HCO1334,182534583.0,52.0,1383,0.00028734835373223316,0.8826613676650796,Hanoi,North,Vax Center,Tier 2
HCO1373,182484926.0,52.0,1384,0.00028727018302634956,0.882948637848106,Kien Giang,South,Vax Center,Tier 2
HCO1163,182382565.0,49.0,1385,0.00028710904498689986,0.8832357468930928,Ho Chi Minh City,South,Vax Center,Tier 3
HCO1776,181897123.0,52.0,1386,0.0002863448557727799,0.8835220917488655,Khanh Hoa,South,Vax Center,Tier 3
HCO1269,181837918.0,50.0,1387,0.0002862516544790683,0.8838083434033446,Lam Dong,South,Vax Center,Tier 3
HCO0189,181371018.0,53.0,1388,0.0002855166543264803,0.8840938600576711,Long An,South,Vax Center,Tier 3
HCO1221,181246665.0,53.0,1389,0.0002853208961898884,0.884379180953861,Quang Ninh,North,Vax Center,Tier 3
HCO1336,181116214.0,51.0,1390,0.0002851155385010787,0.8846642964923621,Quang Tri,Central,Vax Center,Tier 2
HCO1805,180835391.0,52.0,1391,0.0002846734632218964,0.884948969955584,Hung Yen,North,Vax Center,Tier 2
HCO1164,180769165.0,52.0,1392,0.00028456920937716456,0.8852335391649612,Kien Giang,South,Vax Center,Tier 2
HCO0766,180733296.0,51.0,1393,0.0002845127439231633,0.8855180519088843,Ninh Binh,North,Vax Center,Tier 2
HCO1900,180529727.0,51.0,1394,0.00028419228291210705,0.8858022441917964,Ha Tinh,Central,Vax Center,Tier 2
HCO0133,180205169.0,49.0,1395,0.00028368135941773216,0.8860859255512141,Thai Nguyen,North,Vax Center,Tier 2
HCO1895,179968946.0,51.0,1396,0.0002833094940481781,0.8863692350452623,Thai Nguyen,North,Hospital,Tier 2
HCO1561,179942799.0,54.0,1397,0.00028326833309510525,0.8866525033783574,Hung Yen,North,Vax Center,Tier 2
HCO0894,179810577.0,47.0,1398,0.0002830601874746823,0.8869355635658321,Hue,Central,Vax Center,Tier 2
HCO0012,179636905.0,52.0,1399,0.0002827867907162752,0.8872183503565484,Binh Duong,South,Vax Center,Tier 3
HCO1768,179606475.0,51.0,1400,0.0002827388874079795,0.8875010892439563,Vinh Phuc,North,Vax Center,Tier 3
HCO0448,179591558.0,55.0,1401,0.0002827154048693714,0.8877838046488257,Quang Ngai,Central,Hospital,Tier 3
HCO1170,179436073.0,51.0,1402,0.00028247063832680303,0.8880662752871524,Lam Dong,South,Vax Center,Tier 3
HCO1176,179275805.0,51.0,1403,0.00028221834232240175,0.8883484936294749,Hai Phong,North,Vax Center,Tier 2
HCO0309,179260814.0,52.0,1404,0.0002821947432920153,0.8886306883727669,Quang Ninh,North,Vax Center,Tier 2
HCO0463,179089785.0,51.0,1405,0.0002819255071791496,0.8889126138799461,Binh Dinh,Central,Vax Center,Tier 3
HCO0940,179067882.0,52.0,1406,0.000281891027186984,0.8891945049071331,Hung Yen,North,Vax Center,Tier 2
HCO1647,178843847.0,48.0,1407,0.00028153834832815973,0.8894760432554613,Lam Dong,South,Vax Center,Tier 3
HCO1548,178776902.0,50.0,1408,0.0002814329626241225,0.8897574762180854,Ho Chi Minh City,South,Vax Center,Tier 2
HCO1335,178709095.0,49.0,1409,0.0002813262199482893,0.8900388024380337,Quang Binh,Central,Vax Center,Tier 3
HCO1927,178687072.0,52.0,1410,0.0002812915510505372,0.8903200939890842,Da Nang,Central,Vax Center,Tier 3
HCO1143,178525715.0,49.0,1411,0.0002810375407279389,0.8906011315298121,Thai Nguyen,North,Vax Center,Tier 3
HCO1075,178368532.0,54.0,1412,0.0002807901011713224,0.8908819216309835,Bac Ninh,North,Vax Center,Tier 2
HCO0261,178303363.0,50.0,1413,0.0002806875112699645,0.8911626091422534,Binh Duong,South,Vax Center,Tier 3
HCO1339,178139060.0,50.0,1414,0.00028042886331521906,0.8914430380055687,Hung Yen,North,Vax Center,Tier 2
HCO1798,177996326.0,55.0,1415,0.0002802041695654236,0.8917232421751341,Quang Binh,Central,Vax Center,Tier 3
HCO1946,177518558.0,51.0,1416,0.00027945206086355673,0.8920026942359977,Thai Nguyen,North,Vax Center,Tier 2
HCO0351,177501026.0,51.0,1417,0.0002794244617573773,0.892282118697755,Da Nang,Central,Vax Center,Tier 2
HCO1243,177444979.0,53.0,1418,0.0002793362318290156,0.8925614549295839,Nghe An,Central,Vax Center,Tier 2
HCO0524,177327056.0,51.0,1419,0.0002791505958834306,0.8928406055254674,Long An,South,Vax Center,Tier 3
HCO0430,177223132.0,53.0,1420,0.0002789869973487175,0.8931195925228161,Quang Ngai,Central,Vax Center,Tier 2
HCO1934,177209238.0,51.0,1421,0.00027896512523023373,0.8933985576480463,Hai Duong,North,Vax Center,Tier 3
HCO1821,176942674.0,52.0,1422,0.00027854549665736063,0.8936771031447037,Thai Nguyen,North,Vax Center,Tier 2
HCO1952,176834024.0,49.0,1423,0.0002783744583909681,0.8939554776030947,Nghe An,Central,Vax Center,Tier 3
HCO0607,176209043.0,51.0,1424,0.00027739060503829174,0.894232868208133,Binh Dinh,Central,Vax Center,Tier 2
HCO0565,176136677.0,50.0,1425,0.0002772766855243869,0.8945101448936573,Hanoi,North,Vax Center,Tier 3
HCO1070,175990521.0,52.0,1426,0.0002770466048169514,0.8947871914984743,Hai Duong,North,Vax Center,Tier 2
HCO1090,175929945.0,52.0,1427,0.0002769512452769146,0.8950641427437512,Ba Ria - Vung Tau,South,Vax Center,Tier 2
HCO0802,175876562.0,49.0,1428,0.0002768672090525719,0.8953410099528039,Da Nang,Central,Vax Center,Tier 3
HCO0045,175866153.0,47.0,1429,0.0002768508230671611,0.895617860775871,Hai Phong,North,Vax Center,Tier 2
HCO1265,175313922.0,48.0,1430,0.0002759814937262663,0.8958938422695973,Ninh Binh,North,Vax Center,Tier 3
HCO0648,175191582.0,47.0,1431,0.00027578890448088695,0.8961696311740782,Quang Binh,Central,Vax Center,Tier 3
HCO1108,174999846.0,53.0,1432,0.00027548707113486724,0.8964451182452131,Ha Tinh,Central,Vax Center,Tier 3
HCO1389,174971292.0,54.0,1433,0.000275442121050573,0.8967205603662637,Ba Ria - Vung Tau,South,Vax Center,Tier 3
HCO1281,174843906.0,48.0,1434,0.0002752415883252837,0.896995801954589,Nghe An,Central,Vax Center,Tier 2
HCO0758,174284787.0,50.0,1435,0.000274361415803727,0.8972701633703927,Ninh Binh,North,Vax Center,Tier 3
HCO0221,174155339.0,51.0,1436,0.0002741576370507773,0.8975443210074434,Binh Dinh,Central,Vax Center,Tier 3
HCO0594,174137602.0,46.0,1437,0.0002741297152308877,0.8978184507226743,Quang Binh,Central,Vax Center,Tier 2
HCO1824,174032922.0,49.0,1438,0.00027396492659097996,0.8980924156492652,Dong Nai,South,Vax Center,Tier 2
HCO0324,173978182.0,51.0,1439,0.00027387875415929726,0.8983662944034245,Da Nang,Central,Vax Center,Tier 3
HCO1145,173946290.0,52.0,1440,0.0002738285493512734,0.8986401229527758,Quang Tri,Central,Vax Center,Tier 3
HCO1681,173515801.0,48.0,1441,0.00027315086787625215,0.8989132738206521,Dong Nai,South,Vax Center,Tier 3
HCO1840,173240808.0,49.0,1442,0.00027271797026014454,0.8991859917909123,Binh Duong,South,Vax Center,Tier 3
HCO0105,173227986.0,52.0,1443,0.00027269778569823306,0.8994586895766106,Quang Nam,Central,Vax Center,Tier 2
HCO0764,173069451.0,46.0,1444,0.00027244821780534267,0.8997311377944159,Quang Ninh,North,Vax Center,Tier 2
HCO0943,172992221.0,54.0,1445,0.0002723266413183339,0.9000034644357343,Bac Ninh,North,Vax Center,Tier 3
HCO1791,172965956.0,49.0,1446,0.0002722852946081011,0.9002757497303424,Long An,South,Vax Center,Tier 2
HCO1844,172650013.0,46.0,1447,0.0002717879329606196,0.900547537663303,Kien Giang,South,Vax Center,Tier 2
HCO0625,172005436.0,45.0,1448,0.000270773231325677,0.9008183108946286,Ho Chi Minh City,South,Vax Center,Tier 3
HCO0190,171841437.0,47.0,1449,0.00027051506193175056,0.9010888259565604,Nghe An,Central,Vax Center,Tier 2
HCO0573,171746459.0,50.0,1450,0.0002703655463085068,0.9013591915028689,Long An,South,Vax Center,Tier 3
HCO1563,171109681.0,50.0,1451,0.00026936312196246986,0.9016285546248314,Can Tho,South,Hospital,Tier 2
HCO0280,170806450.0,49.0,1452,0.00026888577171344565,0.9018974403965448,Bac Ninh,North,Vax Center,Tier 3
HCO1532,170479067.0,47.0,1453,0.0002683704010667232,0.9021658107976116,Quang Ngai,Central,Vax Center,Tier 2
HCO1251,170436764.0,51.0,1454,0.0002683038071248622,0.9024341146047364,Thanh Hoa,Central,Vax Center,Tier 3
HCO1369,170330777.0,48.0,1455,0.00026813696098827543,0.9027022515657247,Da Nang,Central,Vax Center,Tier 2
HCO0008,170043501.0,50.0,1456,0.00026768472731118217,0.9029699362930359,Quang Binh,Central,Vax Center,Tier 3
HCO1378,170042478.0,47.0,1457,0.0002676831168910577,0.903237619409927,Quang Ninh,North,Vax Center,Tier 2
HCO1396,170019433.0,45.0,1458,0.00026764683914739444,0.9035052662490743,Nghe An,Central,Vax Center,Tier 2
HCO1062,169834089.0,50.0,1459,0.0002673550681722793,0.9037726213172467,Binh Dinh,Central,Vax Center,Tier 3
HCO1135,169810084.0,50.0,1460,0.00026731727918392445,0.9040399385964306,Bac Ninh,North,Vax Center,Tier 2
HCO1015,169702632.0,48.0,1461,0.0002671481268249699,0.9043070867232555,Hanoi,North,Vax Center,Tier 3
HCO1039,169675982.0,48.0,1462,0.0002671061740426472,0.9045741928972982,Hanoi,North,Vax Center,Tier 3
HCO1101,169440692.0,46.0,1463,0.0002667357774140277,0.9048409286747122,Kien Giang,South,Hospital,Tier 2
HCO0867,169387987.0,47.0,1464,0.0002666528085062484,0.9051075814832185,Vinh Phuc,North,Vax Center,Tier 3
HCO0847,169192113.0,48.0,1465,0.00026634446106592286,0.9053739259442843,Nghe An,Central,Vax Center,Tier 3
HCO1093,169012366.0,47.0,1466,0.0002660615009622021,0.9056399874452465,Binh Duong,South,Vax Center,Tier 3
HCO0394,168845189.0,44.0,1467,0.0002657983287186613,0.9059057857739652,Hai Phong,North,Vax Center,Tier 2
HCO0172,168570176.0,47.0,1468,0.00026536539961828935,0.9061711511735835,Kien Giang,South,Vax Center,Tier 2
HCO1419,168415941.0,49.0,1469,0.00026512260084224647,0.9064362737744257,Quang Ngai,Central,Vax Center,Tier 3
HCO0096,168318633.0,49.0,1470,0.0002649694173021993,0.906701243191728,Quang Binh,Central,Hospital,Tier 2
HCO0845,167257943.0,49.0,1471,0.0002632996650814914,0.9069645428568095,Lam Dong,South,Vax Center,Tier 2
HCO0171,167076260.0,45.0,1472,0.000263013657300976,0.9072275565141105,Dong Nai,South,Vax Center,Tier 3
HCO1471,167055250.0,48.0,1473,0.00026298058308121613,0.9074905370971916,Binh Dinh,Central,Vax Center,Tier 3
HCO1079,167051708.0,49.0,1474,0.00026297500721798964,0.9077535121044096,Kien Giang,South,Vax Center,Tier 3
HCO0588,166827790.0,51.0,1475,0.00026262251254211217,0.9080161346169517,Ninh Binh,North,Vax Center,Tier 2
HCO1509,166782639.0,50.0,1476,0.0002625514352409995,0.9082786860521928,Binh Duong,South,Vax Center,Tier 3
HCO1305,166718886.0,47.0,1477,0.0002624510744255616,0.9085411371266183,Kien Giang,South,Vax Center,Tier 3
HCO0762,166485975.0,45.0,1478,0.00026208442285019344,0.9088032215494685,Nghe An,Central,Vax Center,Tier 3
HCO0341,166211061.0,47.0,1479,0.0002616516495969303,0.9090648731990654,Dong Nai,South,Vax Center,Tier 3
HCO1219,166155250.0,49.0,1480,0.00026156379118288855,0.9093264369902483,Ba Ria - Vung Tau,South,Hospital,Tier 2
HCO0298,166130528.0,49.0,1481,0.00026152487348365467,0.9095879618637319,Hue,Central,Vax Center,Tier 2
HCO0395,165911319.0,51.0,1482,0.00026117979177783194,0.9098491416555098,Quang Ngai,Central,Vax Center,Tier 2
HCO0068,165816601.0,46.0,1483,0.0002610306854500255,0.9101101723409598,Quang Ninh,North,Vax Center,Tier 3
HCO0517,165520495.0,48.0,1484,0.00026056455147019635,0.91037073689243,Nghe An,Central,Vax Center,Tier 2
HCO0993,165418419.0,48.0,1485,0.0002604038620815145,0.9106311407545115,Kien Giang,South,Vax Center,Tier 2
HCO0873,165276164.0,48.0,1486,0.0002601799223798516,0.9108913206768913,Hai Phong,North,Vax Center,Tier 3
HCO0294,165178993.0,47.0,1487,0.00026002695450701564,0.9111513476313983,Hue,Central,Vax Center,Tier 3
HCO0589,165169227.0,47.0,1488,0.00026001158074070557,0.911411359212139,Bac Ninh,North,Vax Center,Tier 3
HCO1942,164926481.0,47.0,1489,0.00025962944677831507,0.9116709886589173,Kien Giang,South,Vax Center,Tier 3
HCO0200,164916955.0,49.0,1490,0.00025961445082317786,0.9119306031097405,Quang Ninh,North,Vax Center,Tier 2
HCO1918,164578381.0,50.0,1491,0.00025908146315630637,0.9121896845728968,Long An,South,Vax Center,Tier 3
HCO0632,164570687.0,46.0,1492,0.00025906935115978887,0.9124487539240567,Ba Ria - Vung Tau,South,Vax Center,Tier 3
HCO1303,164329510.0,46.0,1493,0.00025868968713794115,0.9127074436111946,Hue,Central,Vax Center,Tier 3
HCO1851,164252879.0,46.0,1494,0.0002585690536046514,0.9129660126647993,Quang Tri,Central,Vax Center,Tier 3
HCO1722,164138922.0,46.0,1495,0.0002583896609886984,0.9132244023257879,Hung Yen,North,Vax Center,Tier 3
HCO0929,164138120.0,48.0,1496,0.0002583883984696957,0.9134827907242576,Quang Binh,Central,Vax Center,Tier 3
HCO1190,164120890.0,47.0,1497,0.00025836127477590876,0.9137411519990335,Hai Phong,North,Vax Center,Tier 3
HCO1706,164092618.0,47.0,1498,0.00025831676861974264,0.9139994687676533,Dong Nai,South,Vax Center,Tier 3
HCO0708,163954527.0,49.0,1499,0.0002580993839419294,0.9142575681515952,Nam Dinh,North,Vax Center,Tier 2
HCO0307,163922055.0,44.0,1500,0.0002580482660902377,0.9145156164176854,Quang Ninh,North,Vax Center,Tier 3
HCO0690,163883083.0,48.0,1501,0.00025798691585261367,0.9147736033335381,Can Tho,South,Vax Center,Tier 3
HCO1879,163800677.0,45.0,1502,0.00025785719123797636,0.915031460524776,Binh Duong,South,Vax Center,Tier 3
HCO1883,163624484.0,47.0,1503,0.00025757982588804076,0.915289040350664,Long An,South,Vax Center,Tier 3
HCO1112,163587823.0,45.0,1504,0.000257522113657169,0.9155465624643212,Dong Nai,South,Vax Center,Tier 2
HCO1813,163090391.0,47.0,1505,0.0002567390496265369,0.9158033015139477,Hai Duong,North,Hospital,Tier 3
HCO0244,163037896.0,46.0,1506,0.0002566564113035339,0.9160599579252513,Quang Nam,Central,Vax Center,Tier 2
HCO0157,163017455.0,46.0,1507,0.0002566242328110964,0.9163165821580624,Nghe An,Central,Vax Center,Tier 2
HCO1702,162909749.0,45.0,1508,0.0002564546806019839,0.9165730368386644,Hai Phong,North,Vax Center,Tier 3
HCO0526,162781046.0,45.0,1509,0.0002562520746378834,0.9168292889133023,Thai Nguyen,North,Vax Center,Tier 3
HCO1091,162104385.0,48.0,1510,0.0002551868659459786,0.9170844757792482,Binh Dinh,Central,Vax Center,Tier 3
HCO1487,161953032.0,45.0,1511,0.0002549486040524369,0.9173394243833006,Quang Ninh,North,Vax Center,Tier 2
HCO1364,161908565.0,49.0,1512,0.00025487860351316695,0.9175943029868138,Hai Phong,North,Vax Center,Tier 3
HCO1241,161428592.0,48.0,1513,0.00025412302367114917,0.9178484260104849,Kien Giang,South,Vax Center,Tier 3
HCO0798,161305652.0,47.0,1514,0.00025392948989783764,0.9181023555003828,Thai Nguyen,North,Vax Center,Tier 3
HCO1089,160955816.0,48.0,1515,0.00025337877344167834,0.9183557342738244,Vinh Phuc,North,Vax Center,Tier 2
HCO1438,160697262.0,51.0,1516,0.00025297175431670036,0.9186087060281412,Thai Nguyen,North,Vax Center,Tier 3
HCO0165,160538029.0,44.0,1517,0.00025272108762298213,0.9188614271157641,Hai Duong,North,Vax Center,Tier 3
HCO0580,160265130.0,44.0,1518,0.000252291486409358,0.9191137186021735,Ha Tinh,Central,Vax Center,Tier 2
HCO1626,160152243.0,40.0,1519,0.00025211377820155077,0.9193658323803751,Nghe An,Central,Vax Center,Tier 3
HCO0336,160059540.0,41.0,1520,0.00025196784391338337,0.9196178002242884,Nghe An,Central,Vax Center,Tier 2
HCO0170,159910556.0,44.0,1521,0.00025173331133096066,0.9198695335356194,Nam Dinh,North,Vax Center,Tier 3
HCO0749,159720873.0,48.0,1522,0.00025143470984468236,0.9201209682454641,Dong Nai,South,Vax Center,Tier 2
HCO1300,159716596.0,46.0,1523,0.00025142797693473887,0.9203723962223989,Hai Duong,North,Vax Center,Tier 2
HCO1850,159685176.0,43.0,1524,0.000251378515155355,0.9206237747375542,Da Nang,Central,Vax Center,Tier 3
HCO1232,159644825.0,48.0,1525,0.00025131499407770013,0.9208750897316319,Nghe An,Central,Vax Center,Tier 2
HCO1409,159635111.0,46.0,1526,0.0002512997021704775,0.9211263894338024,Tien Giang,South,Vax Center,Tier 3
HCO0738,159505070.0,44.0,1527,0.0002510949899090881,0.9213774844237115,Hanoi,North,Vax Center,Tier 2
HCO0131,159257525.0,45.0,1528,0.0002507053012974531,0.9216281897250089,Quang Ninh,North,Vax Center,Tier 2
HCO0329,159139782.0,44.0,1529,0.00025051994871024783,0.9218787096737192,Quang Binh,Central,Vax Center,Tier 3
HCO1969,159138630.0,47.0,1530,0.00025051813521661793,0.9221292278089358,Ho Chi Minh City,South,Vax Center,Tier 3
HCO1388,157784555.0,47.0,1531,0.00024838653245025356,0.9223776143413861,Hue,Central,Vax Center,Tier 2
HCO0306,157561669.0,45.0,1532,0.0002480356623624195,0.9226256500037485,Quang Ngai,Central,Vax Center,Tier 3
HCO1602,157321946.0,42.0,1533,0.0002476582872465942,0.9228733082909951,Ho Chi Minh City,South,Vax Center,Tier 3
HCO0053,157195142.0,50.0,1534,0.00024745867071339914,0.9231207669617085,Binh Duong,South,Vax Center,Tier 2
HCO0398,156811816.0,46.0,1535,0.00024685523385648987,0.923367622195565,Ho Chi Minh City,South,Vax Center,Tier 3
HCO1615,156561882.0,47.0,1536,0.00024646178444947143,0.9236140839800144,Hung Yen,North,Vax Center,Tier 3
HCO0711,156515536.0,44.0,1537,0.0002463888259635604,0.9238604728059779,Hanoi,North,Vax Center,Tier 3
HCO0471,156358454.0,44.0,1538,0.0002461415454024792,0.9241066143513804,Lam Dong,South,Vax Center,Tier 2
HCO0880,156239292.0,47.0,1539,0.0002459539590067142,0.9243525683103871,Vinh Phuc,North,Vax Center,Tier 3
HCO0160,156206611.0,45.0,1540,0.0002459025121444595,0.9245984708225317,Vinh Phuc,North,Hospital,Tier 3
HCO1006,155967222.0,44.0,1541,0.00024552566281584975,0.9248439964853475,Binh Dinh,Central,Vax Center,Tier 3
HCO0393,155894021.0,46.0,1542,0.0002454104288339059,0.9250894069141814,Hanoi,North,Vax Center,Tier 3
HCO0656,155862780.0,45.0,1543,0.00024536124883868846,0.9253347681630201,Ninh Binh,North,Vax Center,Tier 3
HCO0896,155663261.0,42.0,1544,0.0002450471633911747,0.9255798153264112,Thai Nguyen,North,Vax Center,Tier 3
HCO1249,155638286.0,46.0,1545,0.0002450078474159961,0.9258248231738272,Ho Chi Minh City,South,Vax Center,Tier 3
HCO1158,155401054.0,49.0,1546,0.0002446343936653027,0.9260694575674925,Kien Giang,South,Vax Center,Tier 2
HCO0510,154673192.0,44.0,1547,0.0002434885836823021,0.9263129461511748,Binh Duong,South,Vax Center,Tier 2
HCO0425,154424568.0,45.0,1548,0.0002430971964946023,0.9265560433476694,Quang Ninh,North,Vax Center,Tier 2
HCO0140,154266435.0,44.0,1549,0.0002428482614354265,0.9267988916091048,Can Tho,South,Vax Center,Tier 3
HCO1253,154235935.0,45.0,1550,0.00024280024793220539,0.927041691857037,Ha Tinh,Central,Vax Center,Tier 2
HCO0537,154227813.0,44.0,1551,0.0002427874621724296,0.9272844793192094,Dong Nai,South,Vax Center,Tier 2
HCO0126,154081600.0,40.0,1552,0.0002425572917348405,0.9275270366109443,Binh Dinh,Central,Vax Center,Tier 3
HCO1105,154051583.0,46.0,1553,0.00024251003857660484,0.9277695466495208,Kien Giang,South,Vax Center,Tier 3
HCO1032,153984025.0,43.0,1554,0.00024240368787986348,0.9280119503374007,Quang Ngai,Central,Vax Center,Tier 3
HCO0098,153879286.0,45.0,1555,0.0002422388063613758,0.9282541891437621,Bac Ninh,North,Vax Center,Tier 3
HCO1845,153870301.0,46.0,1556,0.0002422246620555908,0.9284964138058177,Long An,South,Vax Center,Tier 3
HCO1122,153676362.0,44.0,1557,0.00024191936071784662,0.9287383331665355,Ho Chi Minh City,South,Vax Center,Tier 3
HCO1076,153280650.0,44.0,1558,0.00024129642565598995,0.9289796295921915,Dong Nai,South,Vax Center,Tier 3
HCO1549,153069056.0,43.0,1559,0.00024096333158384024,0.9292205929237753,Kien Giang,South,Vax Center,Tier 3
HCO0975,152911689.0,41.0,1560,0.00024071560237199122,0.9294613085261474,Quang Ngai,Central,Vax Center,Tier 3
HCO0422,152821390.0,45.0,1561,0.00024057345249240555,0.9297018819786398,Ba Ria - Vung Tau,South,Vax Center,Tier 3
HCO1447,152784820.0,43.0,1562,0.00024051588351493684,0.9299423978621547,Ha Tinh,Central,Vax Center,Tier 3
HCO0723,152588612.0,44.0,1563,0.00024020701028739568,0.9301826048724421,Thai Nguyen,North,Vax Center,Tier 2
HCO0934,152077825.0,45.0,1564,0.0002394029226392056,0.9304220077950813,Bac Ninh,North,Vax Center,Tier 2
HCO1216,152074676.0,42.0,1565,0.00023939796544177467,0.9306614057605231,Vinh Phuc,North,Vax Center,Tier 3
HCO0082,152066459.0,41.0,1566,0.00023938503013174294,0.9309007907906549,Hung Yen,North,Vax Center,Tier 2
HCO0177,151706793.0,42.0,1567,0.0002388188391596275,0.9311396096298146,Bac Ninh,North,Vax Center,Tier 3
HCO0424,151597919.0,43.0,1568,0.00023864744826947358,0.9313782570780841,Hung Yen,North,Hospital,Tier 2
HCO1174,151506481.0,40.0,1569,0.00023850350536102992,0.9316167605834451,Khanh Hoa,South,Vax Center,Tier 3
HCO0461,151471086.0,39.0,1570,0.00023844778608409514,0.9318552083695292,Khanh Hoa,South,Vax Center,Tier 3
HCO0427,151358268.0,45.0,1571,0.00023827018649700012,0.9320934785560262,Kien Giang,South,Vax Center,Tier 3
HCO0560,151310992.0,43.0,1572,0.0002381957639927942,0.932331674320019,Hanoi,North,Vax Center,Tier 2
HCO0362,151054181.0,46.0,1573,0.0002377914887214593,0.9325694658087404,Bac Ninh,North,Vax Center,Tier 3
HCO1392,150901782.0,42.0,1574,0.00023755158020088903,0.9328070173889413,Quang Binh,Central,Vax Center,Tier 3
HCO0874,150889666.0,42.0,1575,0.0002375325070335111,0.9330445498959749,Quang Binh,Central,Vax Center,Tier 3
HCO0159,150641868.0,42.0,1576,0.00023714242014593134,0.9332816923161208,Dong Nai,South,Vax Center,Tier 2
HCO0456,150422812.0,43.0,1577,0.0002367975792947313,0.9335184898954155,Nghe An,Central,Vax Center,Tier 2
HCO1686,150390153.0,37.0,1578,0.00023674616706516742,0.9337552360624807,Dong Nai,South,Vax Center,Tier 3
HCO0598,150367058.0,44.0,1579,0.0002367098106108431,0.9339919458730915,Quang Ninh,North,Vax Center,Tier 2
HCO1141,150020838.0,39.0,1580,0.00023616478650968867,0.9342281106596012,Nghe An,Central,Vax Center,Tier 3
HCO0834,149928930.0,43.0,1581,0.00023602010372103145,0.9344641307633222,Da Nang,Central,Vax Center,Tier 3
HCO1775,149390128.0,42.0,1582,0.0002351719144894729,0.9346993026778118,Binh Dinh,Central,Vax Center,Tier 3
HCO0103,148858549.0,43.0,1583,0.00023433509580000499,0.9349336377736117,Da Nang,Central,Vax Center,Tier 2
HCO1061,148743835.0,43.0,1584,0.00023415451150464415,0.9351677922851164,Thai Nguyen,North,Vax Center,Tier 3
HCO0250,148737427.0,40.0,1585,0.00023414442394632806,0.9354019367090627,Ho Chi Minh City,South,Vax Center,Tier 3
HCO1304,148430146.0,39.0,1586,0.0002336606981337614,0.9356355974071965,Kien Giang,South,Vax Center,Tier 2
HCO0003,147850679.0,45.0,1587,0.0002327484935215967,0.9358683459007181,Ninh Binh,North,Vax Center,Tier 3
HCO1263,147791063.0,44.0,1588,0.0002326546452262515,0.9361010005459444,Da Nang,Central,Hospital,Tier 3
HCO0191,147733109.0,43.0,1589,0.00023256341327327853,0.9363335639592176,Nam Dinh,North,Vax Center,Tier 3
HCO1016,147495880.0,42.0,1590,0.00023218996424522479,0.9365657539234629,Ninh Binh,North,Vax Center,Tier 3
HCO0432,147107393.0,41.0,1591,0.00023157840287388524,0.9367973323263368,Bac Ninh,North,Vax Center,Tier 3
HCO1262,147072544.0,43.0,1592,0.00023152354311736876,0.9370288558694542,Binh Dinh,Central,Vax Center,Tier 3
HCO0626,146647759.0,42.0,1593,0.00023085484095455643,0.9372597107104087,Thanh Hoa,Central,Vax Center,Tier 2
HCO0661,146471790.0,44.0,1594,0.00023057782822838218,0.937490288538637,Vinh Phuc,North,Vax Center,Tier 3
HCO1992,146435788.0,41.0,1595,0.00023052115340402264,0.9377208096920411,Quang Ninh,North,Vax Center,Tier 3
HCO1642,146402793.0,42.0,1596,0.00023046921223881674,0.9379512789042799,Quang Ngai,Central,Vax Center,Tier 3
HCO1910,146382505.0,42.0,1597,0.000230437274601002,0.9381817161788809,Hai Phong,North,Vax Center,Tier 2
HCO1033,145678521.0,38.0,1598,0.00022932905368127724,0.9384110452325621,Thai Nguyen,North,Vax Center,Tier 2
HCO0638,145563041.0,42.0,1599,0.00022914726353858963,0.9386401924961008,Kien Giang,South,Vax Center,Tier 2
HCO1171,145474753.0,42.0,1600,0.00022900827940179012,0.9388692007755025,Da Nang,Central,Vax Center,Tier 3
HCO1518,145319274.0,38.0,1601,0.00022876352230450113,0.939097964297807,Dong Nai,South,Vax Center,Tier 3
HCO0416,145318865.0,38.0,1602,0.000228762878451294,0.9393267271762583,Khanh Hoa,South,Vax Center,Tier 3
HCO1209,145268461.0,45.0,1603,0.00022868353180813478,0.9395554107080665,Hung Yen,North,Vax Center,Tier 3
HCO1849,144913473.0,38.0,1604,0.0002281247050054642,0.9397835354130719,Hue,Central,Vax Center,Tier 3
HCO0466,144901152.0,43.0,1605,0.0002281053091243761,0.9400116407221963,Hue,Central,Hospital,Tier 2
HCO0392,144837576.0,38.0,1606,0.00022800522694467823,0.940239645949141,Hanoi,North,Vax Center,Tier 2
HCO1585,144172729.0,42.0,1607,0.00022695861600775889,0.9404666045651487,Binh Duong,South,Vax Center,Tier 3
HCO1820,143419579.0,43.0,1608,0.00022577299732084172,0.9406923775624696,Dong Nai,South,Vax Center,Tier 3
HCO1622,143035919.0,41.0,1609,0.00022516903467671685,0.9409175465971463,Vinh Phuc,North,Vax Center,Tier 3
HCO1857,142944105.0,39.0,1610,0.00022502449986410236,0.9411425710970104,Bac Ninh,North,Vax Center,Tier 2
HCO1854,142921421.0,41.0,1611,0.0002249887904114116,0.9413675598874218,Dong Nai,South,Vax Center,Tier 3
HCO0534,142839597.0,41.0,1612,0.00022485998198886855,0.9415924198694107,Quang Ngai,Central,Vax Center,Tier 3
HCO0823,142214159.0,39.0,1613,0.00022387540922075053,0.9418162952786314,Ho Chi Minh City,South,Hospital,Tier 2
HCO1568,142212126.0,39.0,1614,0.00022387220884527353,0.9420401674874767,Hung Yen,North,Vax Center,Tier 3
HCO1416,142160527.0,40.0,1615,0.00022379098101731596,0.942263958468494,Da Nang,Central,Vax Center,Tier 3
HCO1944,141991793.0,44.0,1616,0.00022352535772379104,0.9424874838262177,Thanh Hoa,Central,Vax Center,Tier 2
HCO0662,141890030.0,43.0,1617,0.00022336516106384716,0.9427108489872815,Ba Ria - Vung Tau,South,Vax Center,Tier 3
HCO1966,141837836.0,42.0,1618,0.00022328299657902348,0.9429341319838606,Dong Nai,South,Vax Center,Tier 3
HCO0782,141025166.0,41.0,1619,0.00022200368072123025,0.9431561356645818,Hanoi,North,Vax Center,Tier 3
HCO0536,140717676.0,40.0,1620,0.0002215196258981005,0.9433776552904799,Binh Dinh,Central,Vax Center,Tier 3
HCO0475,140639176.0,42.0,1621,0.00022139605016030194,0.9435990513406401,Quang Tri,Central,Vax Center,Tier 2
HCO0074,140618606.0,37.0,1622,0.00022136366859435905,0.9438204150092345,Kien Giang,South,Vax Center,Tier 3
HCO0176,140411271.0,38.0,1623,0.00022103727909631487,0.9440414522883308,Thai Nguyen,North,Vax Center,Tier 3
HCO1788,140358088.0,40.0,1624,0.00022095355771461627,0.9442624058460454,Quang Binh,Central,Vax Center,Tier 3
HCO0243,140049965.0,38.0,1625,0.00022046850641451804,0.9444828743524599,Hai Phong,North,Vax Center,Tier 3
HCO1925,140021557.0,41.0,1626,0.00022042378616535393,0.9447032981386253,Long An,South,Vax Center,Tier 3
HCO1588,139694352.0,41.0,1627,0.0002199086957285847,0.9449232068343539,Da Nang,Central,Vax Center,Tier 3
HCO1657,139455283.0,37.0,1628,0.00021953235014820553,0.9451427391845021,Quang Tri,Central,Vax Center,Tier 3
HCO1153,139315926.0,42.0,1629,0.00021931297251645524,0.9453620521570185,Quang Ninh,North,Vax Center,Tier 3
HCO1972,139064050.0,40.0,1630,0.00021891646598736283,0.9455809686230059,Ha Tinh,Central,Vax Center,Tier 2
HCO0480,138147895.0,41.0,1631,0.00021747424267446025,0.9457984428656804,Bac Ninh,North,Vax Center,Tier 3
HCO0977,138118714.0,37.0,1632,0.0002174283055584768,0.9460158711712389,Long An,South,Vax Center,Tier 3
HCO1590,137261821.0,42.0,1633,0.0002160793732694394,0.9462319505445083,Hanoi,North,Vax Center,Tier 3
HCO1726,137114428.0,36.0,1634,0.00021584734526025032,0.9464477978897685,Da Nang,Central,Hospital,Tier 3
HCO1529,137071129.0,39.0,1635,0.00021577918340202177,0.9466635770731705,Binh Dinh,Central,Vax Center,Tier 3
HCO1939,136489619.0,37.0,1636,0.00021486376267224787,0.9468784408358427,Quang Binh,Central,Hospital,Tier 3
HCO1285,136398354.0,42.0,1637,0.00021472009210269136,0.9470931609279454,Hanoi,North,Hospital,Tier 3
HCO1185,136383781.0,37.0,1638,0.000214697151093431,0.9473078580790388,Vinh Phuc,North,Vax Center,Tier 3
HCO0743,136072232.0,40.0,1639,0.00021420670653883982,0.9475220647855777,Quang Nam,Central,Vax Center,Tier 2
HCO0799,135970828.0,38.0,1640,0.00021404707502144203,0.9477361118605991,Ho Chi Minh City,South,Vax Center,Tier 3
HCO0022,135856287.0,40.0,1641,0.0002138667630649683,0.9479499786236641,Hanoi,North,Vax Center,Tier 3
HCO0745,135733889.0,35.0,1642,0.00021367408251522218,0.9481636527061794,Hanoi,North,Vax Center,Tier 3
HCO0345,135284251.0,38.0,1643,0.00021296625643124414,0.9483766189626106,Hai Duong,North,Vax Center,Tier 3
HCO0531,135231850.0,39.0,1644,0.00021288376608428385,0.9485895027286949,Quang Ninh,North,Vax Center,Tier 2
HCO0801,134722528.0,34.0,1645,0.0002120819846584616,0.9488015847133534,Quang Ngai,Central,Vax Center,Tier 3
HCO1525,134721001.0,41.0,1646,0.00021207958083487412,0.9490136642941883,Thai Nguyen,North,Vax Center,Tier 3
HCO0257,134566759.0,41.0,1647,0.00021183677103933874,0.9492255010652276,Hai Phong,North,Vax Center,Tier 3
HCO0431,134471156.0,38.0,1648,0.00021168627153283226,0.9494371873367604,Da Nang,Central,Vax Center,Tier 3
HCO0346,134362885.0,39.0,1649,0.00021151582989325024,0.9496487031666536,Bac Ninh,North,Vax Center,Tier 3
HCO0897,134050367.0,38.0,1650,0.00021102385992604852,0.9498597270265796,Hai Duong,North,Vax Center,Tier 3
HCO1237,133855430.0,36.0,1651,0.0002107169875235104,0.9500704440141031,Hung Yen,North,Vax Center,Tier 3
HCO0521,133729737.0,35.0,1652,0.0002105191199412032,0.9502809631340443,Quang Binh,Central,Vax Center,Tier 3
HCO0144,133584430.0,37.0,1653,0.00021029037574079177,0.9504912535097851,Tien Giang,South,Vax Center,Tier 3
HCO0318,133453196.0,37.0,1654,0.0002100837854430305,0.9507013372952282,Thai Nguyen,North,Vax Center,Tier 3
HCO0457,133211175.0,35.0,1655,0.0002097027927852248,0.9509110400880134,Quang Binh,Central,Vax Center,Tier 3
HCO0710,133154168.0,37.0,1656,0.0002096130516121715,0.9511206531396256,Nghe An,Central,Vax Center,Tier 3
HCO0185,133068937.0,38.0,1657,0.00020947887984518665,0.9513301320194708,Khanh Hoa,South,Vax Center,Tier 2
HCO1458,132164953.0,38.0,1658,0.0002080558162813891,0.9515381878357522,Quang Binh,Central,Vax Center,Tier 3
HCO1575,132115647.0,39.0,1659,0.00020797819812434583,0.9517461660338765,Thai Nguyen,North,Vax Center,Tier 3
HCO0933,131910753.0,37.0,1660,0.00020765565128077256,0.9519538216851573,Bac Ninh,North,Hospital,Tier 3
HCO0272,131854160.0,38.0,1661,0.0002075665618319925,0.9521613882469893,Bac Ninh,North,Vax Center,Tier 3
HCO0300,131839081.0,38.0,1662,0.00020754282427084265,0.9523689310712601,Vinh Phuc,North,Vax Center,Tier 3
HCO1156,131742342.0,37.0,1663,0.00020739053645811784,0.9525763216077182,Binh Duong,South,Vax Center,Tier 3
HCO1189,131693780.0,35.0,1664,0.00020731408951571052,0.9527836356972339,Binh Dinh,Central,Vax Center,Tier 3
HCO1567,131552530.0,38.0,1665,0.0002070917318983341,0.9529907274291323,Hung Yen,North,Vax Center,Tier 2
HCO1572,131364681.0,39.0,1666,0.00020679601751910195,0.9531975234466513,Bac Ninh,North,Vax Center,Tier 2
HCO1483,131280636.0,34.0,1667,0.00020666371276899646,0.9534041871594203,Quang Ngai,Central,Vax Center,Tier 3
HCO1714,131049131.0,39.0,1668,0.0002062992745374161,0.9536104864339577,Can Tho,South,Vax Center,Tier 3
HCO1404,130992397.0,37.0,1669,0.00020620996312457196,0.9538166963970823,Hai Duong,North,Vax Center,Tier 3
HCO0890,130984114.0,38.0,1670,0.00020619692391646768,0.9540228933209988,Da Nang,Central,Vax Center,Tier 3
HCO0583,130647946.0,37.0,1671,0.00020566772380660434,0.9542285610448054,Kien Giang,South,Vax Center,Tier 3
HCO1970,130434676.0,37.0,1672,0.00020533199135309733,0.9544338930361584,Quang Tri,Central,Vax Center,Tier 3
HCO0049,130413071.0,38.0,1673,0.00020529798047647134,0.954639191016635,Da Nang,Central,Vax Center,Tier 2
HCO1490,130281826.0,37.0,1674,0.00020509137286236467,0.9548442823894974,Hung Yen,North,Vax Center,Tier 3
HCO0624,130260985.0,37.0,1675,0.00020505856468463907,0.955049340954182,Thai Nguyen,North,Vax Center,Tier 3
HCO0792,130067212.0,35.0,1676,0.00020475352466628948,0.9552540944788483,Quang Nam,Central,Vax Center,Tier 3
HCO1480,129636950.0,38.0,1677,0.0002040762005376692,0.955458170679386,Dong Nai,South,Vax Center,Tier 3
HCO0180,129619652.0,36.0,1678,0.00020404896979738334,0.9556622196491834,Quang Tri,Central,Vax Center,Tier 3
HCO1935,129543079.0,39.0,1679,0.0002039284275684604,0.9558661480767519,Lam Dong,South,Vax Center,Tier 3
HCO1539,129350145.0,36.0,1680,0.0002036247083150027,0.9560697727850669,Quang Binh,Central,Vax Center,Tier 3
HCO0125,128769186.0,33.0,1681,0.00020271015497671325,0.9562724829400436,Quang Ninh,North,Vax Center,Tier 3
HCO1943,128422805.0,32.0,1682,0.00020216487742723033,0.9564746478174708,Lam Dong,South,Vax Center,Tier 3
HCO1313,128326608.0,39.0,1683,0.00020201344283807097,0.9566766612603089,Quang Binh,Central,Vax Center,Tier 3
HCO1829,128288767.0,36.0,1684,0.00020195387303559919,0.9568786151333445,Thai Nguyen,North,Vax Center,Tier 3
HCO1133,127773687.0,37.0,1685,0.0002011430272900541,0.9570797581606345,Binh Duong,South,Vax Center,Tier 3
HCO0420,127695788.0,35.0,1686,0.00020102039765440094,0.9572807785582889,Quang Ngai,Central,Vax Center,Tier 3
HCO1771,127625859.0,39.0,1687,0.0002009103144981141,0.957481688872787,Quang Ngai,Central,Vax Center,Tier 3
HCO0891,127466105.0,39.0,1688,0.00020065882763930807,0.9576823477004263,Quang Ninh,North,Vax Center,Tier 3
HCO1008,127335905.0,39.0,1689,0.0002004538650780167,0.9578828015655043,Nghe An,Central,Vax Center,Tier 3
HCO0325,127312198.0,36.0,1690,0.00020041654520520152,0.9580832181107095,Quang Binh,Central,Vax Center,Tier 3
HCO0303,127231943.0,37.0,1691,0.0002002902067232012,0.9582835083174327,Khanh Hoa,South,Vax Center,Tier 3
HCO1284,127212554.0,39.0,1692,0.00020025968430307156,0.9584837680017357,Hanoi,North,Vax Center,Tier 3
HCO0937,125743801.0,37.0,1693,0.00019794755391302224,0.9586817155556487,Can Tho,South,Vax Center,Tier 3
HCO0213,125681334.0,38.0,1694,0.00019784921753578577,0.9588795647731845,Thai Nguyen,North,Vax Center,Tier 3
HCO0409,125584306.0,36.0,1695,0.0001976964747754403,0.9590772612479599,Dong Nai,South,Hospital,Tier 2
HCO1482,125530444.0,36.0,1696,0.00019761168450296504,0.9592748729324628,Hung Yen,North,Vax Center,Tier 3
HCO1376,125409549.0,34.0,1697,0.00019742136999568915,0.9594722943024585,Vinh Phuc,North,Vax Center,Tier 3
HCO1374,125336894.0,37.0,1698,0.00019730699553416358,0.9596696012979927,Nam Dinh,North,Vax Center,Tier 3
HCO1658,125020137.0,34.0,1699,0.00019680835247712074,0.9598664096504699,Quang Tri,Central,Vax Center,Tier 3
HCO1654,124951206.0,38.0,1700,0.00019669984038562784,0.9600631094908555,Vinh Phuc,North,Vax Center,Tier 3
HCO1275,124721008.0,36.0,1701,0.00019633745965072649,0.9602594469505062,Binh Duong,South,Vax Center,Tier 3
HCO0054,124695376.0,34.0,1702,0.0001962971094174621,0.9604557440599237,Hai Duong,North,Vax Center,Tier 3
HCO0042,124565971.0,34.0,1703,0.0001960933983556809,0.9606518374582794,Nghe An,Central,Vax Center,Tier 3
HCO1081,124000162.0,33.0,1704,0.00019520269434767994,0.9608470401526271,Hai Duong,North,Vax Center,Tier 3
HCO0384,123688641.0,35.0,1705,0.00019471229387105893,0.9610417524464981,Ba Ria - Vung Tau,South,Vax Center,Tier 3
HCO1611,123641232.0,35.0,1706,0.0001946376619964947,0.9612363901084946,Dong Nai,South,Vax Center,Tier 2
HCO0267,123524642.0,37.0,1707,0.00019445412447713245,0.9614308442329718,Kien Giang,South,Vax Center,Tier 3
HCO0987,123177677.0,35.0,1708,0.00019390792758712885,0.9616247521605589,Khanh Hoa,South,Vax Center,Tier 3
HCO0959,122918611.0,35.0,1709,0.00019350010246498202,0.9618182522630239,Ninh Binh,North,Vax Center,Tier 3
HCO1683,122685682.0,37.0,1710,0.00019313342255377586,0.9620113856855776,Kien Giang,South,Vax Center,Tier 3
HCO1407,122617985.0,35.0,1711,0.00019302685304139688,0.962204412538619,Thai Nguyen,North,Vax Center,Tier 3
HCO0360,122386692.0,33.0,1712,0.00019266274854301923,0.962397075287162,Ho Chi Minh City,South,Vax Center,Tier 3
HCO0078,122306055.0,34.0,1713,0.00019253580871156874,0.9625896110958736,Vinh Phuc,North,Vax Center,Tier 3
HCO0099,122114621.0,33.0,1714,0.00019223445077794156,0.9627818455466516,Quang Ninh,North,Hospital,Tier 3
HCO0866,121756886.0,35.0,1715,0.00019167129961155464,0.9629735168462631,Ba Ria - Vung Tau,South,Vax Center,Tier 3
HCO1651,121588189.0,32.0,1716,0.0001914057345639189,0.963164922580827,Dong Nai,South,Vax Center,Tier 3
HCO1172,121511821.0,34.0,1717,0.00019128551504870613,0.9633562080958756,Da Nang,Central,Hospital,Tier 3
HCO0192,121287602.0,37.0,1718,0.00019093254653464935,0.9635471406424103,Quang Binh,Central,Vax Center,Tier 3
HCO1609,121056580.0,36.0,1719,0.0001905688686480544,0.9637377095110584,Thai Nguyen,North,Vax Center,Tier 3
HCO0036,120716507.0,32.0,1720,0.00019003352123556555,0.963927743032294,Da Nang,Central,Vax Center,Tier 3
HCO0271,120226700.0,30.0,1721,0.00018926246058073871,0.9641170054928747,Dong Nai,South,Vax Center,Tier 3
HCO0302,119809426.0,31.0,1722,0.00018860558233342454,0.9643056110752082,Hung Yen,North,Vax Center,Tier 3
HCO1599,119512522.0,37.0,1723,0.00018813819213144557,0.9644937492673397,Hung Yen,North,Vax Center,Tier 3
HCO0174,119332696.0,30.0,1724,0.00018785510766488038,0.9646816043750045,Bac Ninh,North,Vax Center,Tier 3
HCO1086,119061163.0,32.0,1725,0.0001874276568265153,0.964869032031831,Hai Phong,North,Vax Center,Tier 3
HCO0609,118794203.0,35.0,1726,0.00018700740486520692,0.9650560394366963,Dong Nai,South,Vax Center,Tier 3
HCO0004,118376943.0,36.0,1727,0.00018635054865687783,0.9652423899853532,Thanh Hoa,Central,Vax Center,Tier 3
HCO0846,118283264.0,36.0,1728,0.00018620307793660733,0.9654285930632898,Ba Ria - Vung Tau,South,Vax Center,Tier 3
HCO1718,117423103.0,33.0,1729,0.0001848490011187658,0.9656134420644086,Hue,Central,Vax Center,Tier 2
HCO0666,117346215.0,32.0,1730,0.00018472796301267845,0.9657981700274213,Hue,Central,Vax Center,Tier 3
HCO0839,117316960.0,36.0,1731,0.0001846819094049167,0.9659828519368262,Quang Ninh,North,Vax Center,Tier 3
HCO1370,117150874.0,33.0,1732,0.00018442045462799934,0.9661672723914542,Nghe An,Central,Vax Center,Tier 3
HCO0826,117040152.0,35.0,1733,0.00018424615459181417,0.966351518546046,Quang Binh,Central,Vax Center,Tier 3
HCO1127,116833879.0,32.0,1734,0.00018392143690821003,0.9665354399829542,Hai Phong,North,Vax Center,Tier 3
HCO1699,116446573.0,31.0,1735,0.00018331173468268374,0.9667187517176369,Hanoi,North,Vax Center,Tier 3
HCO1653,116377339.0,35.0,1736,0.00018320274560458506,0.9669019544632415,Dong Nai,South,Vax Center,Tier 3
HCO1635,116259399.0,31.0,1737,0.00018301708289737532,0.9670849715461388,Long An,South,Vax Center,Tier 3
HCO0347,116216794.0,32.0,1738,0.0001829500135431217,0.9672679215596819,Tien Giang,South,Vax Center,Tier 3
HCO0760,116142222.0,31.0,1739,0.00018283262131485272,0.9674507541809967,Quang Ngai,Central,Vax Center,Tier 3
HCO0726,116107052.0,33.0,1740,0.00018277725623589252,0.9676335314372326,Thai Nguyen,North,Vax Center,Tier 3
HCO0871,116018693.0,32.0,1741,0.00018263816032995439,0.9678161695975626,Quang Binh,Central,Vax Center,Tier 3
HCO0921,115958093.0,32.0,1742,0.00018254276300880032,0.9679987123605713,Hue,Central,Vax Center,Tier 3
HCO1831,115839571.0,33.0,1743,0.00018235618410949634,0.9681810685446808,Da Nang,Central,Vax Center,Tier 3
HCO1786,115546439.0,34.0,1744,0.0001818947318397846,0.9683629632765206,Hue,Central,Vax Center,Tier 3
HCO0047,115518089.0,31.0,1745,0.00018185010289498726,0.9685448133794156,Vinh Phuc,North,Vax Center,Tier 3
HCO0719,114781183.0,31.0,1746,0.0001806900557276217,0.9687255034351432,Dong Nai,South,Vax Center,Tier 3
HCO1855,114122138.0,37.0,1747,0.0001796525783758069,0.968905156013519,Ninh Binh,North,Vax Center,Tier 3
HCO1282,114071764.0,29.0,1748,0.00017957327895904427,0.969084729292478,Long An,South,Vax Center,Tier 3
HCO1638,114051789.0,32.0,1749,0.0001795418340499675,0.969264271126528,Thai Nguyen,North,Vax Center,Tier 3
HCO1049,113807770.0,32.0,1750,0.0001791576961141475,0.9694434288226421,Quang Ngai,Central,Vax Center,Tier 3
HCO0423,113495913.0,31.0,1751,0.00017866676670188445,0.969622095589344,Khanh Hoa,South,Vax Center,Tier 3
HCO1207,113314765.0,32.0,1752,0.00017838160112544193,0.9698004771904695,Hung Yen,North,Vax Center,Tier 3
HCO1085,113036967.0,33.0,1753,0.00017794428784125124,0.9699784214783107,Kien Giang,South,Vax Center,Tier 3
HCO1235,112964073.0,32.0,1754,0.00017782953714276604,0.9701562510154534,Da Nang,Central,Vax Center,Tier 3
HCO1534,112937333.0,33.0,1755,0.0001777874426812535,0.9703340384581347,Long An,South,Vax Center,Tier 3
HCO1236,112290537.0,29.0,1756,0.00017676924786717493,0.9705108077060018,Binh Duong,South,Vax Center,Tier 3
HCO1708,111675605.0,31.0,1757,0.00017580121378315004,0.970686608919785,Hung Yen,North,Vax Center,Tier 3
HCO1433,111578846.0,31.0,1758,0.00017564889448616085,0.9708622578142712,Hung Yen,North,Vax Center,Tier 3
HCO1344,111054101.0,33.0,1759,0.00017482283396984093,0.971037080648241,Binh Duong,South,Vax Center,Tier 3
HCO1725,110796055.0,33.0,1760,0.00017441661454517887,0.9712114972627862,Thanh Hoa,Central,Vax Center,Tier 3
HCO0413,110497631.0,33.0,1761,0.00017394683153910498,0.9713854440943254,Lam Dong,South,Vax Center,Tier 3
HCO0947,110472397.0,30.0,1762,0.0001739071078427023,0.9715593512021681,Quang Binh,Central,Vax Center,Tier 3
HCO1921,110127083.0,32.0,1763,0.0001733635099787255,0.9717327147121468,Can Tho,South,Vax Center,Tier 3
HCO0906,110107137.0,33.0,1764,0.00017333211072183215,0.9719060468228686,Hung Yen,North,Vax Center,Tier 3
HCO1230,110002281.0,27.0,1765,0.00017316704502039765,0.972079213867889,Kien Giang,South,Vax Center,Tier 3
HCO0965,109024909.0,33.0,1766,0.00017162845309678403,0.9722508423209858,Long An,South,Vax Center,Tier 3
HCO0675,109022091.0,33.0,1767,0.00017162401696392904,0.9724224663379497,Vinh Phuc,North,Vax Center,Tier 3
HCO0320,108950626.0,32.0,1768,0.00017151151581613574,0.9725939778537659,Quang Ninh,North,Vax Center,Tier 3
HCO1307,108864735.0,29.0,1769,0.00017137630506842543,0.9727653541588344,Hung Yen,North,Vax Center,Tier 3
HCO1866,108490986.0,32.0,1770,0.0001707879444515276,0.9729361421032859,Hung Yen,North,Vax Center,Tier 3
HCO1649,108235997.0,30.0,1771,0.0001703865373966802,0.9731065286406826,Ho Chi Minh City,South,Vax Center,Tier 3
HCO0586,108012203.0,33.0,1772,0.00017003423792324207,0.9732765628786059,Lam Dong,South,Vax Center,Tier 2
HCO0470,107734795.0,29.0,1773,0.00016959753858220732,0.9734461604171881,Quang Tri,Central,Vax Center,Tier 3
HCO1908,107615730.0,32.0,1774,0.0001694101048851247,0.9736155705220733,Quang Ngai,Central,Vax Center,Tier 3
HCO0080,107542338.0,32.0,1775,0.00016929457022845572,0.9737848650923017,Long An,South,Vax Center,Tier 3
HCO1289,107355888.0,29.0,1776,0.00016900105817351885,0.9739538661504752,Lam Dong,South,Vax Center,Tier 3
HCO0445,107336281.0,28.0,1777,0.00016897019257490717,0.9741228363430501,Vinh Phuc,North,Vax Center,Tier 3
HCO0484,107196900.0,31.0,1778,0.00016875077716203962,0.9742915871202121,Vinh Phuc,North,Vax Center,Tier 3
HCO0744,107081566.0,31.0,1779,0.00016856921685448216,0.9744601563370666,Ho Chi Minh City,South,Vax Center,Tier 3
HCO0911,107043596.0,30.0,1780,0.00016850944397850493,0.9746286657810451,Vinh Phuc,North,Vax Center,Tier 3
HCO1640,106904085.0,29.0,1781,0.00016828982391791874,0.974796955604963,Ho Chi Minh City,South,Vax Center,Tier 3
HCO1871,106579707.0,31.0,1782,0.0001677791837819235,0.974964734788745,Da Nang,Central,Vax Center,Tier 3
HCO0043,106476520.0,29.0,1783,0.0001676167454423538,0.9751323515341873,Ho Chi Minh City,South,Vax Center,Tier 3
HCO1716,106441606.0,30.0,1784,0.000167561783361978,0.9752999133175493,Quang Ngai,Central,Vax Center,Tier 3
HCO0233,106376990.0,31.0,1785,0.00016746006400053095,0.9754673733815498,Nam Dinh,North,Vax Center,Tier 3
HCO0848,106326642.0,30.0,1786,0.00016738080551331207,0.975634754187063,Ninh Binh,North,Vax Center,Tier 3
HCO0287,106282884.0,28.0,1787,0.00016731192109121538,0.9758020661081542,Nghe An,Central,Vax Center,Tier 3
HCO1445,106169206.0,32.0,1788,0.00016713296768075084,0.975969199075835,Quang Tri,Central,Vax Center,Tier 3
HCO1652,105990696.0,28.0,1789,0.00016685195487878366,0.9761360510307138,Binh Duong,South,Vax Center,Tier 3
HCO1382,105954783.0,31.0,1790,0.00016679542015940073,0.9763028464508732,Kien Giang,South,Vax Center,Tier 3
HCO1387,105603324.0,30.0,1791,0.0001662421487551848,0.9764690885996283,Hue,Central,Vax Center,Tier 3
HCO1020,105561182.0,30.0,1792,0.00016617580826165223,0.97663526440789,Thai Nguyen,North,Vax Center,Tier 3
HCO1878,105255029.0,29.0,1793,0.0001656938581615981,0.9768009582660515,Quang Ninh,North,Vax Center,Tier 3
HCO0210,104655637.0,29.0,1794,0.0001647502873510177,0.9769657085534025,Quang Ninh,North,Hospital,Tier 3
HCO1885,104565928.0,30.0,1795,0.00016460906625723206,0.9771303176196597,Bac Ninh,North,Vax Center,Tier 3
HCO0406,103732046.0,28.0,1796,0.00016329635818860847,0.9772936139778483,Hung Yen,North,Vax Center,Tier 3
HCO1822,103469192.0,33.0,1797,0.0001628825699467829,0.9774564965477951,Long An,South,Vax Center,Tier 3
HCO1739,103368393.0,30.0,1798,0.00016272389082838342,0.9776192204386235,Bac Ninh,North,Vax Center,Tier 3
HCO0496,103251065.0,28.0,1799,0.00016253919153966456,0.9777817596301631,Thanh Hoa,Central,Vax Center,Tier 3
HCO0373,103016932.0,30.0,1800,0.00016217061627574108,0.9779439302464389,Dong Nai,South,Vax Center,Tier 3
HCO1035,103007948.0,29.0,1801,0.00016215647354416931,0.978106086719983,Ninh Binh,North,Vax Center,Tier 3
HCO0815,102587204.0,26.0,1802,0.0001614941327769805,0.97826758085276,Quang Ninh,North,Vax Center,Tier 3
HCO0281,102479768.0,27.0,1803,0.00016132500560543745,0.9784289058583654,Quang Binh,Central,Vax Center,Tier 3
HCO1027,102296172.0,31.0,1804,0.0001610359863550315,0.9785899418447205,Long An,South,Vax Center,Tier 3
HCO1915,102273551.0,28.0,1805,0.00016100037607777364,0.9787509422207983,Binh Duong,South,Vax Center,Tier 3
HCO1077,102229644.0,28.0,1806,0.00016093125709790713,0.9789118734778962,Bac Ninh,North,Vax Center,Tier 3
HCO1436,102089902.0,29.0,1807,0.00016071127339406703,0.9790725847512903,Binh Dinh,Central,Vax Center,Tier 3
HCO0241,101871641.0,30.0,1808,0.00016036768404237715,0.9792329524353327,Hai Phong,North,Vax Center,Tier 3
HCO1581,101840628.0,31.0,1809,0.000160318862967774,0.9793932712983004,Thai Nguyen,North,Vax Center,Tier 3
HCO1967,101743613.0,31.0,1810,0.0001601661406722004,0.9795534374389726,Vinh Phuc,North,Vax Center,Tier 3
HCO0755,101659125.0,30.0,1811,0.00016003313854563828,0.9797134705775182,Kien Giang,South,Vax Center,Tier 3
HCO0349,101643356.0,27.0,1812,0.00016000831477736634,0.9798734788922956,Nghe An,Central,Vax Center,Tier 3
HCO0130,101380492.0,27.0,1813,0.0001595945107934086,0.980033073403089,Dong Nai,South,Vax Center,Tier 3
HCO0102,100038237.0,32.0,1814,0.00015748151522730887,0.9801905549183163,Long An,South,Vax Center,Tier 3
HCO0717,99988537.0,31.0,1815,0.0001574032768302568,0.9803479581951465,Ninh Binh,North,Vax Center,Tier 2
HCO0523,99963865.0,30.0,1816,0.00015736443784168398,0.9805053226329882,Hung Yen,North,Vax Center,Tier 3
HCO0932,99674291.0,29.0,1817,0.00015690858662261028,0.9806622312196108,Ha Tinh,Central,Vax Center,Tier 3
HCO0553,99130178.0,32.0,1818,0.00015605203674463834,0.9808182832563554,Quang Ninh,North,Vax Center,Tier 3
HCO0149,99001027.0,29.0,1819,0.0001558487255330151,0.9809741319818884,Ba Ria - Vung Tau,South,Vax Center,Tier 3
HCO1980,98932726.0,28.0,1820,0.00015574120519585102,0.9811298731870843,Khanh Hoa,South,Vax Center,Tier 3
HCO0774,98449331.0,28.0,1821,0.00015498023839619318,0.9812848534254806,Quang Nam,Central,Vax Center,Tier 3
HCO0883,98355926.0,30.0,1822,0.00015483319901034507,0.9814396866244909,Long An,South,Vax Center,Tier 3
HCO0858,98214373.0,32.0,1823,0.00015461036440636287,0.9815942969888972,Bac Ninh,North,Vax Center,Tier 3
HCO0899,98192580.0,28.0,1824,0.0001545760575776515,0.9817488730464748,Quang Nam,Central,Vax Center,Tier 3
HCO1227,97419603.0,27.0,1825,0.00015335922696521417,0.9819022322734401,Dong Nai,South,Vax Center,Tier 3
HCO1757,96651745.0,27.0,1826,0.0001521504547502519,0.9820543827281903,Ninh Binh,North,Vax Center,Tier 3
HCO1662,96210327.0,28.0,1827,0.00015145556869894524,0.9822058382968893,Long An,South,Vax Center,Tier 3
HCO1165,96126442.0,29.0,1828,0.00015132351582295502,0.9823571618127123,Ho Chi Minh City,South,Vax Center,Tier 3
HCO1906,95751489.0,25.0,1829,0.00015073325985333986,0.9825078950725656,Quang Ninh,North,Vax Center,Tier 3
HCO0951,95583383.0,27.0,1830,0.00015046862516571735,0.9826583636977314,Kien Giang,South,Vax Center,Tier 3
HCO0808,95391009.0,28.0,1831,0.00015016578747166303,0.982808529485203,Kien Giang,South,Hospital,Tier 3
HCO0488,95288792.0,27.0,1832,0.0001500048761189171,0.982958534361322,Lam Dong,South,Vax Center,Tier 3
HCO0757,95254856.0,29.0,1833,0.00014995145361907083,0.983108485814941,Binh Duong,South,Vax Center,Tier 3
HCO0269,94469433.0,25.0,1834,0.00014871503034889286,0.9832572008452899,Dong Nai,South,Vax Center,Tier 3
HCO0931,93516475.0,23.0,1835,0.0001472148712668412,0.9834044157165567,Hue,Central,Vax Center,Tier 3
HCO0953,93353720.0,26.0,1836,0.00014695866019416085,0.9835513743767509,Lam Dong,South,Vax Center,Tier 3
HCO0262,93197964.0,25.0,1837,0.00014671346703980982,0.9836980878437906,Hai Phong,North,Vax Center,Tier 3
HCO0978,93127014.0,27.0,1838,0.000146601776611825,0.9838446896204025,Ninh Binh,North,Vax Center,Tier 3
HCO1494,93068081.0,26.0,1839,0.0001465090035041093,0.9839911986239066,Dong Nai,South,Vax Center,Tier 3
HCO0615,93065055.0,26.0,1840,0.00014650423993490448,0.9841377028638415,Quang Ngai,Central,Vax Center,Tier 3
HCO0067,93045866.0,24.0,1841,0.00014647403235741892,0.984284176896199,Thanh Hoa,Central,Vax Center,Tier 3
HCO0147,92872511.0,27.0,1842,0.0001462011346246027,0.9844303780308236,Ha Tinh,Central,Vax Center,Tier 3
HCO0542,92576231.0,27.0,1843,0.00014573472673167325,0.9845761127575552,Ho Chi Minh City,South,Vax Center,Tier 3
HCO1633,92521792.0,27.0,1844,0.00014564902813816985,0.9847217617856934,Dong Nai,South,Vax Center,Tier 3
HCO0033,92484340.0,27.0,1845,0.00014559007070464078,0.9848673518563981,Da Nang,Central,Vax Center,Tier 3
HCO0314,92445280.0,24.0,1846,0.00014552858193625336,0.9850128804383343,Quang Nam,Central,Vax Center,Tier 3
HCO0299,92390892.0,26.0,1847,0.0001454429636276242,0.985158323401962,Quang Ngai,Central,Vax Center,Tier 3
HCO0285,92370049.0,26.0,1848,0.00014541015230147217,0.9853037335542635,Thanh Hoa,Central,Vax Center,Tier 3
HCO1272,92277372.0,29.0,1849,0.00014526425894284848,0.9854489978132064,Da Nang,Central,Vax Center,Tier 3
HCO0137,91963470.0,25.0,1850,0.00014477011026454978,0.985593767923471,Binh Duong,South,Hospital,Tier 3
HCO0460,91356533.0,24.0,1851,0.0001438146620152217,0.9857375825854862,Da Nang,Central,Vax Center,Tier 3
HCO1678,91062383.0,29.0,1852,0.00014335160719645162,0.9858809341926826,Nghe An,Central,Vax Center,Tier 3
HCO1443,90943687.0,26.0,1853,0.0001431647543840473,0.9860240989470667,Quang Ninh,North,Hospital,Tier 3
HCO0550,90866412.0,26.0,1854,0.00014304310705744367,0.9861671420541241,Ninh Binh,North,Vax Center,Tier 3
HCO0700,90285477.0,24.0,1855,0.0001421285915002715,0.9863092706456245,Quang Tri,Central,Vax Center,Tier 3
HCO0946,88912639.0,26.0,1856,0.0001399674517712534,0.9864492380973957,Quang Ngai,Central,Vax Center,Tier 3
HCO1233,88562596.0,25.0,1857,0.00013941640945295752,0.9865886545068486,Ninh Binh,North,Vax Center,Tier 3
HCO1751,88454393.0,23.0,1858,0.00013924607485987447,0.9867279005817085,Hung Yen,North,Vax Center,Tier 3
HCO0680,87838802.0,24.0,1859,0.00013827700336933735,0.9868661775850778,Quang Binh,Central,Vax Center,Tier 3
HCO0768,87659683.0,26.0,1860,0.00013799503187151898,0.9870041726169493,Hai Duong,North,Vax Center,Tier 3
HCO1012,87469672.0,25.0,1861,0.00013769591404330439,0.9871418685309926,Binh Dinh,Central,Vax Center,Tier 3
HCO1522,87400509.0,25.0,1862,0.00013758703673434435,0.987279455567727,Ha Tinh,Central,Vax Center,Tier 3
HCO0024,86847089.0,25.0,1863,0.0001367158356539305,0.9874161714033809,Binh Dinh,Central,Vax Center,Tier 3
HCO1316,86819680.0,25.0,1864,0.00013667268804377355,0.9875528440914246,Quang Ngai,Central,Vax Center,Tier 3
HCO1616,86764603.0,24.0,1865,0.00013658598510223556,0.9876894300765269,Quang Binh,Central,Vax Center,Tier 3
HCO0595,86753388.0,22.0,1866,0.00013656833030096916,0.9878259984068278,Kien Giang,South,Vax Center,Tier 3
HCO1306,86231864.0,26.0,1867,0.00013574734032543203,0.9879617457471532,Ho Chi Minh City,South,Vax Center,Tier 3
HCO1456,85753491.0,23.0,1868,0.00013499427922456685,0.9880967400263778,Hai Phong,North,Vax Center,Tier 3
HCO1801,85672337.0,24.0,1869,0.00013486652552488143,0.9882316065519027,Quang Binh,Central,Vax Center,Tier 3
HCO0282,85102388.0,24.0,1870,0.00013396930427414817,0.9883655758561768,Nghe An,Central,Vax Center,Tier 3
HCO0844,84782884.0,24.0,1871,0.00013346633685338899,0.9884990421930302,Nghe An,Central,Vax Center,Tier 3
HCO0776,84714711.0,25.0,1872,0.0001333590180155171,0.9886324012110457,Bac Ninh,North,Vax Center,Tier 3
HCO1909,84622659.0,24.0,1873,0.00013321410854015615,0.9887656153195858,Thai Nguyen,North,Vax Center,Tier 3
HCO1181,84055363.0,23.0,1874,0.00013232106367709655,0.988897936383263,Dong Nai,South,Hospital,Tier 3
HCO1397,83853160.0,23.0,1875,0.00013200275304129928,0.9890299391363042,Quang Ninh,North,Vax Center,Tier 3
HCO0134,83838063.0,25.0,1876,0.00013197898714431143,0.9891619181234486,Hanoi,North,Vax Center,Tier 3
HCO0617,83042099.0,27.0,1877,0.0001307259700925776,0.9892926440935411,Hanoi,North,Vax Center,Tier 3
HCO0382,82763014.0,24.0,1878,0.00013028663079597233,0.9894229307243371,Binh Dinh,Central,Hospital,Tier 3
HCO1022,81757803.0,23.0,1879,0.00012870421435051698,0.9895516349386876,Bac Ninh,North,Vax Center,Tier 3
HCO0865,81478950.0,23.0,1880,0.00012826524027137882,0.989679900178959,Dong Nai,South,Vax Center,Tier 3
HCO1631,80614877.0,21.0,1881,0.0001269050051314192,0.9898068051840905,Hai Duong,North,Vax Center,Tier 3
HCO1968,80602694.0,21.0,1882,0.00012688582649175552,0.9899336910105823,Ninh Binh,North,Vax Center,Tier 3
HCO1860,79993305.0,22.0,1883,0.00012592651827161112,0.9900596175288539,Ha Tinh,Central,Vax Center,Tier 3
HCO1807,79588377.0,21.0,1884,0.00012528907526071555,0.9901849066041146,Hanoi,North,Vax Center,Tier 3
HCO1167,79364550.0,24.0,1885,0.00012493672383824113,0.9903098433279529,Thai Nguyen,North,Vax Center,Tier 3
HCO0831,79174492.0,21.0,1886,0.0001246375320220052,0.9904344808599749,Lam Dong,South,Vax Center,Tier 3
HCO1453,78717372.0,22.0,1887,0.00012391792767471238,0.9905583987876496,Quang Nam,Central,Vax Center,Tier 3
HCO1017,78654227.0,24.0,1888,0.00012381852398091252,0.9906822173116305,Hung Yen,North,Vax Center,Tier 3
HCO0767,78521618.0,23.0,1889,0.00012360976913997326,0.9908058270807705,Hanoi,North,Vax Center,Tier 3
HCO0843,78368476.0,23.0,1890,0.00012336869097898028,0.9909291957717494,Kien Giang,South,Vax Center,Tier 3
HCO0005,78115369.0,22.0,1891,0.0001229702465934136,0.9910521660183429,Quang Binh,Central,Vax Center,Tier 3
HCO1781,77911404.0,20.0,1892,0.00012264916219392204,0.9911748151805369,Thai Nguyen,North,Vax Center,Tier 3
HCO0476,77406435.0,20.0,1893,0.00012185423331824805,0.9912966694138551,Binh Duong,South,Vax Center,Tier 3
HCO1481,77144033.0,22.0,1894,0.0001214411566207981,0.9914181105704759,Bac Ninh,North,Vax Center,Tier 3
HCO1799,76151823.0,22.0,1895,0.00011987920652142071,0.9915379897769974,Long An,South,Vax Center,Tier 3
HCO1215,75688884.0,20.0,1896,0.00011915044182739861,0.9916571402188248,Thanh Hoa,Central,Vax Center,Tier 3
HCO0522,74966625.0,23.0,1897,0.00011801345216107171,0.9917751536709859,Bac Ninh,North,Vax Center,Tier 3
HCO1410,74215085.0,21.0,1898,0.00011683036795743934,0.9918919840389433,Kien Giang,South,Vax Center,Tier 3
HCO0600,73955104.0,21.0,1899,0.00011642110243019588,0.9920084051413735,Binh Duong,South,Vax Center,Tier 3
HCO1929,73946054.0,23.0,1900,0.00011640685580055158,0.992124811997174,Ho Chi Minh City,South,Vax Center,Tier 3
HCO0402,73748584.0,21.0,1901,0.00011609599591592631,0.9922409079930898,Dong Nai,South,Vax Center,Tier 3
HCO1056,72843382.0,20.0,1902,0.00011467101496042636,0.9923555790080503,Dong Nai,South,Vax Center,Tier 3
HCO1109,72818332.0,22.0,1903,0.00011463158091925624,0.9924702105889696,Hai Phong,North,Vax Center,Tier 3
HCO1226,72179947.0,21.0,1904,0.00011362662681257415,0.9925838372157821,Ho Chi Minh City,South,Vax Center,Tier 3
HCO1769,72164479.0,18.0,1905,0.00011360227688248156,0.9926974394926646,Da Nang,Central,Vax Center,Tier 3
HCO0205,71532533.0,18.0,1906,0.0001126074591347254,0.9928100469517994,Tien Giang,South,Vax Center,Tier 3
HCO0722,71524845.0,20.0,1907,0.00011259535658348724,0.9929226423083829,Ninh Binh,North,Vax Center,Tier 3
HCO0029,70424903.0,21.0,1908,0.00011086381334545361,0.9930335061217284,Bac Ninh,North,Vax Center,Tier 3
HCO1579,70105227.0,19.0,1909,0.00011036057516002052,0.9931438666968884,Ha Tinh,Central,Vax Center,Tier 3
HCO1353,70007165.0,17.0,1910,0.00011020620466320517,0.9932540729015515,Hue,Central,Vax Center,Tier 3
HCO0128,69405719.0,20.0,1911,0.00010925940041867012,0.9933633323019702,Binh Dinh,Central,Vax Center,Tier 3
HCO1629,67666893.0,19.0,1912,0.00010652211754155744,0.9934698544195117,Nghe An,Central,Vax Center,Tier 3
HCO0379,67656610.0,19.0,1913,0.00010650592990701243,0.9935763603494188,Quang Ninh,North,Vax Center,Tier 3
HCO0581,67583098.0,21.0,1914,0.00010639020634475704,0.9936827505557635,Da Nang,Central,Vax Center,Tier 3
HCO0166,67003619.0,21.0,1915,0.00010547798284203372,0.9937882285386055,Hung Yen,North,Vax Center,Tier 3
HCO1402,66518589.0,20.0,1916,0.00010471444220376056,0.9938929429808092,Quang Ngai,Central,Vax Center,Tier 3
HCO1432,65986889.0,18.0,1917,0.00010387743303449301,0.9939968204138437,Hue,Central,Vax Center,Tier 3
HCO1048,65565216.0,20.0,1918,0.00010321362982322245,0.994100034043667,Quang Binh,Central,Vax Center,Tier 3
HCO1990,65445108.0,19.0,1919,0.00010302455422175097,0.9942030585978887,Nghe An,Central,Vax Center,Tier 3
HCO1519,64418052.0,21.0,1920,0.00010140774908849678,0.9943044663469772,Nam Dinh,North,Vax Center,Tier 3
HCO0789,64165794.0,17.0,1921,0.00010101064120995419,0.9944054769881872,Quang Ngai,Central,Vax Center,Tier 3
HCO1655,62935962.0,19.0,1922,9.907462341672747e-05,0.9945045516116039,Bac Ninh,North,Vax Center,Tier 3
HCO1069,62915056.0,17.0,1923,9.904171291514254e-05,0.9946035933245191,Ho Chi Minh City,South,Vax Center,Tier 3
HCO0604,62898838.0,17.0,1924,9.901618232513467e-05,0.9947026095068442,Thanh Hoa,Central,Vax Center,Tier 3
HCO0704,62118493.0,20.0,1925,9.778775290968972e-05,0.9948003972597539,Nghe An,Central,Vax Center,Tier 3
HCO0878,61928003.0,18.0,1926,9.748788103334258e-05,0.9948978851407873,Quang Ninh,North,Vax Center,Tier 3
HCO1206,61854790.0,20.0,1927,9.737262816084006e-05,0.994995257768948,Quang Ninh,North,Vax Center,Tier 3
HCO1273,61506851.0,18.0,1928,9.682489798715983e-05,0.9950920826669352,Dong Nai,South,Vax Center,Tier 3
HCO1332,60237203.0,17.0,1929,9.48262013203511e-05,0.9951869088682556,Nghe An,Central,Vax Center,Tier 3
HCO0010,60145795.0,17.0,1930,9.468230563830407e-05,0.9952815911738938,Binh Dinh,Central,Vax Center,Tier 3
HCO1252,59960176.0,17.0,1931,9.439010175455332e-05,0.9953759812756484,Nghe An,Central,Vax Center,Tier 3
HCO0367,59320885.0,18.0,1932,9.338372141069358e-05,0.9954693649970591,Binh Duong,South,Vax Center,Tier 3
HCO1848,59111462.0,14.0,1933,9.305404495544528e-05,0.9955624190420145,Ninh Binh,North,Vax Center,Tier 3
HCO0637,58827866.0,16.0,1934,9.260760438300293e-05,0.9956550266463975,Binh Duong,South,Vax Center,Tier 3
HCO1355,58106470.0,18.0,1935,9.147197326268521e-05,0.9957464986196601,Can Tho,South,Vax Center,Tier 3
HCO0642,56995171.0,18.0,1936,8.97225516851079e-05,0.9958362211713453,Da Nang,Central,Vax Center,Tier 3
HCO0610,56905215.0,17.0,1937,8.958094176065684e-05,0.995925802113106,Ho Chi Minh City,South,Vax Center,Tier 3
HCO0840,55604136.0,17.0,1938,8.753276599811883e-05,0.9960133348791042,Hung Yen,North,Vax Center,Tier 3
HCO0330,55452334.0,15.0,1939,8.729379728284114e-05,0.996100628676387,Quang Ngai,Central,Vax Center,Tier 3
HCO1700,55227492.0,17.0,1940,8.693984803394805e-05,0.996187568524421,Nghe An,Central,Vax Center,Tier 3
HCO1737,55083948.0,16.0,1941,8.671387917144412e-05,0.9962742824035925,Kien Giang,South,Vax Center,Tier 3
HCO0818,54987965.0,16.0,1942,8.656278146391391e-05,0.9963608451850564,Khanh Hoa,South,Vax Center,Tier 3
HCO0212,54484706.0,17.0,1943,8.577054449284674e-05,0.9964466157295493,Binh Duong,South,Vax Center,Tier 3
HCO1512,54303258.0,16.0,1944,8.548490665243813e-05,0.9965321006362017,Thai Nguyen,North,Vax Center,Tier 3
HCO0095,53132470.0,12.0,1945,8.364183670459459e-05,0.9966157424729063,Hai Phong,North,Hospital,Tier 3
HCO1131,53054086.0,15.0,1946,8.351844357552957e-05,0.9966992609164819,Hanoi,North,Vax Center,Tier 3
HCO0557,52799696.0,14.0,1947,8.311797947440117e-05,0.9967823788959562,Hung Yen,North,Vax Center,Tier 3
HCO0870,52106424.0,13.0,1948,8.202662152669296e-05,0.9968644055174829,Quang Tri,Central,Vax Center,Tier 3
HCO1348,51146563.0,15.0,1949,8.051559565078114e-05,0.9969449211131337,Ho Chi Minh City,South,Vax Center,Tier 3
HCO1152,50176098.0,14.0,1950,7.898787681788057e-05,0.9970239089899516,Bac Ninh,North,Vax Center,Tier 3
HCO1536,49922298.0,14.0,1951,7.858834150255219e-05,0.9971024973314542,Quang Binh,Central,Vax Center,Tier 3
HCO1418,49878363.0,15.0,1952,7.851917844471549e-05,0.9971810165098989,Hue,Central,Vax Center,Tier 3
HCO1329,49863118.0,15.0,1953,7.849517956417104e-05,0.997259511689463,Khanh Hoa,South,Vax Center,Tier 3
HCO1804,48689160.0,14.0,1954,7.664711936041894e-05,0.9973361588088234,Hung Yen,North,Vax Center,Tier 3
HCO0035,48434362.0,14.0,1955,7.624601298029664e-05,0.9974124048218037,Quang Ngai,Central,Vax Center,Tier 3
HCO1166,48305797.0,15.0,1956,7.604362425762053e-05,0.9974884484460613,Hung Yen,North,Vax Center,Tier 3
HCO1623,48226435.0,14.0,1957,7.5918691548026e-05,0.9975643671376093,Thai Nguyen,North,Vax Center,Tier 3
HCO1976,47872942.0,14.0,1958,7.536221819411986e-05,0.9976397293558035,Ba Ria - Vung Tau,South,Vax Center,Tier 3
HCO1783,47818051.0,15.0,1959,7.527580805624086e-05,0.9977150051638597,Lam Dong,South,Vax Center,Tier 3
HCO1618,47797022.0,12.0,1960,7.524270392642982e-05,0.9977902478677861,Binh Duong,South,Vax Center,Tier 3
HCO1919,47678757.0,13.0,1961,7.505652959992348e-05,0.9978653043973861,Hanoi,North,Vax Center,Tier 3
HCO1553,47609541.0,14.0,1962,7.494756885766276e-05,0.9979402519662437,Nghe An,Central,Vax Center,Tier 3
HCO1255,47608815.0,13.0,1963,7.494642597886477e-05,0.9980151983922225,Long An,South,Vax Center,Tier 3
HCO0593,46845948.0,13.0,1964,7.374551066208534e-05,0.9980889439028846,Kien Giang,South,Vax Center,Tier 3
HCO1932,46480300.0,14.0,1965,7.316990274648567e-05,0.9981621138056311,Nghe An,Central,Vax Center,Tier 3
HCO0204,46207257.0,12.0,1966,7.274007484615782e-05,0.9982348538804773,Quang Nam,Central,Vax Center,Tier 3
HCO0544,46186046.0,14.0,1967,7.270668420954069e-05,0.9983075605646868,Dong Nai,South,Vax Center,Tier 3
HCO1439,45706593.0,14.0,1968,7.19519229583975e-05,0.9983795124876452,Lam Dong,South,Vax Center,Tier 3
HCO1175,45551618.0,12.0,1969,7.170795926457158e-05,0.9984512204469098,Hanoi,North,Vax Center,Tier 3
HCO0283,45371533.0,14.0,1970,7.142446707678232e-05,0.9985226449139866,Thai Nguyen,North,Vax Center,Tier 3
HCO1806,45274317.0,13.0,1971,7.127142836435141e-05,0.998593916342351,Quang Ninh,North,Vax Center,Tier 3
HCO0860,41457658.0,13.0,1972,6.52631933089301e-05,0.9986591795356599,Khanh Hoa,South,Hospital,Tier 3
HCO1780,41358755.0,12.0,1973,6.510749889879643e-05,0.9987242870345586,Quang Ninh,North,Vax Center,Tier 3
HCO0143,38175792.0,13.0,1974,6.009683646426692e-05,0.9987843838710229,Thai Nguyen,North,Vax Center,Tier 3
HCO1041,38068770.0,11.0,1975,5.9928361016997126e-05,0.9988443122320398,Ho Chi Minh City,South,Vax Center,Tier 3
HCO0621,37950354.0,11.0,1976,5.97419489842945e-05,0.9989040541810241,Nghe An,Central,Vax Center,Tier 3
HCO1103,37415821.0,9.0,1977,5.890048006897366e-05,0.9989629546610931,Quang Ninh,North,Vax Center,Tier 3
HCO0916,36837871.0,11.0,1978,5.799066353826428e-05,0.9990209453246314,Thai Nguyen,North,Vax Center,Tier 3
HCO1501,35729105.0,10.0,1979,5.624522944277414e-05,0.9990771905540742,Nam Dinh,North,Vax Center,Tier 3
HCO1559,35226843.0,12.0,1980,5.545456196228767e-05,0.9991326451160365,Vinh Phuc,North,Vax Center,Tier 3
HCO0514,34759113.0,9.0,1981,5.4718255212726807e-05,0.9991873633712492,Kien Giang,South,Vax Center,Tier 3
HCO0116,34168213.0,11.0,1982,5.378805262081371e-05,0.99924115142387,Vinh Phuc,North,Vax Center,Tier 3
HCO1359,33193510.0,9.0,1983,5.225366227228524e-05,0.9992934050861423,Long An,South,Vax Center,Tier 3
HCO1847,32906959.0,11.0,1984,5.180256989977671e-05,0.9993452076560421,Vinh Phuc,North,Vax Center,Tier 3
HCO0618,32539215.0,9.0,1985,5.122366243326716e-05,0.9993964313184753,Quang Tri,Central,Vax Center,Tier 3
HCO0805,31826033.0,10.0,1986,5.0100961900341515e-05,0.9994465322803757,Lam Dong,South,Vax Center,Tier 3
HCO0100,31682873.0,9.0,1987,4.98755975357142e-05,0.9994964078779114,Quang Nam,Central,Vax Center,Tier 3
HCO1073,31476844.0,9.0,1988,4.955126396013583e-05,0.9995459591418715,Binh Duong,South,Vax Center,Tier 3
HCO0949,30596440.0,8.0,1989,4.816532034407446e-05,0.9995941244622156,Hue,Central,Vax Center,Tier 3
HCO1403,30451419.0,8.0,1990,4.793702636864405e-05,0.9996420614885843,Hanoi,North,Vax Center,Tier 3
HCO1846,29886586.0,8.0,1991,4.704785879274618e-05,0.999689109347377,Binh Duong,South,Vax Center,Tier 3
HCO0057,29782577.0,10.0,1992,4.688412644990934e-05,0.9997359934738269,Lam Dong,South,Vax Center,Tier 3
HCO1947,29774432.0,10.0,1993,4.6871304483229475e-05,0.9997828647783101,Quang Binh,Central,Vax Center,Tier 3
HCO0913,27197867.0,6.0,1994,4.281524179710226e-05,0.9998256800201072,Hung Yen,North,Vax Center,Tier 3
HCO1493,25911453.0,8.0,1995,4.07901518714409e-05,0.9998664701719786,Ba Ria - Vung Tau,South,Vax Center,Tier 3
HCO1843,24003234.0,8.0,1996,3.778620829429109e-05,0.9999042563802729,Kien Giang,South,Vax Center,Tier 3
HCO1576,22669321.0,6.0,1997,3.5686344814875665e-05,0.9999399427250878,Vinh Phuc,North,Vax Center,Tier 3
HCO1257,20824048.0,6.0,1998,3.278149166309489e-05,0.9999727242167509,Nghe An,Central,Vax Center,Tier 3
HCO0876,17326613.0,5.0,1999,2.7275783248731063e-05,0.9999999999999996,Binh Dinh,Central,Vax Center,Tier 3
