HCP_ID,Age_Group,Gender,Sales,Units,Active_HCC
HCP00001,15-18,Female,813.02,14,2
HCP00001,19-45,Female,1597.1399999999999,28,2
HCP00001,19-45,Male,854.47,17,2
HCP00001,9-14,Female,291.33000000000004,6,1
HCP00001,9-14,Male,104.14,2,1
HCP00002,15-18,Female,2384.91,48,2
HCP00002,15-18,Male,435.1,8,1
HCP00002,19-45,Female,5127.37,93,2
HCP00002,19-45,Male,4992.389999999999,81,2
HCP00002,9-14,Female,1832.48,33,1
HCP00002,9-14,Male,643.3299999999999,13,1
HCP00003,15-18,Female,1508.08,30,3
HCP00003,15-18,Male,982.09,17,2
HCP00003,19-45,Female,3014.33,59,2
HCP00003,19-45,Male,3324.6,61,3
HCP00003,9-14,Female,431.62,8,1
HCP00003,9-14,Male,1047.1200000000001,17,2
HCP00004,15-18,Female,1738.54,35,2
HCP00004,15-18,Male,1425.31,27,2
HCP00004,19-45,Female,1247.73,23,1
HCP00004,19-45,Male,2552.1800000000003,50,2
HCP00004,9-14,Female,420.83000000000004,8,1
HCP00004,9-14,Male,1154.98,22,2
HCP00005,15-18,Female,4578.77,80,2
HCP00005,15-18,Male,2935.8599999999997,54,3
HCP00005,19-45,Female,5686.150000000001,104,3
HCP00005,19-45,Male,4341.9,82,3
HCP00005,9-14,Female,1129.29,24,2
HCP00005,9-14,Male,2313.61,41,3
HCP00006,15-18,Female,558.24,10,4
HCP00006,15-18,Male,979.35,18,3
HCP00006,19-45,Female,1130.79,20,7
HCP00006,19-45,Male,1090.42,19,6
HCP00006,9-14,Female,889.93,15,5
HCP00006,9-14,Male,173.75,3,2
HCP00007,15-18,Female,1820.97,33,1
HCP00007,15-18,Male,2585.76,46,1
HCP00007,19-45,Female,2952.75,55,1
HCP00007,19-45,Male,1773.8899999999999,29,1
HCP00007,9-14,Female,326.94,7,1
HCP00007,9-14,Male,658.66,12,1
HCP00008,15-18,Female,1270.23,21,3
HCP00008,15-18,Male,1469.52,27,4
HCP00008,19-45,Female,913.24,16,2
HCP00008,19-45,Male,2210.52,42,6
HCP00008,9-14,Female,1003.36,18,4
HCP00008,9-14,Male,648.65,12,3
HCP00009,15-18,Female,349.15999999999997,6,2
HCP00009,15-18,Male,262.78,5,1
HCP00009,19-45,Female,730.28,13,2
HCP00009,19-45,Male,253.04,5,2
HCP00009,9-14,Female,614.79,10,1
HCP00009,9-14,Male,46.04,1,2
HCP00010,15-18,Female,5702.43,99,3
HCP00010,15-18,Male,6125.91,102,2
HCP00010,19-45,Female,2486.28,44,2
HCP00010,19-45,Male,8803.35,159,2
HCP00010,9-14,Female,1466.83,28,2
HCP00010,9-14,Male,3925.83,67,3
HCP00011,15-18,Female,193.39,4,1
HCP00011,15-18,Male,1363.72,24,2
HCP00011,19-45,Female,1782.49,31,2
HCP00011,19-45,Male,2081.18,39,2
HCP00011,9-14,Female,475.79999999999995,8,1
HCP00011,9-14,Male,1047.69,19,1
HCP00012,15-18,Female,3253.92,59,2
HCP00012,15-18,Male,10966.78,202,2
HCP00012,19-45,Female,9653.51,177,2
HCP00012,19-45,Male,12811.210000000001,216,2
HCP00012,9-14,Female,3829.16,74,2
HCP00012,9-14,Male,8099.53,143,2
HCP00013,15-18,Female,2876.9700000000003,61,1
HCP00013,15-18,Male,2924.97,50,1
HCP00013,19-45,Female,19222.28,353,4
HCP00013,19-45,Male,11169.64,206,4
HCP00013,9-14,Female,7740.9,137,4
HCP00013,9-14,Male,4454.37,82,3
HCP00014,15-18,Female,1742.27,31,1
HCP00014,15-18,Male,1159.25,19,1
HCP00014,19-45,Female,2817.87,51,1
HCP00014,19-45,Male,3173.3599999999997,58,1
HCP00014,9-14,Female,1072.73,19,1
HCP00014,9-14,Male,1273.79,24,1
HCP00015,15-18,Female,655.16,12,2
HCP00015,15-18,Male,393.11,7,3
HCP00015,19-45,Female,1039.09,21,2
HCP00015,19-45,Male,523.03,10,3
HCP00015,9-14,Male,113.04,2,2
HCP00016,15-18,Female,529.73,11,1
HCP00016,15-18,Male,1026.24,19,2
HCP00016,19-45,Female,1307.43,22,2
HCP00016,19-45,Male,524.29,9,1
HCP00016,9-14,Female,1332.8799999999999,24,5
HCP00016,9-14,Male,1017.67,20,4
HCP00017,15-18,Female,2100.6099999999997,35,1
HCP00017,19-45,Female,6077.13,110,1
HCP00017,19-45,Male,1767.8600000000001,33,1
HCP00017,9-14,Female,2417.42,48,1
HCP00017,9-14,Male,716.99,14,1
HCP00018,15-18,Female,2953.6400000000003,52,4
HCP00018,15-18,Male,2079.83,34,3
HCP00018,19-45,Female,4691.81,92,8
HCP00018,19-45,Male,2313.0099999999998,42,5
HCP00018,9-14,Female,1162.9,22,2
HCP00018,9-14,Male,2126.94,36,3
HCP00019,15-18,Female,600.86,11,3
HCP00019,15-18,Male,874.63,17,3
HCP00019,19-45,Female,2631.26,46,8
HCP00019,19-45,Male,3162.43,60,10
HCP00019,9-14,Female,583.1,11,3
HCP00019,9-14,Male,843.0,15,3
HCP00020,15-18,Female,4398.59,80,2
HCP00020,15-18,Male,2807.45,49,2
HCP00020,19-45,Female,3878.8600000000006,70,2
HCP00020,19-45,Male,2582.54,48,2
HCP00020,9-14,Female,1033.75,16,1
HCP00021,15-18,Female,875.29,17,2
HCP00021,15-18,Male,314.33000000000004,6,1
HCP00021,19-45,Female,702.09,12,2
HCP00021,19-45,Male,1523.4,29,2
HCP00021,9-14,Female,61.47,1,1
HCP00021,9-14,Male,91.78,2,1
HCP00022,15-18,Female,572.38,11,4
HCP00022,15-18,Male,699.21,13,4
HCP00022,19-45,Female,1610.8899999999999,27,6
HCP00022,19-45,Male,1067.2,19,5
HCP00022,9-14,Female,582.01,10,3
HCP00022,9-14,Male,90.44,2,1
HCP00023,15-18,Female,6278.79,118,1
HCP00023,19-45,Female,8826.8,157,1
HCP00023,19-45,Male,7906.32,146,1
HCP00023,9-14,Female,5953.33,108,1
HCP00023,9-14,Male,6844.84,139,1
HCP00024,15-18,Female,1839.15,33,3
HCP00024,15-18,Male,1125.31,19,3
HCP00024,19-45,Female,2433.57,46,2
HCP00024,19-45,Male,2513.87,44,3
HCP00024,9-14,Female,423.06,9,2
HCP00024,9-14,Male,1114.04,19,2
HCP00025,15-18,Female,3936.86,65,2
HCP00025,15-18,Male,4196.0599999999995,77,2
HCP00025,19-45,Female,4528.51,80,2
HCP00025,19-45,Male,7511.46,130,2
HCP00025,9-14,Female,1465.2,24,1
HCP00025,9-14,Male,1353.73,29,2
HCP00026,15-18,Female,1409.75,25,1
HCP00026,15-18,Male,4491.98,88,3
HCP00026,19-45,Female,3043.5600000000004,52,1
HCP00026,19-45,Male,7594.67,144,3
HCP00026,9-14,Female,2860.11,49,2
HCP00026,9-14,Male,1741.4,31,2
HCP00027,15-18,Female,656.24,12,2
HCP00027,15-18,Male,443.87,8,1
HCP00027,19-45,Female,2226.69,39,2
HCP00027,19-45,Male,2347.69,44,2
HCP00027,9-14,Female,610.0600000000001,12,2
HCP00027,9-14,Male,736.17,13,1
HCP00028,15-18,Female,2223.76,43,4
HCP00028,15-18,Male,1147.5700000000002,19,2
HCP00028,19-45,Female,4582.01,87,4
HCP00028,19-45,Male,7540.34,134,10
HCP00028,9-14,Female,1593.82,31,4
HCP00028,9-14,Male,663.36,13,1
HCP00029,15-18,Female,249.91,5,1
HCP00029,15-18,Male,269.09000000000003,5,2
HCP00029,19-45,Female,1304.49,24,2
HCP00029,19-45,Male,1261.3400000000001,22,2
HCP00029,9-14,Female,1254.53,21,2
HCP00029,9-14,Male,669.93,11,2
HCP00030,15-18,Female,799.85,16,1
HCP00030,15-18,Male,5162.67,91,2
HCP00030,19-45,Female,7186.8099999999995,137,2
HCP00030,19-45,Male,2994.55,57,1
HCP00030,9-14,Female,1860.15,30,2
HCP00030,9-14,Male,5555.49,96,2
HCP00031,15-18,Female,699.25,11,1
HCP00031,15-18,Male,8018.26,151,5
HCP00031,19-45,Female,6236.88,102,3
HCP00031,19-45,Male,5079.450000000001,98,5
HCP00031,9-14,Female,5128.37,88,5
HCP00031,9-14,Male,3367.49,56,3
HCP00032,15-18,Male,6173.76,122,2
HCP00032,19-45,Female,6771.34,133,3
HCP00032,19-45,Male,15606.869999999999,272,4
HCP00032,9-14,Female,8929.61,169,2
HCP00032,9-14,Male,1450.77,25,1
HCP00033,15-18,Female,4060.6400000000003,70,1
HCP00033,15-18,Male,12844.64,234,1
HCP00033,19-45,Female,1253.88,23,1
HCP00033,19-45,Male,22490.87,413,1
HCP00033,9-14,Female,7621.1900000000005,138,1
HCP00033,9-14,Male,1812.5,37,1
HCP00034,15-18,Female,1315.71,24,2
HCP00034,15-18,Male,1293.57,23,2
HCP00034,19-45,Female,2204.58,40,2
HCP00034,19-45,Male,1219.72,24,2
HCP00034,9-14,Female,592.8199999999999,12,2
HCP00034,9-14,Male,971.67,18,2
HCP00035,15-18,Female,843.8900000000001,17,1
HCP00035,15-18,Male,4346.07,74,2
HCP00035,19-45,Female,3336.55,58,2
HCP00035,19-45,Male,7785.95,158,1
HCP00035,9-14,Female,4756.219999999999,85,2
HCP00035,9-14,Male,5792.360000000001,109,2
HCP00036,15-18,Female,4556.84,76,8
HCP00036,19-45,Female,1583.4,28,4
HCP00036,19-45,Male,5229.84,89,4
HCP00036,9-14,Female,803.14,13,1
HCP00036,9-14,Male,1548.05,28,3
HCP00037,15-18,Female,4535.92,80,2
HCP00037,15-18,Male,2872.52,62,1
HCP00037,19-45,Female,4407.219999999999,79,3
HCP00037,19-45,Male,7323.12,136,3
HCP00037,9-14,Female,3457.91,59,3
HCP00037,9-14,Male,1980.51,36,2
HCP00038,15-18,Female,831.42,13,1
HCP00038,15-18,Male,1090.77,19,2
HCP00038,19-45,Female,1549.1299999999999,28,2
HCP00038,19-45,Male,1688.26,30,1
HCP00038,9-14,Female,621.8000000000001,12,2
HCP00038,9-14,Male,435.6,7,1
HCP00039,15-18,Female,1586.14,29,1
HCP00039,15-18,Male,7014.53,119,2
HCP00039,19-45,Female,12339.220000000001,229,2
HCP00039,19-45,Male,13903.04,263,2
HCP00039,9-14,Female,4033.0899999999997,70,2
HCP00039,9-14,Male,2636.3999999999996,52,1
HCP00040,15-18,Female,5258.349999999999,97,3
HCP00040,15-18,Male,606.32,12,1
HCP00040,19-45,Female,2429.55,44,1
HCP00040,19-45,Male,1415.32,25,2
HCP00040,9-14,Male,3187.22,59,3
HCP00041,15-18,Female,892.81,17,2
HCP00041,15-18,Male,882.01,14,2
HCP00041,19-45,Female,3442.23,68,2
HCP00041,19-45,Male,4249.91,72,2
HCP00041,9-14,Female,1454.26,28,2
HCP00041,9-14,Male,2941.39,51,2
HCP00042,15-18,Female,6009.8099999999995,115,2
HCP00042,15-18,Male,7702.5199999999995,144,3
HCP00042,19-45,Female,14414.02,260,4
HCP00042,19-45,Male,16445.25,292,3
HCP00042,9-14,Female,2425.52,45,1
HCP00042,9-14,Male,12064.24,205,3
HCP00043,15-18,Female,6317.23,110,1
HCP00043,19-45,Female,8127.67,162,1
HCP00043,19-45,Male,4610.89,82,1
HCP00043,9-14,Female,1744.76,33,1
HCP00043,9-14,Male,3127.66,56,1
HCP00044,15-18,Female,554.96,12,1
HCP00044,19-45,Female,2139.45,42,1
HCP00044,19-45,Male,2810.38,48,1
HCP00044,9-14,Female,295.7,6,1
HCP00044,9-14,Male,1085.77,20,1
HCP00045,15-18,Female,2670.85,50,3
HCP00045,15-18,Male,897.28,17,1
HCP00045,19-45,Female,6630.13,120,8
HCP00045,19-45,Male,5950.07,106,6
HCP00045,9-14,Female,4956.17,83,7
HCP00045,9-14,Male,1314.6799999999998,25,3
HCP00046,15-18,Female,1191.76,23,1
HCP00046,15-18,Male,722.04,12,1
HCP00046,19-45,Female,3756.59,67,1
HCP00046,19-45,Male,8635.41,147,2
HCP00046,9-14,Female,976.11,16,1
HCP00046,9-14,Male,2491.71,46,2
HCP00047,15-18,Female,814.8,16,1
HCP00047,15-18,Male,452.8,9,1
HCP00047,19-45,Female,1274.25,22,1
HCP00047,19-45,Male,1185.92,24,1
HCP00047,9-14,Female,775.0899999999999,15,1
HCP00047,9-14,Male,713.08,13,1
HCP00048,15-18,Female,3927.62,78,3
HCP00048,15-18,Male,6987.37,133,4
HCP00048,19-45,Female,4956.66,95,3
HCP00048,19-45,Male,11757.95,214,3
HCP00048,9-14,Female,1718.0700000000002,30,2
HCP00048,9-14,Male,4760.01,85,3
HCP00049,15-18,Female,5665.87,96,3
HCP00049,15-18,Male,5384.98,94,4
HCP00049,19-45,Female,6933.25,116,4
HCP00049,19-45,Male,6728.950000000001,123,5
HCP00049,9-14,Female,3892.79,77,5
HCP00049,9-14,Male,807.81,15,2
HCP00050,15-18,Female,2059.4700000000003,39,3
HCP00050,15-18,Male,3116.74,54,2
HCP00050,19-45,Female,3550.96,65,2
HCP00050,19-45,Male,3757.78,69,2
HCP00050,9-14,Female,3095.39,56,3
HCP00050,9-14,Male,529.39,10,1
HCP00051,15-18,Female,2023.82,35,2
HCP00051,15-18,Male,2952.22,52,2
HCP00051,19-45,Female,5469.37,92,1
HCP00051,19-45,Male,2757.8900000000003,50,2
HCP00051,9-14,Female,2755.59,50,2
HCP00051,9-14,Male,2977.69,55,2
HCP00052,15-18,Female,3758.62,72,3
HCP00052,15-18,Male,1860.6299999999999,32,3
HCP00052,19-45,Female,4623.82,87,3
HCP00052,19-45,Male,1731.35,29,1
HCP00052,9-14,Female,2619.52,47,1
HCP00052,9-14,Male,3199.8100000000004,58,2
HCP00053,15-18,Female,2241.51,35,1
HCP00053,19-45,Female,5822.93,109,1
HCP00053,19-45,Male,8764.65,142,1
HCP00053,9-14,Female,4040.46,77,1
HCP00053,9-14,Male,2743.56,57,1
HCP00054,15-18,Female,968.22,15,2
HCP00054,15-18,Male,2741.8,51,3
HCP00054,19-45,Female,3254.43,63,4
HCP00054,19-45,Male,3751.5299999999997,69,4
HCP00054,9-14,Female,2697.01,48,4
HCP00054,9-14,Male,2312.4300000000003,38,3
HCP00055,15-18,Female,1376.65,29,1
HCP00055,15-18,Male,2689.58,45,1
HCP00055,19-45,Female,4246.26,80,2
HCP00055,19-45,Male,12658.62,214,2
HCP00055,9-14,Female,1645.04,29,2
HCP00055,9-14,Male,1873.79,35,2
HCP00056,15-18,Female,2116.19,38,3
HCP00056,19-45,Female,1091.7,18,3
HCP00056,19-45,Male,1814.3999999999999,31,3
HCP00056,9-14,Female,711.9,13,2
HCP00056,9-14,Male,332.39,6,1
HCP00057,15-18,Female,3057.13,55,1
HCP00057,15-18,Male,2170.85,42,1
HCP00057,19-45,Female,2730.01,44,1
HCP00057,19-45,Male,4046.66,73,1
HCP00057,9-14,Female,1884.3200000000002,33,1
HCP00058,15-18,Male,3897.58,71,3
HCP00058,19-45,Female,12502.91,234,3
HCP00058,19-45,Male,4097.7699999999995,73,3
HCP00058,9-14,Female,1512.1200000000001,31,2
HCP00058,9-14,Male,2502.13,41,2
HCP00059,15-18,Female,2181.0699999999997,38,2
HCP00059,15-18,Male,2746.41,55,3
HCP00059,19-45,Female,7435.28,145,4
HCP00059,19-45,Male,4833.52,83,4
HCP00059,9-14,Female,1715.88,31,2
HCP00059,9-14,Male,1300.9299999999998,24,2
HCP00060,15-18,Female,892.25,14,1
HCP00060,15-18,Male,4055.3900000000003,74,3
HCP00060,19-45,Female,3788.8,66,3
HCP00060,19-45,Male,1381.39,29,1
HCP00060,9-14,Female,3394.69,66,3
HCP00061,15-18,Female,19050.12,337,1
HCP00061,15-18,Male,8187.49,165,2
HCP00061,19-45,Female,22180.64,427,2
HCP00061,19-45,Male,7072.83,143,2
HCP00061,9-14,Female,12081.55,213,2
HCP00061,9-14,Male,3394.59,61,1
HCP00062,15-18,Female,2581.71,45,1
HCP00062,15-18,Male,1103.5500000000002,20,1
HCP00062,19-45,Female,886.48,16,1
HCP00062,19-45,Male,2570.96,51,1
HCP00062,9-14,Female,542.28,10,1
HCP00062,9-14,Male,722.06,13,1
HCP00063,15-18,Female,715.17,13,1
HCP00063,15-18,Male,3393.98,65,2
HCP00063,19-45,Male,2548.41,51,1
HCP00063,9-14,Female,1926.11,34,2
HCP00063,9-14,Male,2080.09,34,2
HCP00064,15-18,Female,104.03999999999999,2,1
HCP00064,15-18,Male,50.11,1,1
HCP00064,19-45,Female,175.77,3,1
HCP00064,19-45,Male,164.03,3,1
HCP00064,9-14,Female,0.0,0,1
HCP00064,9-14,Male,114.72,2,1
HCP00065,15-18,Male,468.13,9,1
HCP00065,19-45,Female,3412.7,60,3
HCP00065,19-45,Male,2726.38,46,2
HCP00065,9-14,Female,1974.7,35,2
HCP00065,9-14,Male,2569.48,51,2
HCP00066,15-18,Female,1633.2,30,1
HCP00066,15-18,Male,2594.45,46,2
HCP00066,19-45,Female,2733.86,50,2
HCP00066,19-45,Male,2173.46,37,2
HCP00066,9-14,Female,1438.08,27,1
HCP00066,9-14,Male,1239.53,23,2
HCP00067,15-18,Female,506.62,10,1
HCP00067,15-18,Male,1856.5900000000001,34,2
HCP00067,19-45,Female,3723.94,73,2
HCP00067,19-45,Male,4998.27,94,2
HCP00067,9-14,Female,1090.03,20,2
HCP00067,9-14,Male,1239.8000000000002,23,2
HCP00068,15-18,Female,2432.84,41,2
HCP00068,15-18,Male,662.89,11,1
HCP00068,19-45,Female,5080.4,93,2
HCP00068,19-45,Male,1920.06,40,2
HCP00068,9-14,Female,2166.8,39,2
HCP00068,9-14,Male,857.22,17,2
HCP00069,15-18,Female,564.77,10,2
HCP00069,15-18,Male,232.84,5,1
HCP00069,19-45,Female,288.16,6,1
HCP00069,19-45,Male,1420.13,27,2
HCP00069,9-14,Female,568.36,9,1
HCP00069,9-14,Male,187.03,3,1
HCP00070,15-18,Female,4297.52,74,1
HCP00070,15-18,Male,7169.39,137,4
HCP00070,19-45,Female,8121.31,144,3
HCP00070,19-45,Male,7653.93,150,3
HCP00070,9-14,Female,7704.3,131,3
HCP00070,9-14,Male,2998.7599999999998,53,2
HCP00071,15-18,Female,1867.1100000000001,37,1
HCP00071,15-18,Male,4573.49,83,1
HCP00071,19-45,Female,6362.7,113,1
HCP00071,19-45,Male,4458.35,74,1
HCP00071,9-14,Female,1499.78,30,1
HCP00071,9-14,Male,1234.26,25,1
HCP00072,15-18,Female,2559.79,51,1
HCP00072,15-18,Male,2701.81,46,2
HCP00072,19-45,Female,6508.76,115,2
HCP00072,19-45,Male,4016.32,67,2
HCP00072,9-14,Female,1423.4499999999998,25,2
HCP00072,9-14,Male,1580.48,33,2
HCP00073,15-18,Female,4027.66,72,2
HCP00073,15-18,Male,994.5,20,1
HCP00073,19-45,Female,5607.04,100,4
HCP00073,19-45,Male,7867.539999999999,144,3
HCP00073,9-14,Male,747.12,13,1
HCP00074,15-18,Female,3962.88,72,2
HCP00074,15-18,Male,1821.3899999999999,39,2
HCP00074,19-45,Female,6679.49,123,2
HCP00074,19-45,Male,5419.14,96,2
HCP00074,9-14,Female,4328.87,85,2
HCP00074,9-14,Male,1634.58,29,1
HCP00075,15-18,Female,1621.83,31,2
HCP00075,15-18,Male,246.17,4,1
HCP00075,19-45,Female,2129.63,38,3
HCP00075,19-45,Male,1512.76,28,2
HCP00075,9-14,Female,247.87,4,1
HCP00075,9-14,Male,372.72,6,2
HCP00076,15-18,Female,1179.96,20,2
HCP00076,15-18,Male,783.23,17,1
HCP00076,19-45,Female,3063.3199999999997,58,2
HCP00076,19-45,Male,5957.52,106,2
HCP00076,9-14,Female,3489.41,65,2
HCP00076,9-14,Male,1345.97,21,1
HCP00077,15-18,Female,3631.01,60,1
HCP00077,15-18,Male,2268.05,40,2
HCP00077,19-45,Female,4096.56,72,2
HCP00077,19-45,Male,4050.15,73,2
HCP00077,9-14,Female,1174.1499999999999,21,2
HCP00077,9-14,Male,4258.88,71,2
HCP00078,15-18,Female,98.1,2,1
HCP00078,15-18,Male,553.96,10,1
HCP00078,19-45,Female,1025.73,18,1
HCP00078,19-45,Male,276.55,5,1
HCP00078,9-14,Female,124.12,2,1
HCP00078,9-14,Male,50.99,1,1
HCP00079,15-18,Female,1794.31,28,1
HCP00079,15-18,Male,2666.99,45,2
HCP00079,19-45,Female,9368.93,157,3
HCP00079,19-45,Male,10825.849999999999,201,3
HCP00079,9-14,Female,1495.8600000000001,31,1
HCP00079,9-14,Male,6712.889999999999,126,2
HCP00080,15-18,Female,1873.1299999999999,32,2
HCP00080,15-18,Male,3203.0,57,2
HCP00080,19-45,Female,3486.98,62,2
HCP00080,19-45,Male,6231.8,114,2
HCP00080,9-14,Female,2855.89,52,2
HCP00080,9-14,Male,1543.38,25,2
HCP00081,15-18,Female,991.31,16,1
HCP00081,15-18,Male,6496.42,121,3
HCP00081,19-45,Female,5656.31,102,4
HCP00081,19-45,Male,5653.15,99,3
HCP00081,9-14,Female,2921.44,53,4
HCP00081,9-14,Male,158.19,3,1
HCP00082,15-18,Female,1055.48,21,1
HCP00082,15-18,Male,833.1,14,1
HCP00082,19-45,Female,1508.6599999999999,29,1
HCP00082,19-45,Male,2651.08,50,1
HCP00082,9-14,Female,733.03,14,1
HCP00082,9-14,Male,1097.1299999999999,20,1
HCP00083,15-18,Female,2495.13,48,1
HCP00083,15-18,Male,775.41,13,1
HCP00083,19-45,Female,6355.96,120,1
HCP00083,19-45,Male,8597.630000000001,152,1
HCP00083,9-14,Female,3209.83,62,1
HCP00084,15-18,Female,5469.12,94,2
HCP00084,15-18,Male,1566.99,27,1
HCP00084,19-45,Female,7769.09,151,2
HCP00084,19-45,Male,4321.85,79,2
HCP00084,9-14,Female,3468.76,66,2
HCP00084,9-14,Male,2217.69,38,1
HCP00085,15-18,Female,3281.4300000000003,53,2
HCP00085,15-18,Male,2219.3199999999997,37,2
HCP00085,19-45,Female,10123.32,183,3
HCP00085,19-45,Male,6818.7699999999995,129,3
HCP00085,9-14,Female,1547.8200000000002,27,2
HCP00085,9-14,Male,1221.15,20,2
HCP00086,15-18,Female,235.08,4,1
HCP00086,15-18,Male,383.53000000000003,7,1
HCP00086,19-45,Female,1186.3899999999999,23,1
HCP00086,19-45,Male,948.24,17,1
HCP00086,9-14,Female,915.15,16,1
HCP00086,9-14,Male,668.02,14,1
HCP00087,15-18,Female,3986.0999999999995,81,3
HCP00087,15-18,Male,2322.6,40,2
HCP00087,19-45,Female,5194.05,90,4
HCP00087,19-45,Male,10381.75,186,4
HCP00087,9-14,Female,5189.85,93,3
HCP00087,9-14,Male,3549.46,68,4
HCP00088,15-18,Female,0.0,0,1
HCP00088,15-18,Male,126.07,2,1
HCP00088,19-45,Female,214.37,4,2
HCP00088,19-45,Male,459.83,8,2
HCP00088,9-14,Female,322.3,6,2
HCP00088,9-14,Male,115.03,2,2
HCP00089,15-18,Female,1465.3,27,2
HCP00089,15-18,Male,669.37,14,1
HCP00089,19-45,Female,1981.6399999999999,39,2
HCP00089,19-45,Male,6283.58,116,2
HCP00089,9-14,Female,1648.02,28,1
HCP00090,15-18,Female,3882.49,66,1
HCP00090,15-18,Male,3327.27,59,1
HCP00090,19-45,Female,7079.0,123,1
HCP00090,19-45,Male,11102.1,219,1
HCP00090,9-14,Female,3460.1099999999997,65,1
HCP00090,9-14,Male,4614.14,79,1
HCP00091,15-18,Female,615.98,12,1
HCP00091,15-18,Male,4079.25,80,1
HCP00091,19-45,Female,1311.08,27,1
HCP00091,19-45,Male,4829.47,96,1
HCP00091,9-14,Female,1157.52,23,1
HCP00091,9-14,Male,344.95,7,1
HCP00092,15-18,Male,3253.04,55,1
HCP00092,19-45,Female,16324.51,300,2
HCP00092,19-45,Male,6380.05,115,1
HCP00092,9-14,Female,3367.43,68,1
HCP00092,9-14,Male,6556.82,118,2
HCP00093,15-18,Female,2393.3199999999997,45,1
HCP00093,15-18,Male,1116.11,23,1
HCP00093,19-45,Female,5545.1900000000005,105,1
HCP00093,19-45,Male,9086.7,160,1
HCP00093,9-14,Female,1961.94,38,1
HCP00093,9-14,Male,3412.27,66,1
HCP00094,15-18,Female,0.0,0,1
HCP00094,15-18,Male,49.24,1,1
HCP00094,19-45,Female,45.6,1,1
HCP00094,19-45,Male,100.69,2,1
HCP00094,9-14,Female,0.0,0,1
HCP00094,9-14,Male,107.49000000000001,2,1
HCP00095,15-18,Female,303.95000000000005,5,3
HCP00095,15-18,Male,442.75,8,5
HCP00095,19-45,Female,874.6700000000001,15,4
HCP00095,19-45,Male,55.7,1,1
HCP00095,9-14,Female,149.19,3,2
HCP00095,9-14,Male,390.07,7,5
HCP00096,15-18,Female,1419.7,27,2
HCP00096,15-18,Male,145.36,3,1
HCP00096,19-45,Female,898.3800000000001,16,2
HCP00096,19-45,Male,1791.76,30,2
HCP00096,9-14,Female,714.3199999999999,13,2
HCP00096,9-14,Male,704.88,12,2
HCP00097,15-18,Female,1543.73,29,3
HCP00097,15-18,Male,1215.19,22,2
HCP00097,19-45,Female,4592.27,84,6
HCP00097,19-45,Male,1794.69,32,4
HCP00097,9-14,Female,1600.82,29,3
HCP00097,9-14,Male,2032.1599999999999,37,3
HCP00098,15-18,Female,1456.3899999999999,24,4
HCP00098,15-18,Male,2296.11,40,6
HCP00098,19-45,Female,1881.16,39,5
HCP00098,19-45,Male,1762.0,35,4
HCP00098,9-14,Female,1068.54,20,2
HCP00098,9-14,Male,475.87,8,2
HCP00099,15-18,Female,1335.3799999999999,24,2
HCP00099,19-45,Female,5012.85,99,2
HCP00099,19-45,Male,7313.889999999999,137,3
HCP00099,9-14,Female,796.33,16,1
HCP00099,9-14,Male,1826.55,34,3
HCP00100,15-18,Female,183.94,3,1
HCP00100,15-18,Male,2292.7799999999997,41,2
HCP00100,19-45,Female,3237.29,56,2
HCP00100,19-45,Male,3193.74,60,2
HCP00100,9-14,Female,1103.3899999999999,21,1
HCP00100,9-14,Male,2983.17,57,2
HCP00101,15-18,Female,2025.6799999999998,38,3
HCP00101,15-18,Male,315.55,7,1
HCP00101,19-45,Female,2098.98,44,2
HCP00101,19-45,Male,13242.41,234,3
HCP00101,9-14,Female,2748.42,57,1
HCP00101,9-14,Male,4944.94,84,4
HCP00102,15-18,Female,1969.54,41,2
HCP00102,19-45,Female,24767.66,438,3
HCP00102,19-45,Male,8496.25,169,2
HCP00102,9-14,Male,2148.1,40,2
HCP00103,15-18,Female,874.92,14,1
HCP00103,15-18,Male,2565.28,48,2
HCP00103,19-45,Female,1073.65,18,1
HCP00103,19-45,Male,4271.6900000000005,82,2
HCP00103,9-14,Female,5067.0599999999995,99,2
HCP00103,9-14,Male,2923.44,56,2
HCP00104,15-18,Female,10972.08,192,1
HCP00104,15-18,Male,7310.4400000000005,149,1
HCP00104,19-45,Female,13253.87,246,1
HCP00104,19-45,Male,13071.35,228,1
HCP00104,9-14,Female,7678.87,126,1
HCP00104,9-14,Male,8196.77,140,1
HCP00105,15-18,Female,1193.08,25,1
HCP00105,15-18,Male,8659.61,154,2
HCP00105,19-45,Female,8500.44,164,3
HCP00105,19-45,Male,9242.51,151,3
HCP00105,9-14,Female,4029.02,76,2
HCP00105,9-14,Male,2019.0900000000001,35,2
HCP00106,15-18,Female,1317.58,22,1
HCP00106,15-18,Male,526.77,10,1
HCP00106,19-45,Female,1081.07,20,1
HCP00106,19-45,Male,3583.73,64,1
HCP00106,9-14,Female,571.62,10,1
HCP00106,9-14,Male,727.69,16,1
HCP00107,15-18,Female,212.32,4,1
HCP00107,15-18,Male,542.68,9,2
HCP00107,19-45,Female,1388.27,27,2
HCP00107,19-45,Male,362.12,7,1
HCP00107,9-14,Female,231.83999999999997,4,2
HCP00107,9-14,Male,186.98,3,1
HCP00108,15-18,Female,6828.21,122,1
HCP00108,19-45,Female,1455.43,24,1
HCP00108,19-45,Male,1892.9099999999999,39,1
HCP00108,9-14,Female,810.29,13,1
HCP00108,9-14,Male,1458.83,26,1
HCP00109,15-18,Female,2828.89,59,2
HCP00109,15-18,Male,731.87,13,1
HCP00109,19-45,Female,10072.619999999999,186,2
HCP00109,19-45,Male,7614.1,131,2
HCP00109,9-14,Female,3202.11,54,2
HCP00109,9-14,Male,2184.1,45,1
HCP00110,15-18,Female,1272.4099999999999,23,2
HCP00110,15-18,Male,2188.45,39,2
HCP00110,19-45,Female,5672.04,100,2
HCP00110,19-45,Male,2539.69,49,2
HCP00110,9-14,Female,985.18,17,2
HCP00110,9-14,Male,1009.8199999999999,19,1
HCP00111,15-18,Female,49.14,1,2
HCP00111,15-18,Male,0.0,0,1
HCP00111,19-45,Female,262.17,5,2
HCP00111,19-45,Male,455.01,9,2
HCP00111,9-14,Female,566.33,10,3
HCP00111,9-14,Male,0.0,0,1
HCP00112,15-18,Female,5204.65,92,2
HCP00112,15-18,Male,9340.18,162,2
HCP00112,19-45,Female,13044.689999999999,225,3
HCP00112,19-45,Male,26219.07,482,4
HCP00112,9-14,Female,2960.87,54,1
HCP00112,9-14,Male,10080.54,185,3
HCP00113,15-18,Female,107.28999999999999,2,1
HCP00113,15-18,Male,5074.1900000000005,94,2
HCP00113,19-45,Female,4289.79,71,2
HCP00113,19-45,Male,5572.07,107,2
HCP00113,9-14,Female,5066.24,100,2
HCP00113,9-14,Male,1322.76,27,2
HCP00114,15-18,Female,247.4,5,1
HCP00114,15-18,Male,2547.67,43,2
HCP00114,19-45,Female,1654.57,29,2
HCP00114,19-45,Male,4415.42,76,2
HCP00114,9-14,Female,2247.1800000000003,41,2
HCP00114,9-14,Male,619.95,10,1
HCP00115,15-18,Female,3227.03,55,3
HCP00115,15-18,Male,544.89,11,2
HCP00115,19-45,Female,2303.05,44,3
HCP00115,19-45,Male,3375.56,56,3
HCP00115,9-14,Female,1244.21,24,4
HCP00115,9-14,Male,1969.33,37,5
HCP00116,15-18,Female,3841.23,72,2
HCP00116,15-18,Male,1413.83,23,1
HCP00116,19-45,Female,3079.26,57,2
HCP00116,19-45,Male,7265.16,129,2
HCP00116,9-14,Female,3336.67,58,2
HCP00116,9-14,Male,1588.98,27,2
HCP00117,15-18,Female,1250.53,23,3
HCP00117,15-18,Male,887.3399999999999,16,2
HCP00117,19-45,Female,857.78,16,3
HCP00117,19-45,Male,327.9,6,2
HCP00117,9-14,Female,1612.3899999999999,31,2
HCP00117,9-14,Male,281.34,5,2
HCP00118,15-18,Female,639.3199999999999,11,1
HCP00118,19-45,Female,1642.1399999999999,33,1
HCP00118,19-45,Male,1725.32,31,1
HCP00118,9-14,Female,954.86,18,1
HCP00118,9-14,Male,882.01,15,1
HCP00119,15-18,Female,945.65,17,2
HCP00119,15-18,Male,899.22,16,2
HCP00119,19-45,Female,1763.55,33,2
HCP00119,19-45,Male,1375.28,26,3
HCP00119,9-14,Female,556.51,11,1
HCP00119,9-14,Male,1368.98,24,4
HCP00120,15-18,Female,1461.13,28,2
HCP00120,15-18,Male,2769.3999999999996,48,4
HCP00120,19-45,Male,4027.48,76,3
HCP00120,9-14,Female,1875.11,35,2
HCP00120,9-14,Male,4816.26,89,8
HCP00121,15-18,Female,1152.13,21,1
HCP00121,15-18,Male,1039.26,20,1
HCP00121,19-45,Female,3588.46,68,2
HCP00121,19-45,Male,673.28,14,2
HCP00121,9-14,Female,1936.3200000000002,37,2
HCP00121,9-14,Male,1031.45,17,1
HCP00122,15-18,Female,1011.29,19,1
HCP00122,15-18,Male,443.09,7,2
HCP00122,19-45,Female,1308.25,24,2
HCP00122,19-45,Male,2585.5,45,2
HCP00122,9-14,Male,946.9,18,2
HCP00123,15-18,Female,1612.87,32,2
HCP00123,15-18,Male,1419.56,29,2
HCP00123,19-45,Female,5753.09,100,2
HCP00123,19-45,Male,3709.71,68,2
HCP00123,9-14,Female,1938.52,37,2
HCP00123,9-14,Male,6703.5599999999995,122,2
HCP00124,15-18,Female,2849.54,51,1
HCP00124,15-18,Male,1066.8000000000002,18,1
HCP00124,19-45,Female,2439.5299999999997,44,1
HCP00124,19-45,Male,3946.1400000000003,71,1
HCP00124,9-14,Female,1738.15,35,1
HCP00124,9-14,Male,1721.04,33,1
HCP00125,15-18,Female,2053.84,38,2
HCP00125,15-18,Male,1505.54,29,2
HCP00125,19-45,Female,2342.3,43,2
HCP00125,19-45,Male,3768.23,73,2
HCP00125,9-14,Female,275.23,6,1
HCP00125,9-14,Male,1020.5799999999999,19,2
HCP00126,15-18,Female,2584.51,41,1
HCP00126,15-18,Male,7154.28,123,2
HCP00126,19-45,Female,6117.700000000001,115,2
HCP00126,19-45,Male,8150.459999999999,150,2
HCP00126,9-14,Female,1427.23,27,1
HCP00126,9-14,Male,1972.54,37,1
HCP00127,15-18,Female,887.77,16,2
HCP00127,15-18,Male,185.89999999999998,3,2
HCP00127,19-45,Female,858.1700000000001,16,3
HCP00127,19-45,Male,1378.98,26,3
HCP00127,9-14,Female,469.1,8,2
HCP00128,15-18,Female,465.24,8,1
HCP00128,15-18,Male,331.95000000000005,7,1
HCP00128,19-45,Female,1503.2,28,2
HCP00128,19-45,Male,281.48,6,1
HCP00128,9-14,Female,680.06,12,2
HCP00128,9-14,Male,153.84,3,1
HCP00129,15-18,Female,1440.68,26,2
HCP00129,15-18,Male,3853.41,70,5
HCP00129,19-45,Female,762.06,16,2
HCP00129,19-45,Male,4623.0599999999995,88,4
HCP00129,9-14,Female,1204.09,22,3
HCP00129,9-14,Male,2979.38,56,3
HCP00130,15-18,Female,757.63,13,1
HCP00130,19-45,Female,1656.53,29,2
HCP00130,19-45,Male,999.93,20,2
HCP00130,9-14,Female,336.29999999999995,6,2
HCP00130,9-14,Male,161.05,3,1
HCP00131,15-18,Female,1305.94,24,1
HCP00131,15-18,Male,508.68,11,1
HCP00131,19-45,Female,1464.56,26,1
HCP00131,19-45,Male,1666.37,30,1
HCP00131,9-14,Female,1166.08,21,1
HCP00131,9-14,Male,1083.46,19,1
HCP00132,15-18,Female,154.58,3,1
HCP00132,15-18,Male,2309.9700000000003,45,5
HCP00132,19-45,Female,2068.58,37,5
HCP00132,19-45,Male,4330.3,81,7
HCP00132,9-14,Female,1015.09,19,3
HCP00132,9-14,Male,202.79,4,1
HCP00133,15-18,Female,5209.849999999999,95,2
HCP00133,15-18,Male,7731.87,136,2
HCP00133,19-45,Female,15067.59,273,3
HCP00133,19-45,Male,21880.34,399,4
HCP00133,9-14,Female,8555.3,152,3
HCP00133,9-14,Male,10626.55,195,4
HCP00134,15-18,Female,4702.93,94,1
HCP00134,15-18,Male,1662.18,29,2
HCP00134,19-45,Female,3948.82,71,3
HCP00134,19-45,Male,9232.32,166,3
HCP00134,9-14,Female,600.7,12,2
HCP00134,9-14,Male,431.89,8,1
HCP00135,15-18,Female,5040.51,88,1
HCP00135,15-18,Male,1004.39,17,1
HCP00135,19-45,Female,1643.79,32,1
HCP00135,19-45,Male,3108.2999999999997,64,1
HCP00135,9-14,Female,4262.34,79,1
HCP00135,9-14,Male,2841.4100000000003,48,1
HCP00136,15-18,Female,11382.94,212,1
HCP00136,19-45,Female,22901.84,435,1
HCP00136,19-45,Male,12769.44,244,1
HCP00136,9-14,Female,14409.35,269,1
HCP00136,9-14,Male,4980.08,94,1
HCP00137,15-18,Female,1518.4,33,1
HCP00137,15-18,Male,1641.83,35,1
HCP00137,19-45,Female,3949.81,79,1
HCP00137,19-45,Male,3105.22,52,1
HCP00137,9-14,Female,1771.53,32,1
HCP00137,9-14,Male,2207.07,40,1
HCP00138,15-18,Female,6653.17,115,2
HCP00138,15-18,Male,14526.06,260,2
HCP00138,19-45,Female,11175.69,207,2
HCP00138,19-45,Male,13344.2,235,1
HCP00138,9-14,Female,11363.0,198,2
HCP00138,9-14,Male,14984.53,266,2
HCP00139,15-18,Female,1041.62,18,2
HCP00139,15-18,Male,1372.7,23,3
HCP00139,19-45,Female,1471.5900000000001,25,3
HCP00139,19-45,Male,2753.49,50,3
HCP00139,9-14,Female,731.8399999999999,13,3
HCP00139,9-14,Male,1078.59,18,1
HCP00140,15-18,Female,460.51,8,1
HCP00140,15-18,Male,1970.5700000000002,38,2
HCP00140,19-45,Female,4601.6,78,2
HCP00140,19-45,Male,4986.28,90,2
HCP00140,9-14,Male,1081.52,23,2
HCP00141,15-18,Female,2870.45,52,1
HCP00141,15-18,Male,10364.65,176,3
HCP00141,19-45,Female,25852.92,495,11
HCP00141,19-45,Male,13433.79,222,3
HCP00141,9-14,Female,6273.44,110,3
HCP00141,9-14,Male,10911.25,177,5
HCP00142,15-18,Female,1399.75,27,1
HCP00142,15-18,Male,5658.91,105,2
HCP00142,19-45,Female,6395.75,118,4
HCP00142,19-45,Male,6963.39,125,3
HCP00142,9-14,Female,3285.7799999999997,63,3
HCP00142,9-14,Male,3902.36,69,3
HCP00143,15-18,Female,2697.84,48,1
HCP00143,15-18,Male,7066.08,116,1
HCP00143,19-45,Female,2521.85,48,1
HCP00143,19-45,Male,1666.38,31,1
HCP00143,9-14,Female,924.9,20,1
HCP00143,9-14,Male,1054.1100000000001,20,1
HCP00144,15-18,Female,1850.99,38,2
HCP00144,15-18,Male,2562.46,47,3
HCP00144,19-45,Female,5061.22,85,3
HCP00144,19-45,Male,1658.26,28,2
HCP00144,9-14,Female,2548.76,44,3
HCP00144,9-14,Male,3872.6,74,3
HCP00145,15-18,Female,1275.62,21,1
HCP00145,15-18,Male,7948.400000000001,142,1
HCP00145,19-45,Female,5966.18,112,1
HCP00145,19-45,Male,5138.46,104,1
HCP00145,9-14,Female,2634.91,45,1
HCP00145,9-14,Male,3007.13,54,1
HCP00146,15-18,Female,926.97,16,1
HCP00146,15-18,Male,2402.58,39,2
HCP00146,19-45,Female,8366.74,150,2
HCP00146,19-45,Male,6184.35,107,2
HCP00146,9-14,Male,1356.32,23,2
HCP00147,15-18,Female,90.64,2,1
HCP00147,15-18,Male,630.1899999999999,11,2
HCP00147,19-45,Female,1285.3,23,2
HCP00147,19-45,Male,596.66,10,2
HCP00147,9-14,Female,560.23,10,2
HCP00147,9-14,Male,444.84,7,1
HCP00148,15-18,Female,2007.15,39,1
HCP00148,15-18,Male,4250.8099999999995,79,2
HCP00148,19-45,Female,7707.41,137,1
HCP00148,19-45,Male,7528.52,147,2
HCP00148,9-14,Female,1417.67,25,1
HCP00148,9-14,Male,1458.3,23,1
HCP00149,15-18,Female,6830.7,125,5
HCP00149,15-18,Male,5001.75,82,4
HCP00149,19-45,Female,11124.22,195,9
HCP00149,19-45,Male,4546.469999999999,85,3
HCP00149,9-14,Female,1948.46,40,3
HCP00149,9-14,Male,2200.38,41,3
HCP00150,15-18,Female,1578.2,28,2
HCP00150,15-18,Male,2092.66,43,1
HCP00150,19-45,Female,6415.87,117,2
HCP00150,19-45,Male,4613.58,81,2
HCP00150,9-14,Female,2385.14,43,2
HCP00150,9-14,Male,1402.54,25,2
HCP00151,15-18,Female,1274.4099999999999,26,2
HCP00151,19-45,Female,3154.2700000000004,61,3
HCP00151,19-45,Male,4695.23,85,3
HCP00151,9-14,Female,674.5799999999999,12,2
HCP00151,9-14,Male,2152.48,40,2
HCP00152,15-18,Female,4978.6,86,2
HCP00152,15-18,Male,4395.610000000001,87,3
HCP00152,19-45,Female,6894.9400000000005,122,2
HCP00152,19-45,Male,7192.03,124,3
HCP00152,9-14,Female,5895.63,107,3
HCP00152,9-14,Male,3868.11,66,3
HCP00153,15-18,Female,2643.91,49,2
HCP00153,15-18,Male,4195.27,78,3
HCP00153,19-45,Female,10322.39,190,4
HCP00153,19-45,Male,7518.31,141,4
HCP00153,9-14,Female,1199.46,22,2
HCP00153,9-14,Male,5843.24,110,4
HCP00154,15-18,Female,4087.96,73,3
HCP00154,15-18,Male,1753.53,29,2
HCP00154,19-45,Female,5996.41,110,3
HCP00154,19-45,Male,4733.87,89,3
HCP00154,9-14,Female,456.47,9,1
HCP00154,9-14,Male,2447.4700000000003,43,3
HCP00155,15-18,Female,857.1600000000001,15,3
HCP00155,19-45,Female,848.14,15,3
HCP00155,19-45,Male,581.11,10,2
HCP00155,9-14,Female,485.03999999999996,10,4
HCP00155,9-14,Male,545.41,10,3
HCP00156,15-18,Male,1614.1000000000001,31,2
HCP00156,19-45,Female,3425.5,61,2
HCP00156,19-45,Male,5135.53,93,3
HCP00156,9-14,Female,723.81,16,1
HCP00156,9-14,Male,518.03,8,1
HCP00157,15-18,Female,2357.13,42,1
HCP00157,15-18,Male,3495.66,74,1
HCP00157,19-45,Female,6096.62,107,1
HCP00157,19-45,Male,3986.33,76,1
HCP00157,9-14,Female,959.3,21,1
HCP00157,9-14,Male,843.4,13,1
HCP00158,15-18,Female,567.91,10,1
HCP00158,15-18,Male,360.78,6,1
HCP00158,19-45,Female,1558.05,27,1
HCP00158,19-45,Male,3597.3199999999997,62,1
HCP00158,9-14,Female,1052.97,17,1
HCP00158,9-14,Male,1509.4099999999999,27,1
HCP00159,15-18,Female,1701.98,32,3
HCP00159,15-18,Male,666.16,11,2
HCP00159,19-45,Female,497.87,10,1
HCP00159,19-45,Male,231.18,4,2
HCP00159,9-14,Female,710.51,12,2
HCP00159,9-14,Male,0.0,0,1
HCP00160,15-18,Female,1172.72,20,1
HCP00160,15-18,Male,2602.65,46,1
HCP00160,19-45,Female,4269.64,75,1
HCP00160,19-45,Male,5380.83,97,1
HCP00160,9-14,Female,753.05,14,1
HCP00161,15-18,Female,2675.4900000000002,51,2
HCP00161,15-18,Male,2287.21,46,1
HCP00161,19-45,Female,5368.2,98,2
HCP00161,19-45,Male,6767.110000000001,122,2
HCP00161,9-14,Female,2149.05,39,2
HCP00161,9-14,Male,2630.05,46,2
HCP00162,15-18,Female,5004.360000000001,87,1
HCP00162,15-18,Male,4754.6,92,1
HCP00162,19-45,Female,6115.42,109,1
HCP00162,19-45,Male,4992.48,88,1
HCP00162,9-14,Female,2790.1499999999996,47,1
HCP00162,9-14,Male,1404.73,26,1
HCP00163,15-18,Female,2303.09,42,1
HCP00163,15-18,Male,634.4200000000001,13,1
HCP00163,19-45,Female,1542.63,28,1
HCP00163,19-45,Male,2285.94,44,1
HCP00163,9-14,Female,460.7,8,1
HCP00163,9-14,Male,691.6400000000001,12,1
HCP00164,15-18,Female,1047.3600000000001,18,2
HCP00164,15-18,Male,1383.6599999999999,27,1
HCP00164,19-45,Female,941.89,19,2
HCP00164,19-45,Male,2654.4300000000003,49,2
HCP00164,9-14,Female,408.33,8,2
HCP00164,9-14,Male,107.04,2,1
HCP00165,15-18,Female,1297.33,27,2
HCP00165,15-18,Male,3077.86,55,3
HCP00165,19-45,Female,3187.5499999999997,60,3
HCP00165,19-45,Male,1489.69,28,2
HCP00165,9-14,Female,2208.67,36,3
HCP00165,9-14,Male,858.51,16,2
HCP00166,15-18,Female,893.85,16,2
HCP00166,15-18,Male,2495.41,46,2
HCP00166,19-45,Female,3017.04,60,3
HCP00166,19-45,Male,3671.38,66,3
HCP00166,9-14,Female,2604.26,48,3
HCP00167,15-18,Female,3729.04,66,2
HCP00167,15-18,Male,9293.55,170,4
HCP00167,19-45,Female,5327.6900000000005,103,3
HCP00167,19-45,Male,5285.46,106,3
HCP00167,9-14,Female,2456.9700000000003,43,1
HCP00167,9-14,Male,2373.0299999999997,48,2
HCP00168,15-18,Female,6402.82,120,2
HCP00168,15-18,Male,3716.82,66,2
HCP00168,19-45,Female,6658.47,123,2
HCP00168,19-45,Male,2844.09,48,2
HCP00168,9-14,Female,4067.58,63,1
HCP00168,9-14,Male,4214.4,89,2
HCP00169,15-18,Male,1661.6799999999998,30,3
HCP00169,19-45,Female,2968.37,49,2
HCP00169,19-45,Male,7873.08,139,3
HCP00169,9-14,Female,1628.2,31,2
HCP00169,9-14,Male,1920.88,31,3
HCP00170,15-18,Female,307.86,5,2
HCP00170,15-18,Male,1473.17,26,1
HCP00170,19-45,Female,399.65,7,2
HCP00170,19-45,Male,2702.7200000000003,45,3
HCP00170,9-14,Female,426.01,7,1
HCP00170,9-14,Male,1056.06,18,3
HCP00171,15-18,Female,1227.86,22,1
HCP00171,15-18,Male,3634.86,67,1
HCP00171,19-45,Female,2459.25,45,1
HCP00171,19-45,Male,9133.41,167,1
HCP00171,9-14,Female,1891.34,35,1
HCP00171,9-14,Male,1664.14,32,1
HCP00172,15-18,Female,950.47,17,2
HCP00172,15-18,Male,767.45,14,2
HCP00172,19-45,Female,2853.5699999999997,53,2
HCP00172,19-45,Male,294.89,5,1
HCP00172,9-14,Female,492.23,8,1
HCP00172,9-14,Male,225.01,5,1
HCP00173,15-18,Female,741.25,15,1
HCP00173,15-18,Male,2264.34,47,2
HCP00173,19-45,Female,6172.17,106,3
HCP00173,19-45,Male,11631.21,206,3
HCP00173,9-14,Female,3799.88,64,1
HCP00173,9-14,Male,4405.07,76,4
HCP00174,15-18,Female,7081.57,129,2
HCP00174,15-18,Male,2223.73,37,1
HCP00174,19-45,Female,5752.610000000001,101,2
HCP00174,19-45,Male,2620.2,48,1
HCP00174,9-14,Female,4620.82,82,2
HCP00174,9-14,Male,1937.35,33,2
HCP00175,15-18,Female,370.25,7,1
HCP00175,15-18,Male,322.66,5,1
HCP00175,19-45,Female,1958.6,36,1
HCP00175,19-45,Male,2308.44,40,1
HCP00175,9-14,Female,979.24,18,1
HCP00175,9-14,Male,548.56,10,1
HCP00176,15-18,Female,2923.55,55,2
HCP00176,15-18,Male,3936.65,74,2
HCP00176,19-45,Female,5675.64,103,3
HCP00176,19-45,Male,6103.05,117,3
HCP00176,9-14,Female,299.44,6,1
HCP00176,9-14,Male,1658.07,29,3
HCP00177,15-18,Female,1384.1,28,1
HCP00177,15-18,Male,3712.71,58,1
HCP00177,19-45,Female,8460.78,174,2
HCP00177,19-45,Male,9036.130000000001,148,2
HCP00177,9-14,Female,2047.91,40,2
HCP00177,9-14,Male,943.51,20,1
HCP00178,15-18,Female,6248.879999999999,117,2
HCP00178,15-18,Male,3165.2799999999997,53,2
HCP00178,19-45,Female,8740.7,156,3
HCP00178,19-45,Male,11400.59,217,3
HCP00178,9-14,Female,4198.03,69,2
HCP00178,9-14,Male,5676.110000000001,104,2
HCP00179,15-18,Female,670.34,11,1
HCP00179,19-45,Female,1447.61,26,1
HCP00179,19-45,Male,1388.0,25,1
HCP00179,9-14,Female,813.1500000000001,15,1
HCP00179,9-14,Male,544.47,10,1
HCP00180,15-18,Female,52.18,1,1
HCP00180,15-18,Male,1399.55,23,2
HCP00180,19-45,Female,2945.5,55,2
HCP00180,19-45,Male,1343.96,22,2
HCP00180,9-14,Female,3616.83,66,2
HCP00180,9-14,Male,1569.25,26,1
HCP00181,15-18,Female,551.22,11,1
HCP00181,15-18,Male,461.52,9,1
HCP00181,19-45,Female,2600.01,48,1
HCP00181,19-45,Male,2638.48,46,1
HCP00181,9-14,Female,788.65,15,1
HCP00181,9-14,Male,944.46,16,1
HCP00182,15-18,Female,231.77,4,1
HCP00182,15-18,Male,3184.37,61,2
HCP00182,19-45,Female,1691.3600000000001,32,2
HCP00182,19-45,Male,2912.4900000000002,57,2
HCP00182,9-14,Female,186.33,3,1
HCP00182,9-14,Male,1560.33,29,2
HCP00183,15-18,Female,164.17,3,1
HCP00183,15-18,Male,244.77,4,2
HCP00183,19-45,Female,567.81,10,2
HCP00183,19-45,Male,194.65,4,2
HCP00183,9-14,Female,394.83,7,1
HCP00183,9-14,Male,355.56,6,2
HCP00184,15-18,Female,391.96000000000004,8,2
HCP00184,15-18,Male,1531.87,26,2
HCP00184,19-45,Female,907.2,18,2
HCP00184,19-45,Male,1332.65,25,2
HCP00184,9-14,Female,841.0899999999999,14,1
HCP00184,9-14,Male,1522.11,28,2
HCP00185,15-18,Female,464.45000000000005,8,1
HCP00185,15-18,Male,573.21,10,1
HCP00185,19-45,Female,262.53,5,1
HCP00185,19-45,Male,998.24,18,1
HCP00185,9-14,Female,515.44,10,1
HCP00185,9-14,Male,312.35,6,1
HCP00186,15-18,Female,142.1,3,1
HCP00186,15-18,Male,149.38,3,2
HCP00186,19-45,Female,57.73,1,2
HCP00186,19-45,Male,827.9399999999999,15,2
HCP00186,9-14,Female,256.77,5,2
HCP00187,15-18,Female,186.74,3,1
HCP00187,15-18,Male,1493.68,29,7
HCP00187,19-45,Female,2276.7999999999997,41,6
HCP00187,19-45,Male,2232.85,42,8
HCP00187,9-14,Female,529.8399999999999,10,4
HCP00187,9-14,Male,614.49,12,3
HCP00188,15-18,Female,47.82,1,2
HCP00188,15-18,Male,113.3,2,4
HCP00188,19-45,Female,162.41,3,4
HCP00188,19-45,Male,374.1,7,7
HCP00188,9-14,Female,61.53,1,4
HCP00188,9-14,Male,0.0,0,1
HCP00189,15-18,Female,3242.48,62,2
HCP00189,15-18,Male,2116.4300000000003,38,2
HCP00189,19-45,Female,7571.76,133,3
HCP00189,19-45,Male,1868.7199999999998,33,2
HCP00189,9-14,Female,442.58,8,1
HCP00189,9-14,Male,2648.9,50,3
HCP00190,15-18,Female,5874.14,106,1
HCP00190,19-45,Female,5771.0599999999995,110,2
HCP00190,19-45,Male,14602.66,264,2
HCP00190,9-14,Female,1657.94,36,1
HCP00190,9-14,Male,1883.39,31,1
HCP00191,15-18,Female,912.51,17,1
HCP00191,15-18,Male,870.97,17,1
HCP00191,19-45,Female,1376.6799999999998,24,1
HCP00191,19-45,Male,4221.61,77,1
HCP00191,9-14,Female,1301.27,21,1
HCP00191,9-14,Male,1166.42,22,1
HCP00192,15-18,Female,485.71,9,1
HCP00192,15-18,Male,254.19,4,1
HCP00192,19-45,Female,1332.38,25,2
HCP00192,19-45,Male,1370.27,23,2
HCP00192,9-14,Female,180.93,3,1
HCP00192,9-14,Male,895.24,16,2
HCP00193,15-18,Female,614.3100000000001,13,1
HCP00193,15-18,Male,194.1,3,1
HCP00193,19-45,Female,1789.4099999999999,32,1
HCP00193,19-45,Male,2424.54,42,1
HCP00194,15-18,Female,2630.25,53,4
HCP00194,15-18,Male,3031.73,56,5
HCP00194,19-45,Female,3227.97,63,4
HCP00194,19-45,Male,6361.3,128,10
HCP00194,9-14,Female,1397.6100000000001,24,2
HCP00194,9-14,Male,3745.27,69,6
HCP00195,15-18,Female,2235.7799999999997,39,1
HCP00195,15-18,Male,3272.16,56,2
HCP00195,19-45,Female,12641.67,219,2
HCP00195,19-45,Male,13572.67,250,2
HCP00195,9-14,Female,5854.05,106,2
HCP00195,9-14,Male,1402.3,27,1
HCP00196,15-18,Female,2315.2200000000003,38,1
HCP00196,15-18,Male,1033.85,19,1
HCP00196,19-45,Female,3097.0699999999997,58,1
HCP00196,19-45,Male,2106.72,35,1
HCP00196,9-14,Female,918.61,18,1
HCP00196,9-14,Male,1056.08,19,1
HCP00197,15-18,Female,3272.26,59,4
HCP00197,15-18,Male,3356.51,59,5
HCP00197,19-45,Female,6257.36,110,7
HCP00197,19-45,Male,7594.65,130,8
HCP00198,15-18,Female,532.65,11,1
HCP00198,15-18,Male,5426.620000000001,94,3
HCP00198,19-45,Female,6807.530000000001,132,2
HCP00198,19-45,Male,5240.139999999999,105,2
HCP00198,9-14,Male,2569.94,42,2
HCP00199,15-18,Female,2210.11,41,1
HCP00199,15-18,Male,14608.77,265,2
HCP00199,19-45,Female,10832.44,195,4
HCP00199,19-45,Male,22541.57,405,4
HCP00199,9-14,Female,7635.68,138,3
HCP00199,9-14,Male,1010.35,18,1
HCP00200,15-18,Female,8121.45,145,4
HCP00200,15-18,Male,2727.71,58,3
HCP00200,19-45,Female,8746.970000000001,156,3
HCP00200,19-45,Male,6234.820000000001,104,4
HCP00200,9-14,Female,1796.6100000000001,38,2
HCP00200,9-14,Male,3567.93,60,3
HCP00201,15-18,Female,2121.59,40,4
HCP00201,15-18,Male,2810.61,56,4
HCP00201,19-45,Female,5261.650000000001,93,6
HCP00201,19-45,Male,5722.0599999999995,100,5
HCP00201,9-14,Female,2703.03,49,3
HCP00201,9-14,Male,1150.92,19,3
HCP00202,15-18,Female,1182.98,20,1
HCP00202,15-18,Male,3840.87,72,2
HCP00202,19-45,Female,5584.52,95,2
HCP00202,19-45,Male,7200.679999999999,124,2
HCP00202,9-14,Female,1110.1200000000001,19,2
HCP00202,9-14,Male,1239.45,20,1
HCP00203,15-18,Female,5753.82,101,4
HCP00203,15-18,Male,7159.12,125,4
HCP00203,19-45,Female,6454.59,121,4
HCP00203,19-45,Male,6302.57,121,4
HCP00203,9-14,Female,3151.2,59,3
HCP00203,9-14,Male,3188.17,55,2
HCP00204,15-18,Female,406.07,9,1
HCP00204,15-18,Male,4089.27,70,1
HCP00204,19-45,Female,2717.67,49,1
HCP00204,19-45,Male,3705.64,71,1
HCP00204,9-14,Male,2975.42,50,1
HCP00205,15-18,Female,1198.63,21,3
HCP00205,15-18,Male,468.95,9,2
HCP00205,19-45,Female,1758.5,28,3
HCP00205,19-45,Male,2420.94,46,4
HCP00205,9-14,Female,903.52,18,2
HCP00205,9-14,Male,1797.45,32,4
HCP00206,15-18,Female,8475.34,141,1
HCP00206,15-18,Male,10970.05,221,1
HCP00206,19-45,Female,24657.510000000002,426,1
HCP00206,19-45,Male,7280.139999999999,125,1
HCP00206,9-14,Female,8730.86,153,1
HCP00206,9-14,Male,2910.7799999999997,61,1
HCP00207,15-18,Female,6924.46,115,1
HCP00207,15-18,Male,6084.46,111,1
HCP00207,19-45,Female,27546.26,517,1
HCP00207,19-45,Male,13037.98,267,1
HCP00207,9-14,Female,10238.380000000001,194,1
HCP00207,9-14,Male,5002.3099999999995,88,1
HCP00208,15-18,Female,1446.73,25,1
HCP00208,15-18,Male,8993.45,168,1
HCP00208,19-45,Female,7445.76,137,1
HCP00208,19-45,Male,11826.98,211,1
HCP00208,9-14,Female,6440.96,119,1
HCP00208,9-14,Male,3468.45,58,1
HCP00209,15-18,Female,800.19,14,2
HCP00209,15-18,Male,2527.25,43,2
HCP00209,19-45,Female,2647.57,46,2
HCP00209,19-45,Male,2648.42,52,2
HCP00209,9-14,Female,388.66,7,1
HCP00210,15-18,Female,628.06,11,1
HCP00210,15-18,Male,708.87,13,1
HCP00210,19-45,Female,2250.06,41,1
HCP00210,19-45,Male,4047.95,71,1
HCP00210,9-14,Female,409.56,9,1
HCP00210,9-14,Male,1687.71,30,1
HCP00211,15-18,Female,3304.72,67,2
HCP00211,15-18,Male,2431.46,44,2
HCP00211,19-45,Female,1959.44,39,2
HCP00211,19-45,Male,3096.27,56,2
HCP00211,9-14,Female,2399.93,46,2
HCP00211,9-14,Male,729.89,14,1
HCP00212,15-18,Female,443.94,8,3
HCP00212,15-18,Male,1408.48,26,3
HCP00212,19-45,Female,1451.51,25,4
HCP00212,19-45,Male,2158.98,36,3
HCP00212,9-14,Female,187.62,3,1
HCP00212,9-14,Male,695.02,12,3
HCP00213,15-18,Female,373.61,6,1
HCP00213,15-18,Male,635.1800000000001,12,1
HCP00213,19-45,Female,589.81,11,1
HCP00213,19-45,Male,262.08,5,1
HCP00213,9-14,Male,840.44,14,1
HCP00214,15-18,Female,5648.27,98,3
HCP00214,15-18,Male,7203.07,124,2
HCP00214,19-45,Female,11382.630000000001,208,3
HCP00214,19-45,Male,5930.71,106,2
HCP00214,9-14,Female,4592.11,91,3
HCP00214,9-14,Male,1139.88,22,1
HCP00215,15-18,Female,1742.11,31,2
HCP00215,15-18,Male,2626.38,45,2
HCP00215,19-45,Female,1939.29,36,2
HCP00215,19-45,Male,417.91,8,2
HCP00215,9-14,Female,0.0,0,1
HCP00215,9-14,Male,592.74,11,2
HCP00216,15-18,Female,5725.2,108,2
HCP00216,15-18,Male,1893.6100000000001,36,2
HCP00216,19-45,Female,12359.51,220,2
HCP00216,19-45,Male,6121.77,114,2
HCP00216,9-14,Female,3382.54,62,1
HCP00216,9-14,Male,2944.6099999999997,51,2
HCP00217,15-18,Female,144.38,3,1
HCP00217,15-18,Male,850.77,15,2
HCP00217,19-45,Female,108.68,2,1
HCP00217,19-45,Male,3447.72,58,2
HCP00217,9-14,Female,949.18,16,2
HCP00217,9-14,Male,713.89,12,2
HCP00218,15-18,Female,6972.47,122,1
HCP00218,15-18,Male,894.92,14,1
HCP00218,19-45,Female,16011.980000000001,275,1
HCP00218,19-45,Male,6759.32,117,1
HCP00218,9-14,Female,5070.94,95,1
HCP00218,9-14,Male,3066.55,64,1
HCP00219,15-18,Female,4167.22,75,1
HCP00219,15-18,Male,8106.0,160,1
HCP00219,19-45,Female,19143.21,360,1
HCP00219,19-45,Male,28538.71,485,1
HCP00219,9-14,Female,6684.92,110,1
HCP00220,15-18,Female,1344.43,24,4
HCP00220,15-18,Male,502.43,10,1
HCP00220,19-45,Female,6483.64,115,9
HCP00220,19-45,Male,4206.43,74,7
HCP00220,9-14,Female,1047.72,17,3
HCP00220,9-14,Male,1238.26,23,3
HCP00221,15-18,Female,804.48,14,1
HCP00221,15-18,Male,1418.97,25,1
HCP00221,19-45,Female,1453.96,25,1
HCP00221,19-45,Male,1484.3899999999999,27,1
HCP00221,9-14,Female,588.37,12,1
HCP00222,15-18,Female,414.03,8,1
HCP00222,15-18,Male,326.02,6,1
HCP00222,19-45,Female,1919.21,34,2
HCP00222,19-45,Male,4484.85,84,3
HCP00222,9-14,Female,502.24,10,1
HCP00222,9-14,Male,1280.8899999999999,25,2
HCP00223,15-18,Female,759.94,13,1
HCP00223,15-18,Male,882.77,16,1
HCP00223,19-45,Female,1738.67,31,1
HCP00223,19-45,Male,1104.55,22,1
HCP00223,9-14,Female,972.88,18,1
HCP00223,9-14,Male,1205.58,23,1
HCP00224,15-18,Female,629.44,10,1
HCP00224,15-18,Male,1439.15,28,2
HCP00224,19-45,Female,3219.0299999999997,60,2
HCP00224,19-45,Male,3835.7799999999997,66,1
HCP00224,9-14,Female,3180.08,55,2
HCP00224,9-14,Male,1916.25,34,1
HCP00225,15-18,Female,1037.32,19,1
HCP00225,19-45,Female,705.4000000000001,14,1
HCP00225,19-45,Male,286.14,5,1
HCP00225,9-14,Female,203.45,4,1
HCP00225,9-14,Male,338.07,6,1
HCP00226,15-18,Female,8629.91,152,2
HCP00226,19-45,Female,10021.1,184,2
HCP00226,19-45,Male,5590.51,95,1
HCP00226,9-14,Female,5638.5599999999995,111,2
HCP00226,9-14,Male,1978.0800000000002,31,1
HCP00227,15-18,Male,1800.17,31,2
HCP00227,19-45,Female,10318.06,179,3
HCP00227,19-45,Male,2375.1,41,2
HCP00227,9-14,Female,1156.56,19,1
HCP00227,9-14,Male,1337.05,21,2
HCP00228,15-18,Female,653.03,12,3
HCP00228,15-18,Male,583.56,11,4
HCP00228,19-45,Female,1329.23,23,6
HCP00228,19-45,Male,934.08,16,10
HCP00228,9-14,Female,358.6,6,2
HCP00228,9-14,Male,98.35,2,2
HCP00229,15-18,Female,1978.94,40,2
HCP00229,15-18,Male,2842.1800000000003,47,2
HCP00229,19-45,Female,2796.52,46,1
HCP00229,19-45,Male,7065.860000000001,126,2
HCP00229,9-14,Female,966.76,19,2
HCP00229,9-14,Male,1948.51,35,2
HCP00230,15-18,Female,16902.02,292,7
HCP00230,15-18,Male,12484.75,213,5
HCP00230,19-45,Female,6124.52,114,2
HCP00230,19-45,Male,7406.51,136,3
HCP00230,9-14,Female,4930.73,107,3
HCP00230,9-14,Male,4191.5599999999995,77,3
HCP00231,15-18,Female,281.62,5,2
HCP00231,15-18,Male,246.17000000000002,4,2
HCP00231,19-45,Female,1234.12,22,3
HCP00231,19-45,Male,490.59000000000003,9,4
HCP00231,9-14,Female,452.71000000000004,9,4
HCP00231,9-14,Male,545.53,10,3
HCP00232,15-18,Female,4500.96,80,1
HCP00232,19-45,Female,9531.89,167,1
HCP00232,19-45,Male,4734.35,85,1
HCP00232,9-14,Female,2970.0,56,1
HCP00232,9-14,Male,2732.71,43,1
HCP00233,15-18,Female,1622.1599999999999,32,1
HCP00233,15-18,Male,1004.46,18,1
HCP00233,19-45,Female,6333.38,117,2
HCP00233,19-45,Male,3741.25,69,2
HCP00233,9-14,Female,2595.02,52,2
HCP00233,9-14,Male,1487.27,29,2
HCP00234,15-18,Male,247.38,5,2
HCP00234,19-45,Female,532.41,10,3
HCP00234,19-45,Male,956.9300000000001,17,3
HCP00234,9-14,Female,108.77,2,1
HCP00234,9-14,Male,112.31,2,2
HCP00235,15-18,Female,1770.78,30,3
HCP00235,15-18,Male,831.53,15,3
HCP00235,19-45,Female,4530.99,80,4
HCP00235,19-45,Male,1727.51,31,3
HCP00235,9-14,Female,534.59,11,2
HCP00235,9-14,Male,1311.08,22,2
HCP00236,15-18,Female,836.13,15,1
HCP00236,15-18,Male,1594.1599999999999,30,2
HCP00236,19-45,Female,3790.4700000000003,64,2
HCP00236,19-45,Male,3429.4900000000002,60,2
HCP00236,9-14,Female,2237.56,44,2
HCP00236,9-14,Male,1158.05,21,2
HCP00237,15-18,Female,2194.24,38,1
HCP00237,15-18,Male,1859.78,39,1
HCP00237,19-45,Female,3649.15,64,2
HCP00237,19-45,Male,5055.87,92,2
HCP00237,9-14,Female,2360.5,40,1
HCP00237,9-14,Male,1652.92,31,2
HCP00238,15-18,Female,1100.72,20,1
HCP00238,15-18,Male,1151.1100000000001,21,1
HCP00238,19-45,Female,4351.41,83,1
HCP00238,19-45,Male,2159.49,41,1
HCP00238,9-14,Female,796.0699999999999,16,1
HCP00238,9-14,Male,1197.44,25,1
HCP00239,15-18,Female,5066.84,94,2
HCP00239,15-18,Male,1079.56,17,1
HCP00239,19-45,Female,5086.7,93,3
HCP00239,19-45,Male,13235.99,227,3
HCP00239,9-14,Female,8281.19,146,4
HCP00239,9-14,Male,5512.1900000000005,99,3
HCP00240,15-18,Female,628.88,11,2
HCP00240,15-18,Male,1470.26,26,2
HCP00240,19-45,Female,1133.17,23,2
HCP00240,19-45,Male,1566.84,29,2
HCP00240,9-14,Female,203.82,4,1
HCP00240,9-14,Male,340.5,7,2
HCP00241,15-18,Female,1131.7,21,2
HCP00241,15-18,Male,1591.4499999999998,27,2
HCP00241,19-45,Female,3863.4700000000003,75,3
HCP00241,19-45,Male,3185.37,57,2
HCP00241,9-14,Female,1077.8799999999999,22,2
HCP00241,9-14,Male,1227.31,23,1
HCP00242,15-18,Female,714.23,14,1
HCP00242,15-18,Male,855.4100000000001,16,2
HCP00242,19-45,Female,1367.83,24,2
HCP00242,19-45,Male,3311.02,59,2
HCP00242,9-14,Female,702.4,11,1
HCP00242,9-14,Male,831.5,15,2
HCP00243,15-18,Female,286.89,6,1
HCP00243,15-18,Male,441.81,9,2
HCP00243,19-45,Female,743.8199999999999,14,2
HCP00243,19-45,Male,411.43,8,2
HCP00243,9-14,Female,158.96,3,1
HCP00243,9-14,Male,629.61,11,2
HCP00244,15-18,Female,398.15,7,1
HCP00244,15-18,Male,3397.56,65,1
HCP00244,19-45,Female,2695.51,46,1
HCP00244,19-45,Male,5490.6,97,2
HCP00244,9-14,Female,496.17,10,1
HCP00244,9-14,Male,1300.66,24,2
HCP00245,15-18,Female,1281.72,22,1
HCP00245,19-45,Female,5127.01,92,2
HCP00245,19-45,Male,3095.5699999999997,56,2
HCP00245,9-14,Female,934.2,18,2
HCP00245,9-14,Male,568.48,10,1
HCP00246,15-18,Female,690.9,13,1
HCP00246,15-18,Male,3047.08,50,2
HCP00246,19-45,Female,4982.530000000001,95,2
HCP00246,19-45,Male,5934.3,100,2
HCP00246,9-14,Female,3700.88,67,2
HCP00246,9-14,Male,1288.79,25,2
HCP00247,15-18,Female,1130.45,21,1
HCP00247,15-18,Male,3504.35,62,2
HCP00247,19-45,Female,4488.83,82,2
HCP00247,19-45,Male,4866.01,89,2
HCP00247,9-14,Female,2716.6,51,2
HCP00247,9-14,Male,1970.8600000000001,38,2
HCP00248,15-18,Male,736.57,15,1
HCP00248,19-45,Female,7410.2,137,2
HCP00248,19-45,Male,2131.05,41,2
HCP00248,9-14,Female,524.92,9,1
HCP00248,9-14,Male,2747.85,52,2
HCP00249,15-18,Female,2401.61,50,1
HCP00249,15-18,Male,1303.1399999999999,26,1
HCP00249,19-45,Female,7210.39,130,1
HCP00249,19-45,Male,1762.02,33,1
HCP00249,9-14,Female,1044.87,20,1
HCP00249,9-14,Male,534.06,10,1
HCP00250,15-18,Female,1670.73,30,2
HCP00250,15-18,Male,423.95,8,1
HCP00250,19-45,Female,6014.21,111,2
HCP00250,19-45,Male,2139.08,40,2
HCP00250,9-14,Female,1145.3799999999999,22,2
HCP00250,9-14,Male,507.5,9,1
HCP00251,15-18,Female,3239.65,59,1
HCP00251,15-18,Male,3178.45,59,1
HCP00251,19-45,Female,10181.64,182,1
HCP00251,19-45,Male,1525.3899999999999,28,1
HCP00251,9-14,Female,1587.07,31,1
HCP00251,9-14,Male,1001.51,19,1
HCP00252,15-18,Female,9644.58,174,1
HCP00252,19-45,Female,16727.94,314,1
HCP00252,19-45,Male,13821.970000000001,264,1
HCP00252,9-14,Female,6516.3,113,1
HCP00252,9-14,Male,9772.81,183,1
HCP00253,15-18,Female,530.9399999999999,9,2
HCP00253,15-18,Male,562.64,11,2
HCP00253,19-45,Female,1989.78,35,4
HCP00253,19-45,Male,51.64,1,2
HCP00253,9-14,Female,400.27,7,1
HCP00253,9-14,Male,53.82,1,1
HCP00254,15-18,Female,1400.8899999999999,25,1
HCP00254,15-18,Male,1798.44,31,1
HCP00254,19-45,Female,2174.85,40,1
HCP00254,19-45,Male,2447.46,43,1
HCP00254,9-14,Female,438.30999999999995,8,1
HCP00254,9-14,Male,559.82,11,1
HCP00255,15-18,Female,11601.19,221,5
HCP00255,15-18,Male,13742.36,240,6
HCP00255,19-45,Female,5785.31,120,4
HCP00255,19-45,Male,13759.619999999999,247,5
HCP00255,9-14,Female,6706.77,121,3
HCP00255,9-14,Male,6617.5,119,5
HCP00256,15-18,Female,1200.17,19,1
HCP00256,15-18,Male,3264.7200000000003,57,2
HCP00256,19-45,Female,17338.97,309,2
HCP00256,19-45,Male,17086.71,307,2
HCP00256,9-14,Female,4272.84,70,2
HCP00256,9-14,Male,6336.57,114,2
HCP00257,15-18,Female,1844.4499999999998,33,1
HCP00257,15-18,Male,5873.19,96,1
HCP00257,19-45,Female,3771.92,72,1
HCP00257,19-45,Male,6122.78,108,1
HCP00257,9-14,Female,1664.6100000000001,28,1
HCP00258,15-18,Female,2067.08,40,2
HCP00258,15-18,Male,841.1300000000001,15,2
HCP00258,19-45,Female,1035.65,19,2
HCP00258,19-45,Male,4329.36,78,3
HCP00258,9-14,Female,1330.24,25,3
HCP00258,9-14,Male,2368.6,42,3
HCP00259,15-18,Female,383.59000000000003,7,3
HCP00259,15-18,Male,50.34,1,1
HCP00259,19-45,Female,1060.6100000000001,18,3
HCP00259,19-45,Male,1189.43,20,3
HCP00259,9-14,Female,115.35,2,2
HCP00259,9-14,Male,758.31,14,3
HCP00260,15-18,Female,3371.29,60,2
HCP00260,15-18,Male,1851.99,33,2
HCP00260,19-45,Female,5554.38,100,2
HCP00260,19-45,Male,1761.37,30,1
HCP00260,9-14,Female,1399.8,24,1
HCP00261,15-18,Female,143.45999999999998,3,3
HCP00261,15-18,Male,64.04,1,2
HCP00261,19-45,Female,852.5799999999999,16,3
HCP00261,19-45,Male,274.91,5,3
HCP00261,9-14,Female,56.28,1,2
HCP00261,9-14,Male,0.0,0,1
HCP00262,15-18,Female,4181.87,74,1
HCP00262,15-18,Male,2969.88,57,1
HCP00262,19-45,Female,2365.54,43,1
HCP00262,19-45,Male,6256.49,108,1
HCP00262,9-14,Female,2965.25,58,1
HCP00262,9-14,Male,1755.28,30,1
HCP00263,15-18,Female,2353.6499999999996,42,1
HCP00263,15-18,Male,2364.2799999999997,48,1
HCP00263,19-45,Female,3019.63,60,1
HCP00263,19-45,Male,3227.0,51,1
HCP00263,9-14,Female,7700.24,145,1
HCP00263,9-14,Male,847.52,15,1
HCP00264,15-18,Female,1568.58,28,1
HCP00264,15-18,Male,428.18,7,1
HCP00264,19-45,Female,1854.24,36,1
HCP00264,19-45,Male,915.79,18,1
HCP00264,9-14,Female,355.56,7,1
HCP00264,9-14,Male,626.24,11,1
HCP00265,15-18,Female,4484.27,92,1
HCP00265,15-18,Male,9831.939999999999,172,1
HCP00265,19-45,Female,8684.39,157,1
HCP00265,19-45,Male,13466.66,248,1
HCP00265,9-14,Female,3375.26,59,1
HCP00265,9-14,Male,6018.7,106,1
HCP00266,15-18,Female,851.5,15,3
HCP00266,19-45,Female,2728.01,50,10
HCP00266,19-45,Male,2710.9,48,9
HCP00266,9-14,Female,700.62,13,4
HCP00266,9-14,Male,287.16,5,2
HCP00267,15-18,Female,3395.18,60,2
HCP00267,15-18,Male,1321.29,27,2
HCP00267,19-45,Female,2979.95,60,2
HCP00267,19-45,Male,2798.4700000000003,51,3
HCP00267,9-14,Female,3882.38,76,3
HCP00267,9-14,Male,3209.6800000000003,53,3
HCP00268,15-18,Female,1287.34,23,2
HCP00268,15-18,Male,756.08,14,4
HCP00268,19-45,Female,1971.8600000000001,33,4
HCP00268,19-45,Male,1854.04,32,4
HCP00268,9-14,Female,634.97,11,3
HCP00268,9-14,Male,479.03,9,2
HCP00269,15-18,Female,941.31,19,2
HCP00269,15-18,Male,781.34,14,3
HCP00269,19-45,Female,1553.57,26,2
HCP00269,19-45,Male,3015.35,53,3
HCP00269,9-14,Female,520.69,10,2
HCP00269,9-14,Male,570.12,11,2
HCP00270,15-18,Female,1461.53,24,1
HCP00270,15-18,Male,1130.1,20,2
HCP00270,19-45,Female,4112.0199999999995,74,2
HCP00270,19-45,Male,4625.24,86,2
HCP00270,9-14,Female,507.77,11,1
HCP00270,9-14,Male,2049.15,37,2
HCP00271,15-18,Female,1417.5900000000001,27,2
HCP00271,15-18,Male,2357.63,45,2
HCP00271,19-45,Female,3185.7,60,2
HCP00271,19-45,Male,6983.08,124,2
HCP00271,9-14,Female,1116.99,22,2
HCP00271,9-14,Male,2461.4700000000003,47,2
HCP00272,15-18,Female,4069.77,69,2
HCP00272,15-18,Male,3806.7799999999997,65,2
HCP00272,19-45,Female,5735.71,112,3
HCP00272,19-45,Male,12698.15,223,3
HCP00272,9-14,Female,4127.9400000000005,73,3
HCP00272,9-14,Male,3088.48,57,2
HCP00273,15-18,Female,1928.5,35,2
HCP00273,15-18,Male,1319.46,22,2
HCP00273,19-45,Female,3527.29,65,4
HCP00273,19-45,Male,3539.75,63,3
HCP00273,9-14,Female,987.74,18,1
HCP00273,9-14,Male,1221.94,24,3
HCP00274,15-18,Female,408.74,9,1
HCP00274,15-18,Male,1976.9499999999998,31,1
HCP00274,19-45,Female,7056.62,129,2
HCP00274,19-45,Male,3757.31,69,2
HCP00274,9-14,Female,1588.23,30,2
HCP00274,9-14,Male,1427.8899999999999,30,2
HCP00275,15-18,Male,376.95,6,1
HCP00275,19-45,Female,526.16,10,1
HCP00275,19-45,Male,1914.8899999999999,35,1
HCP00275,9-14,Female,2957.21,54,1
HCP00275,9-14,Male,1762.55,33,1
HCP00276,15-18,Male,6531.07,115,2
HCP00276,19-45,Female,9711.53,184,4
HCP00276,19-45,Male,7922.24,146,4
HCP00276,9-14,Female,3300.83,59,2
HCP00276,9-14,Male,4262.12,78,2
HCP00277,15-18,Female,3533.04,58,1
HCP00277,15-18,Male,4071.62,79,1
HCP00277,19-45,Female,4330.5599999999995,83,2
HCP00277,19-45,Male,5398.87,98,2
HCP00277,9-14,Female,2324.23,42,1
HCP00277,9-14,Male,3278.42,63,2
HCP00278,15-18,Female,170.64,3,1
HCP00278,15-18,Male,279.64,5,2
HCP00278,19-45,Female,388.85,7,2
HCP00278,19-45,Male,289.06,5,2
HCP00278,9-14,Female,154.44,3,2
HCP00278,9-14,Male,51.12,1,1
HCP00279,15-18,Female,5092.46,92,2
HCP00279,15-18,Male,5596.21,94,2
HCP00279,19-45,Female,12297.81,223,2
HCP00279,19-45,Male,8569.78,158,2
HCP00279,9-14,Female,3903.5699999999997,76,2
HCP00279,9-14,Male,2742.7799999999997,55,1
HCP00280,15-18,Male,1549.81,28,4
HCP00280,19-45,Female,1765.87,31,5
HCP00280,19-45,Male,1619.85,32,4
HCP00280,9-14,Female,1239.13,23,4
HCP00280,9-14,Male,428.02,9,1
HCP00281,15-18,Female,1554.45,31,1
HCP00281,15-18,Male,2356.19,43,1
HCP00281,19-45,Female,1436.92,24,1
HCP00281,19-45,Male,5934.0599999999995,111,1
HCP00281,9-14,Female,2326.7,42,1
HCP00281,9-14,Male,2000.54,38,1
HCP00282,15-18,Female,1458.58,27,2
HCP00282,15-18,Male,5192.43,108,7
HCP00282,19-45,Female,5635.93,95,5
HCP00282,19-45,Male,7019.18,128,5
HCP00282,9-14,Male,5829.29,116,5
HCP00283,15-18,Female,437.34000000000003,7,2
HCP00283,15-18,Male,355.93,7,1
HCP00283,19-45,Female,1450.02,28,2
HCP00283,19-45,Male,922.52,16,2
HCP00283,9-14,Female,522.13,9,2
HCP00283,9-14,Male,249.24,4,1
HCP00284,15-18,Female,8329.74,151,1
HCP00284,15-18,Male,1311.78,25,1
HCP00284,19-45,Female,13872.029999999999,243,1
HCP00284,19-45,Male,13842.82,255,1
HCP00284,9-14,Female,5359.16,95,1
HCP00284,9-14,Male,2715.13,47,1
HCP00285,15-18,Female,2856.02,49,1
HCP00285,15-18,Male,6237.96,118,1
HCP00285,19-45,Female,16476.81,289,1
HCP00285,19-45,Male,7821.7,143,1
HCP00285,9-14,Female,3703.97,82,1
HCP00285,9-14,Male,5885.53,107,1
HCP00286,15-18,Female,2621.29,46,1
HCP00286,19-45,Female,2387.49,45,1
HCP00286,19-45,Male,1307.6999999999998,23,1
HCP00286,9-14,Female,496.66,8,1
HCP00286,9-14,Male,1779.97,31,1
HCP00287,15-18,Female,1609.94,31,3
HCP00287,15-18,Male,1013.44,17,2
HCP00287,19-45,Female,2737.0299999999997,49,6
HCP00287,19-45,Male,2835.2999999999997,53,10
HCP00287,9-14,Female,661.4000000000001,11,2
HCP00287,9-14,Male,1021.29,21,3
HCP00288,15-18,Male,3386.54,66,2
HCP00288,19-45,Female,3845.17,65,3
HCP00288,19-45,Male,7880.8,154,3
HCP00288,9-14,Female,1229.87,26,1
HCP00288,9-14,Male,2228.7,44,2
HCP00289,15-18,Female,2973.15,55,2
HCP00289,15-18,Male,804.24,15,1
HCP00289,19-45,Female,4971.02,88,2
HCP00289,19-45,Male,3294.0099999999998,64,2
HCP00289,9-14,Female,2472.98,46,1
HCP00289,9-14,Male,1618.42,33,2
HCP00290,15-18,Female,683.66,12,2
HCP00290,15-18,Male,583.99,11,2
HCP00290,19-45,Female,705.0999999999999,13,3
HCP00290,19-45,Male,1568.2,29,1
HCP00290,9-14,Female,580.28,10,1
HCP00290,9-14,Male,648.1099999999999,13,1
HCP00291,15-18,Female,7063.57,124,3
HCP00291,15-18,Male,5986.04,100,3
HCP00291,19-45,Female,6871.08,135,2
HCP00291,19-45,Male,20458.98,370,3
HCP00291,9-14,Female,3948.27,78,2
HCP00291,9-14,Male,5545.74,95,2
HCP00292,15-18,Female,3246.44,53,4
HCP00292,15-18,Male,4189.9800000000005,73,6
HCP00292,19-45,Female,2154.8,40,5
HCP00292,19-45,Male,7806.87,135,10
HCP00292,9-14,Male,746.5,14,2
HCP00293,15-18,Female,968.9300000000001,16,2
HCP00293,15-18,Male,502.47,9,1
HCP00293,19-45,Female,3262.62,62,4
HCP00293,19-45,Male,4050.85,72,5
HCP00293,9-14,Female,1321.77,24,3
HCP00293,9-14,Male,2747.89,50,5
HCP00294,19-45,Female,23605.78,450,2
HCP00294,19-45,Male,23974.21,448,2
HCP00294,9-14,Female,9201.55,173,2
HCP00294,9-14,Male,3735.82,65,1
HCP00295,15-18,Female,1953.05,35,1
HCP00295,15-18,Male,1366.83,24,1
HCP00295,19-45,Female,3541.0299999999997,63,1
HCP00295,19-45,Male,1616.0,32,1
HCP00295,9-14,Female,2554.11,45,1
HCP00296,15-18,Female,654.72,13,1
HCP00296,15-18,Male,4503.63,91,2
HCP00296,19-45,Female,5814.6,105,2
HCP00296,19-45,Male,4848.97,79,2
HCP00296,9-14,Female,1446.6399999999999,30,2
HCP00296,9-14,Male,692.31,14,1
HCP00297,15-18,Female,1383.69,23,2
HCP00297,15-18,Male,3453.7000000000003,59,3
HCP00297,19-45,Female,3563.15,69,3
HCP00297,19-45,Male,3180.5,56,2
HCP00297,9-14,Female,2144.7200000000003,38,2
HCP00297,9-14,Male,2244.1,41,3
HCP00298,15-18,Female,275.96000000000004,5,2
HCP00298,15-18,Male,428.58000000000004,8,3
HCP00298,19-45,Female,944.53,16,3
HCP00298,19-45,Male,983.0,17,3
HCP00298,9-14,Female,348.94,6,2
HCP00298,9-14,Male,227.0,4,2
HCP00299,15-18,Female,1033.42,20,2
HCP00299,15-18,Male,1876.9099999999999,31,1
HCP00299,19-45,Female,1777.25,30,1
HCP00299,19-45,Male,3989.8599999999997,69,2
HCP00299,9-14,Female,2287.42,43,2
HCP00299,9-14,Male,2201.59,39,2
HCP00300,15-18,Female,1050.93,19,1
HCP00300,15-18,Male,744.7,15,1
HCP00300,19-45,Female,2033.56,37,1
HCP00300,19-45,Male,2248.1,40,1
HCP00300,9-14,Female,470.6,9,1
HCP00300,9-14,Male,901.94,16,1
HCP00301,15-18,Female,3298.87,62,2
HCP00301,15-18,Male,953.16,17,1
HCP00301,19-45,Female,12071.8,242,2
HCP00301,19-45,Male,7713.53,136,2
HCP00301,9-14,Female,1102.19,18,1
HCP00301,9-14,Male,2996.6000000000004,50,2
HCP00302,15-18,Male,4277.35,79,2
HCP00302,19-45,Female,8556.31,149,2
HCP00302,19-45,Male,2885.95,50,2
HCP00302,9-14,Female,2413.89,41,2
HCP00302,9-14,Male,2972.76,54,2
HCP00303,15-18,Female,1214.71,21,1
HCP00303,15-18,Male,2288.84,37,1
HCP00303,19-45,Female,971.35,16,1
HCP00303,19-45,Male,3471.63,62,1
HCP00303,9-14,Female,1474.1599999999999,25,1
HCP00303,9-14,Male,471.4,9,1
HCP00304,15-18,Female,2259.05,43,3
HCP00304,15-18,Male,2670.7,52,2
HCP00304,19-45,Female,5218.39,102,4
HCP00304,19-45,Male,3974.33,74,4
HCP00304,9-14,Female,410.03,9,1
HCP00305,15-18,Female,1859.82,31,1
HCP00305,15-18,Male,1445.6100000000001,24,1
HCP00305,19-45,Female,5752.91,101,2
HCP00305,19-45,Male,4596.22,84,2
HCP00305,9-14,Female,1158.35,21,1
HCP00305,9-14,Male,1617.1599999999999,32,1
HCP00306,15-18,Female,3035.42,56,4
HCP00306,15-18,Male,1445.74,23,3
HCP00306,19-45,Female,5804.65,111,8
HCP00306,19-45,Male,1654.05,30,3
HCP00306,9-14,Female,1107.3799999999999,20,2
HCP00306,9-14,Male,1188.6299999999999,23,4
HCP00307,15-18,Female,3058.64,57,2
HCP00307,15-18,Male,5272.9800000000005,91,2
HCP00307,19-45,Female,5978.56,116,2
HCP00307,19-45,Male,5843.49,103,2
HCP00307,9-14,Female,3104.76,52,2
HCP00308,15-18,Male,2658.92,44,1
HCP00308,19-45,Female,1404.1100000000001,27,1
HCP00308,19-45,Male,1215.3200000000002,22,1
HCP00308,9-14,Female,913.59,16,1
HCP00308,9-14,Male,968.29,20,1
HCP00309,15-18,Female,2473.3199999999997,41,1
HCP00309,15-18,Male,5769.139999999999,107,2
HCP00309,19-45,Female,15558.93,279,2
HCP00309,19-45,Male,3653.75,70,2
HCP00309,9-14,Female,4468.55,78,2
HCP00309,9-14,Male,2569.8,44,2
HCP00310,15-18,Female,8200.26,152,2
HCP00310,15-18,Male,297.72,5,1
HCP00310,19-45,Female,3923.8100000000004,82,1
HCP00310,19-45,Male,9432.94,177,3
HCP00311,15-18,Female,487.68,8,1
HCP00311,15-18,Male,954.63,15,1
HCP00311,19-45,Female,4220.73,75,2
HCP00311,19-45,Male,3415.67,62,2
HCP00311,9-14,Female,1201.1599999999999,21,2
HCP00311,9-14,Male,988.31,18,1
HCP00312,15-18,Female,4944.52,86,3
HCP00312,15-18,Male,6945.26,137,5
HCP00312,19-45,Female,9486.27,180,5
HCP00312,19-45,Male,11011.34,211,7
HCP00312,9-14,Female,4060.67,68,2
HCP00312,9-14,Male,4548.790000000001,77,3
HCP00313,15-18,Female,3934.14,68,3
HCP00313,15-18,Male,3964.2200000000003,78,4
HCP00313,19-45,Female,4700.34,91,5
HCP00313,19-45,Male,6254.73,110,6
HCP00313,9-14,Female,2687.0099999999998,44,3
HCP00313,9-14,Male,8197.82,149,7
HCP00314,15-18,Male,0.0,0,1
HCP00314,19-45,Female,1903.8400000000001,31,2
HCP00314,19-45,Male,1801.49,32,3
HCP00314,9-14,Female,836.97,16,2
HCP00314,9-14,Male,519.28,11,2
HCP00315,15-18,Female,4465.01,81,3
HCP00315,15-18,Male,1744.5,35,2
HCP00315,19-45,Female,4130.46,75,2
HCP00315,19-45,Male,6335.68,115,4
HCP00315,9-14,Female,2632.43,46,4
HCP00315,9-14,Male,4569.49,82,3
HCP00316,15-18,Female,116.63,2,1
HCP00316,15-18,Male,50.55,1,1
HCP00316,19-45,Female,1824.04,34,2
HCP00316,19-45,Male,3483.87,64,2
HCP00316,9-14,Female,522.47,9,2
HCP00316,9-14,Male,2000.34,34,2
HCP00317,15-18,Female,687.2,11,1
HCP00317,15-18,Male,3443.8999999999996,60,1
HCP00317,19-45,Female,4099.61,75,3
HCP00317,19-45,Male,1447.36,28,2
HCP00317,9-14,Female,3092.69,59,4
HCP00317,9-14,Male,871.18,16,2
HCP00318,15-18,Female,3667.88,57,2
HCP00318,15-18,Male,118.99,2,1
HCP00318,19-45,Female,4911.86,96,3
HCP00318,19-45,Male,2591.9700000000003,52,2
HCP00318,9-14,Female,471.39,8,1
HCP00318,9-14,Male,3926.75,67,3
HCP00319,15-18,Female,1716.6799999999998,34,2
HCP00319,15-18,Male,4882.83,88,2
HCP00319,19-45,Female,7513.4,137,2
HCP00319,19-45,Male,3613.45,67,2
HCP00319,9-14,Male,2425.84,42,2
HCP00320,15-18,Female,762.0999999999999,14,2
HCP00320,15-18,Male,786.17,15,2
HCP00320,19-45,Female,494.18,9,2
HCP00320,19-45,Male,868.55,16,2
HCP00320,9-14,Female,602.38,11,2
HCP00320,9-14,Male,281.62,5,1
HCP00321,15-18,Female,1617.97,28,1
HCP00321,15-18,Male,1971.02,38,1
HCP00321,19-45,Female,4864.54,89,1
HCP00321,19-45,Male,4515.9800000000005,80,1
HCP00321,9-14,Female,695.78,14,1
HCP00321,9-14,Male,1281.75,23,1
HCP00322,15-18,Female,2064.0,41,1
HCP00322,15-18,Male,949.32,16,1
HCP00322,19-45,Female,5360.15,102,1
HCP00322,19-45,Male,5307.0,104,1
HCP00322,9-14,Female,1764.54,30,1
HCP00322,9-14,Male,896.57,17,1
HCP00323,15-18,Female,184.44,3,2
HCP00323,15-18,Male,195.97,4,2
HCP00323,19-45,Female,1262.0,24,3
HCP00323,19-45,Male,219.49,4,2
HCP00323,9-14,Male,48.73,1,1
HCP00324,15-18,Female,363.99,6,2
HCP00324,15-18,Male,179.87,3,1
HCP00324,19-45,Female,362.84000000000003,7,2
HCP00324,19-45,Male,390.23,7,2
HCP00324,9-14,Female,233.63,4,1
HCP00324,9-14,Male,170.56,3,2
HCP00325,15-18,Female,1107.92,20,5
HCP00325,15-18,Male,748.61,13,4
HCP00325,19-45,Female,2052.59,37,6
HCP00325,19-45,Male,1673.45,29,5
HCP00325,9-14,Male,876.01,14,2
HCP00326,15-18,Female,795.03,13,2
HCP00326,15-18,Male,2530.64,46,6
HCP00326,19-45,Female,2259.71,42,7
HCP00326,19-45,Male,3319.46,61,8
HCP00326,9-14,Female,845.49,15,3
HCP00326,9-14,Male,1338.16,24,5
HCP00327,15-18,Female,2571.94,49,1
HCP00327,15-18,Male,3758.87,63,2
HCP00327,19-45,Female,9089.26,168,4
HCP00327,19-45,Male,4782.61,82,4
HCP00327,9-14,Female,2234.8599999999997,43,2
HCP00327,9-14,Male,2961.7599999999998,59,3
HCP00328,15-18,Female,978.38,19,2
HCP00328,15-18,Male,2020.98,39,3
HCP00328,19-45,Female,2773.63,52,3
HCP00328,19-45,Male,3396.18,59,3
HCP00328,9-14,Female,1766.08,30,1
HCP00328,9-14,Male,392.42,8,1
HCP00329,15-18,Female,3529.37,58,1
HCP00329,15-18,Male,7236.799999999999,151,1
HCP00329,19-45,Female,23138.22,424,1
HCP00329,19-45,Male,12554.240000000002,235,1
HCP00329,9-14,Female,7868.53,141,1
HCP00329,9-14,Male,10686.630000000001,177,1
HCP00330,15-18,Female,746.53,14,2
HCP00330,15-18,Male,235.33,5,2
HCP00330,19-45,Female,1118.1,19,2
HCP00330,19-45,Male,1549.53,27,2
HCP00330,9-14,Female,258.21,4,1
HCP00330,9-14,Male,47.2,1,1
HCP00331,15-18,Female,250.87,5,1
HCP00331,15-18,Male,314.74,6,1
HCP00331,19-45,Female,737.27,13,1
HCP00331,19-45,Male,624.4000000000001,12,1
HCP00331,9-14,Female,759.39,14,1
HCP00331,9-14,Male,607.03,11,1
HCP00332,15-18,Female,3424.76,67,2
HCP00332,15-18,Male,1629.0500000000002,31,2
HCP00332,19-45,Female,1301.3,21,2
HCP00332,19-45,Male,3644.21,69,3
HCP00332,9-14,Female,1400.62,28,3
HCP00332,9-14,Male,2165.26,41,3
HCP00333,15-18,Female,1373.96,28,1
HCP00333,15-18,Male,1403.35,24,1
HCP00333,19-45,Female,4777.39,80,1
HCP00333,19-45,Male,4710.860000000001,79,1
HCP00333,9-14,Female,2821.72,50,1
HCP00333,9-14,Male,1537.87,27,1
HCP00334,15-18,Female,651.4,11,1
HCP00334,15-18,Male,1171.52,24,2
HCP00334,19-45,Female,5113.49,87,2
HCP00334,19-45,Male,3674.48,66,2
HCP00334,9-14,Female,1520.28,26,2
HCP00334,9-14,Male,1588.13,31,2
HCP00335,15-18,Female,184.92,4,1
HCP00335,15-18,Male,1688.1399999999999,32,2
HCP00335,19-45,Female,4042.49,69,2
HCP00335,19-45,Male,1118.5700000000002,21,2
HCP00335,9-14,Male,596.95,10,2
HCP00336,15-18,Female,522.1600000000001,10,1
HCP00336,15-18,Male,228.37,4,1
HCP00336,19-45,Female,252.74,5,1
HCP00336,19-45,Male,975.86,18,1
HCP00336,9-14,Female,438.64,8,1
HCP00336,9-14,Male,599.61,11,1
HCP00337,15-18,Female,512.37,9,4
HCP00337,15-18,Male,395.59000000000003,7,2
HCP00337,19-45,Female,1766.33,30,4
HCP00337,19-45,Male,1089.52,20,5
HCP00337,9-14,Female,651.17,12,5
HCP00337,9-14,Male,285.65,6,2
HCP00338,15-18,Female,177.99,3,1
HCP00338,15-18,Male,155.05,3,1
HCP00338,19-45,Female,469.21,9,5
HCP00338,19-45,Male,1647.94,29,7
HCP00338,9-14,Female,586.92,11,3
HCP00338,9-14,Male,340.09999999999997,6,2
HCP00339,15-18,Male,2101.83,39,1
HCP00339,19-45,Female,2936.44,54,1
HCP00339,19-45,Male,3319.41,61,1
HCP00339,9-14,Female,1034.0,19,1
HCP00339,9-14,Male,420.79,9,1
HCP00340,15-18,Female,2193.48,41,2
HCP00340,15-18,Male,2575.08,45,2
HCP00340,19-45,Female,6883.299999999999,134,2
HCP00340,19-45,Male,4225.610000000001,75,2
HCP00340,9-14,Female,539.35,9,1
HCP00341,15-18,Female,2598.79,47,1
HCP00341,15-18,Male,4931.04,80,1
HCP00341,19-45,Female,10958.57,206,1
HCP00341,19-45,Male,7194.08,130,1
HCP00341,9-14,Female,3931.05,73,1
HCP00341,9-14,Male,1755.7600000000002,30,1
HCP00342,15-18,Female,533.7,9,2
HCP00342,15-18,Male,449.89,8,1
HCP00342,19-45,Female,1000.82,18,1
HCP00342,19-45,Male,2243.59,38,2
HCP00342,9-14,Female,492.90999999999997,10,1
HCP00342,9-14,Male,423.74,8,1
HCP00343,15-18,Female,2344.9,41,1
HCP00343,15-18,Male,2989.01,58,2
HCP00343,19-45,Female,12251.62,224,2
HCP00343,19-45,Male,8866.710000000001,156,2
HCP00343,9-14,Female,1298.37,27,2
HCP00343,9-14,Male,3455.26,61,2
HCP00344,15-18,Female,8700.849999999999,140,2
HCP00344,15-18,Male,9548.220000000001,165,3
HCP00344,19-45,Female,16615.010000000002,293,3
HCP00344,19-45,Male,10806.560000000001,210,3
HCP00344,9-14,Female,5274.4400000000005,104,2
HCP00344,9-14,Male,836.61,13,1
HCP00345,15-18,Female,9674.83,175,1
HCP00345,15-18,Male,2663.44,51,1
HCP00345,19-45,Female,6052.88,105,1
HCP00345,19-45,Male,18010.53,328,1
HCP00345,9-14,Female,3240.7,57,1
HCP00345,9-14,Male,3560.17,60,1
HCP00346,15-18,Female,2025.94,32,2
HCP00346,15-18,Male,2476.4700000000003,50,1
HCP00346,19-45,Female,1059.97,18,1
HCP00346,19-45,Male,12337.01,224,2
HCP00346,9-14,Female,8651.3,151,3
HCP00346,9-14,Male,3211.8900000000003,59,2
HCP00347,15-18,Female,48.26,1,1
HCP00347,15-18,Male,432.0,8,1
HCP00347,19-45,Female,1242.7,23,2
HCP00347,19-45,Male,355.05,6,2
HCP00347,9-14,Female,350.21,6,2
HCP00347,9-14,Male,45.79,1,1
HCP00348,15-18,Female,6411.93,115,1
HCP00348,15-18,Male,5337.43,95,2
HCP00348,19-45,Female,14282.189999999999,259,3
HCP00348,19-45,Male,3979.04,72,2
HCP00348,9-14,Female,2489.45,47,2
HCP00348,9-14,Male,2024.23,33,1
HCP00349,15-18,Male,254.49,4,1
HCP00349,19-45,Female,836.6800000000001,14,1
HCP00349,19-45,Male,2203.14,40,1
HCP00349,9-14,Female,510.48,9,1
HCP00349,9-14,Male,553.46,11,1
HCP00350,15-18,Female,1909.3899999999999,33,2
HCP00350,15-18,Male,1438.2,27,1
HCP00350,19-45,Female,4461.04,77,2
HCP00350,19-45,Male,3910.34,68,2
HCP00350,9-14,Female,2293.19,40,2
HCP00350,9-14,Male,2121.16,42,2
HCP00351,15-18,Female,1833.73,33,1
HCP00351,19-45,Female,1501.1599999999999,27,1
HCP00351,19-45,Male,2026.54,37,1
HCP00351,9-14,Female,561.75,11,1
HCP00351,9-14,Male,1037.2,18,1
HCP00352,15-18,Female,1409.88,25,1
HCP00352,15-18,Male,895.52,17,1
HCP00352,19-45,Female,11088.12,197,3
HCP00352,19-45,Male,7891.42,148,2
HCP00352,9-14,Male,1543.97,26,1
HCP00353,15-18,Female,2136.77,38,2
HCP00353,15-18,Male,526.62,9,1
HCP00353,19-45,Female,12724.89,230,2
HCP00353,19-45,Male,5683.71,116,2
HCP00353,9-14,Female,2859.0099999999998,47,2
HCP00353,9-14,Male,1735.26,35,1
HCP00354,15-18,Female,2564.1,46,2
HCP00354,15-18,Male,3137.75,55,2
HCP00354,19-45,Female,3281.5899999999997,64,2
HCP00354,19-45,Male,11461.67,206,4
HCP00354,9-14,Female,4516.360000000001,94,4
HCP00354,9-14,Male,3362.3199999999997,67,2
HCP00355,15-18,Female,1818.68,32,1
HCP00355,15-18,Male,6073.42,109,2
HCP00355,19-45,Female,12741.43,224,2
HCP00355,19-45,Male,12557.09,209,2
HCP00355,9-14,Female,11406.01,193,2
HCP00355,9-14,Male,5256.3,100,2
HCP00356,15-18,Female,1595.9099999999999,31,7
HCP00356,15-18,Male,466.15999999999997,9,4
HCP00356,19-45,Female,920.58,16,4
HCP00356,19-45,Male,1759.27,32,7
HCP00356,9-14,Female,751.71,13,6
HCP00356,9-14,Male,184.25,3,3
HCP00357,15-18,Female,2783.57,46,2
HCP00357,15-18,Male,4497.139999999999,75,3
HCP00357,19-45,Female,7642.16,130,3
HCP00357,19-45,Male,4119.38,78,2
HCP00357,9-14,Female,2120.73,35,1
HCP00357,9-14,Male,2894.75,46,1
HCP00358,15-18,Female,1481.89,25,1
HCP00358,15-18,Male,1008.04,17,1
HCP00358,19-45,Female,2733.62,53,1
HCP00358,19-45,Male,6950.58,118,2
HCP00358,9-14,Female,1348.33,23,1
HCP00358,9-14,Male,9611.82,165,2
HCP00359,15-18,Female,2877.63,53,5
HCP00359,15-18,Male,1010.5999999999999,19,2
HCP00359,19-45,Female,3763.66,71,4
HCP00359,19-45,Male,3799.04,75,6
HCP00359,9-14,Female,1408.2199999999998,23,2
HCP00359,9-14,Male,575.73,12,2
HCP00360,15-18,Female,18953.37,328,3
HCP00360,15-18,Male,1664.75,27,1
HCP00360,19-45,Female,27222.78,495,3
HCP00360,19-45,Male,14864.97,268,3
HCP00360,9-14,Female,8959.41,157,3
HCP00360,9-14,Male,2970.54,62,1
HCP00361,15-18,Female,50.99,1,1
HCP00361,15-18,Male,321.28999999999996,6,2
HCP00361,19-45,Female,720.49,13,2
HCP00361,19-45,Male,1395.46,24,2
HCP00361,9-14,Female,422.43,8,2
HCP00361,9-14,Male,404.28999999999996,7,2
HCP00362,15-18,Female,5372.5599999999995,99,2
HCP00362,15-18,Male,5023.11,81,2
HCP00362,19-45,Female,8850.54,153,2
HCP00362,19-45,Male,12088.92,216,2
HCP00362,9-14,Female,3393.88,56,2
HCP00362,9-14,Male,6615.98,117,2
HCP00363,15-18,Female,3039.3,57,2
HCP00363,15-18,Male,6390.610000000001,107,3
HCP00363,19-45,Female,4422.22,78,3
HCP00363,19-45,Male,10981.210000000001,196,3
HCP00363,9-14,Female,1361.3,23,2
HCP00363,9-14,Male,2264.4,40,2
HCP00364,15-18,Female,1507.88,26,3
HCP00364,15-18,Male,425.36,7,2
HCP00364,19-45,Female,2024.83,36,3
HCP00364,19-45,Male,1801.5900000000001,30,5
HCP00364,9-14,Female,439.78999999999996,9,3
HCP00364,9-14,Male,236.87,5,1
HCP00365,15-18,Female,6542.610000000001,110,2
HCP00365,15-18,Male,347.15,6,1
HCP00365,19-45,Female,5372.71,100,2
HCP00365,19-45,Male,2921.4800000000005,52,2
HCP00365,9-14,Female,4347.969999999999,79,2
HCP00365,9-14,Male,1574.8700000000001,30,2
HCP00366,15-18,Female,3208.69,57,3
HCP00366,15-18,Male,1074.47,19,2
HCP00366,19-45,Female,5286.27,95,4
HCP00366,19-45,Male,2603.6600000000003,49,3
HCP00366,9-14,Female,1232.12,25,2
HCP00366,9-14,Male,460.01,8,1
HCP00367,15-18,Female,950.1500000000001,20,2
HCP00367,15-18,Male,3042.93,57,1
HCP00367,19-45,Female,2930.9,54,3
HCP00367,19-45,Male,2952.16,56,3
HCP00367,9-14,Female,2412.39,43,2
HCP00367,9-14,Male,4160.76,79,3
HCP00368,15-18,Female,463.66,10,1
HCP00368,15-18,Male,449.06,7,1
HCP00368,19-45,Female,2972.99,52,1
HCP00368,19-45,Male,3157.25,56,2
HCP00368,9-14,Male,2316.15,40,2
HCP00369,15-18,Female,481.07,9,1
HCP00369,15-18,Male,505.6,9,1
HCP00369,19-45,Female,596.57,11,1
HCP00369,19-45,Male,911.85,17,1
HCP00369,9-14,Female,468.41999999999996,8,1
HCP00369,9-14,Male,353.85,6,1
HCP00370,15-18,Female,618.98,13,1
HCP00370,15-18,Male,177.81,3,1
HCP00370,19-45,Female,1522.24,27,1
HCP00370,19-45,Male,301.93,5,1
HCP00370,9-14,Female,1370.99,25,1
HCP00371,15-18,Female,688.23,13,1
HCP00371,15-18,Male,593.08,10,2
HCP00371,19-45,Female,977.09,18,2
HCP00371,19-45,Male,1040.88,17,2
HCP00371,9-14,Female,1733.8300000000002,32,2
HCP00371,9-14,Male,675.69,12,2
HCP00372,15-18,Female,1826.85,35,3
HCP00372,15-18,Male,1740.55,30,3
HCP00372,19-45,Female,2627.0299999999997,48,5
HCP00372,19-45,Male,4938.610000000001,90,7
HCP00372,9-14,Male,853.71,16,2
HCP00373,15-18,Female,364.11,7,1
HCP00373,15-18,Male,122.45,2,1
HCP00373,19-45,Female,219.38,4,1
HCP00373,19-45,Male,324.56,6,1
HCP00373,9-14,Female,352.2,6,1
HCP00373,9-14,Male,45.57,1,1
HCP00374,15-18,Female,991.9,18,2
HCP00374,15-18,Male,2151.27,38,2
HCP00374,19-45,Female,1785.46,29,2
HCP00374,19-45,Male,4322.37,85,2
HCP00374,9-14,Female,728.5799999999999,15,2
HCP00374,9-14,Male,1540.43,28,2
HCP00375,15-18,Female,952.94,16,1
HCP00375,15-18,Male,2685.87,53,2
HCP00375,19-45,Female,3729.97,70,3
HCP00375,19-45,Male,3605.86,63,3
HCP00375,9-14,Female,3957.5,72,3
HCP00375,9-14,Male,1412.89,22,1
HCP00376,15-18,Female,470.27,8,2
HCP00376,15-18,Male,614.36,12,3
HCP00376,19-45,Female,721.6,13,4
HCP00376,19-45,Male,1159.13,22,4
HCP00376,9-14,Female,122.55,2,2
HCP00376,9-14,Male,305.53,6,2
HCP00377,15-18,Female,5106.51,96,3
HCP00377,15-18,Male,2552.8199999999997,45,2
HCP00377,19-45,Female,10828.61,201,4
HCP00377,19-45,Male,3752.2400000000002,67,3
HCP00377,9-14,Female,1091.73,21,1
HCP00377,9-14,Male,4715.09,81,1
HCP00378,15-18,Female,945.85,18,3
HCP00378,15-18,Male,1357.47,23,4
HCP00378,19-45,Male,858.59,15,4
HCP00378,9-14,Female,385.12,8,1
HCP00378,9-14,Male,793.1,15,7
HCP00379,15-18,Female,738.6500000000001,14,1
HCP00379,19-45,Female,1361.1399999999999,25,1
HCP00379,19-45,Male,2326.94,42,1
HCP00379,9-14,Female,995.53,16,1
HCP00379,9-14,Male,1484.6,28,1
HCP00380,15-18,Female,4194.81,67,2
HCP00380,15-18,Male,2329.93,40,2
HCP00380,19-45,Female,21178.54,361,1
HCP00380,19-45,Male,2336.81,43,2
HCP00380,9-14,Female,8696.71,155,2
HCP00380,9-14,Male,660.46,14,1
HCP00381,15-18,Female,6592.77,113,3
HCP00381,15-18,Male,3229.59,63,2
HCP00381,19-45,Female,10468.23,183,5
HCP00381,19-45,Male,3074.19,57,2
HCP00381,9-14,Female,4581.82,80,4
HCP00381,9-14,Male,2982.6600000000003,52,2
HCP00382,15-18,Male,6138.1,117,2
HCP00382,19-45,Female,10864.86,206,2
HCP00382,19-45,Male,3089.9300000000003,51,1
HCP00382,9-14,Female,736.66,15,1
HCP00382,9-14,Male,580.15,9,1
HCP00383,15-18,Female,4408.889999999999,79,4
HCP00383,15-18,Male,940.74,19,2
HCP00383,19-45,Female,290.62,6,1
HCP00383,19-45,Male,3076.47,54,3
HCP00383,9-14,Female,3709.63,63,5
HCP00384,15-18,Female,1235.67,23,2
HCP00384,15-18,Male,221.85,4,1
HCP00384,19-45,Female,1252.1799999999998,22,2
HCP00384,19-45,Male,669.22,13,2
HCP00384,9-14,Female,461.87,9,1
HCP00384,9-14,Male,696.9200000000001,12,2
HCP00385,15-18,Female,2148.16,39,1
HCP00385,15-18,Male,2170.06,42,1
HCP00385,19-45,Female,7653.22,142,1
HCP00385,19-45,Male,14345.06,254,1
HCP00385,9-14,Female,1691.5700000000002,34,1
HCP00385,9-14,Male,1086.24,24,1
HCP00386,15-18,Male,582.13,11,1
HCP00386,19-45,Female,6380.52,115,2
HCP00386,19-45,Male,7459.42,135,2
HCP00386,9-14,Female,1135.35,22,2
HCP00386,9-14,Male,2343.09,44,2
HCP00387,15-18,Female,738.0600000000001,15,4
HCP00387,15-18,Male,438.16999999999996,9,2
HCP00387,19-45,Female,424.5,7,3
HCP00387,19-45,Male,1130.54,20,5
HCP00387,9-14,Female,397.39,7,2
HCP00387,9-14,Male,90.67,2,1
HCP00388,15-18,Female,671.68,13,1
HCP00388,15-18,Male,1639.07,28,1
HCP00388,19-45,Female,2068.01,42,1
HCP00388,19-45,Male,6354.75,108,1
HCP00388,9-14,Female,1748.57,36,1
HCP00388,9-14,Male,501.87,10,1
HCP00389,15-18,Female,4154.25,78,2
HCP00389,15-18,Male,5481.29,110,4
HCP00389,19-45,Female,8815.77,179,3
HCP00389,19-45,Male,15040.93,293,5
HCP00389,9-14,Female,6156.110000000001,115,2
HCP00389,9-14,Male,13556.29,264,5
HCP00390,15-18,Female,573.17,10,1
HCP00390,15-18,Male,567.46,11,1
HCP00390,19-45,Female,1150.99,20,1
HCP00390,19-45,Male,941.46,17,1
HCP00390,9-14,Female,194.72,3,1
HCP00390,9-14,Male,523.2,10,1
HCP00391,15-18,Female,4237.95,73,2
HCP00391,15-18,Male,1463.0900000000001,28,2
HCP00391,19-45,Female,8913.76,151,3
HCP00391,19-45,Male,7036.13,132,3
HCP00391,9-14,Female,4046.62,73,2
HCP00391,9-14,Male,2754.88,53,1
HCP00392,15-18,Female,611.53,10,1
HCP00392,15-18,Male,1406.5,25,1
HCP00392,19-45,Female,580.19,11,1
HCP00392,19-45,Male,5555.219999999999,102,1
HCP00392,9-14,Female,860.72,17,1
HCP00392,9-14,Male,835.73,15,1
HCP00393,15-18,Female,230.1,4,1
HCP00393,15-18,Male,1498.08,28,2
HCP00393,19-45,Female,1984.75,38,3
HCP00393,19-45,Male,3343.58,63,3
HCP00393,9-14,Female,916.52,17,2
HCP00393,9-14,Male,1527.3700000000001,28,3
HCP00394,15-18,Female,4911.71,98,2
HCP00394,15-18,Male,1230.3,26,1
HCP00394,19-45,Female,3226.48,52,2
HCP00394,19-45,Male,2343.49,47,2
HCP00394,9-14,Female,1069.61,18,1
HCP00394,9-14,Male,1128.5,18,1
HCP00395,15-18,Female,1557.72,28,2
HCP00395,15-18,Male,1262.22,25,1
HCP00395,19-45,Female,3690.5,70,2
HCP00395,19-45,Male,3229.98,64,2
HCP00395,9-14,Female,435.18,7,1
HCP00395,9-14,Male,1019.3699999999999,19,2
HCP00396,15-18,Female,10563.59,199,1
HCP00396,15-18,Male,13427.580000000002,223,1
HCP00396,19-45,Female,11805.970000000001,218,1
HCP00396,19-45,Male,43049.81,789,1
HCP00396,9-14,Female,22355.49,391,1
HCP00396,9-14,Male,4314.33,80,1
HCP00397,15-18,Female,7445.800000000001,129,2
HCP00397,15-18,Male,3493.33,67,3
HCP00397,19-45,Female,9161.31,170,3
HCP00397,19-45,Male,8292.5,161,3
HCP00397,9-14,Female,1345.25,26,1
HCP00397,9-14,Male,3915.63,66,2
HCP00398,15-18,Female,8782.5,158,2
HCP00398,15-18,Male,16502.87,300,3
HCP00398,19-45,Female,3069.3799999999997,56,1
HCP00398,19-45,Male,21594.89,365,3
HCP00398,9-14,Female,8070.84,138,2
HCP00398,9-14,Male,2102.61,35,1
HCP00399,15-18,Female,3723.0,74,3
HCP00399,15-18,Male,8347.59,151,3
HCP00399,19-45,Female,7660.96,146,3
HCP00399,19-45,Male,6000.96,112,3
HCP00399,9-14,Female,2863.52,52,2
HCP00399,9-14,Male,1729.48,32,2
HCP00400,15-18,Female,1142.55,20,1
HCP00400,15-18,Male,230.23,4,1
HCP00400,19-45,Female,2264.61,41,2
HCP00400,19-45,Male,475.84000000000003,8,1
HCP00400,9-14,Female,192.91,3,1
HCP00400,9-14,Male,928.23,15,2
HCP00401,15-18,Female,583.17,10,1
HCP00401,15-18,Male,2193.21,43,1
HCP00401,19-45,Female,1744.5099999999998,35,1
HCP00401,19-45,Male,2095.02,41,1
HCP00401,9-14,Female,1134.05,21,1
HCP00401,9-14,Male,1101.62,23,1
HCP00402,15-18,Female,1252.88,24,3
HCP00402,15-18,Male,480.24,9,2
HCP00402,19-45,Female,2910.3900000000003,49,4
HCP00402,19-45,Male,3996.34,75,7
HCP00402,9-14,Female,885.09,17,2
HCP00402,9-14,Male,1254.48,23,2
HCP00403,15-18,Female,1437.17,26,1
HCP00403,15-18,Male,2611.11,45,1
HCP00403,19-45,Female,5935.55,103,1
HCP00403,19-45,Male,3733.97,72,1
HCP00403,9-14,Female,1020.75,18,1
HCP00403,9-14,Male,1779.8799999999999,35,1
HCP00404,15-18,Female,3714.1000000000004,70,1
HCP00404,15-18,Male,3536.14,69,1
HCP00404,19-45,Female,5086.01,97,1
HCP00404,19-45,Male,10472.55,179,1
HCP00404,9-14,Female,2227.87,36,1
HCP00404,9-14,Male,576.08,11,1
HCP00405,15-18,Female,1045.99,18,2
HCP00405,15-18,Male,1579.83,28,2
HCP00405,19-45,Female,1694.62,32,2
HCP00405,19-45,Male,2899.12,53,2
HCP00405,9-14,Female,795.78,14,2
HCP00405,9-14,Male,625.53,12,2
HCP00406,15-18,Female,1417.59,25,1
HCP00406,19-45,Female,4313.54,74,1
HCP00406,19-45,Male,3772.19,72,1
HCP00406,9-14,Female,1266.6399999999999,26,1
HCP00406,9-14,Male,438.8,9,1
HCP00407,15-18,Female,3049.99,55,2
HCP00407,15-18,Male,1792.3400000000001,35,2
HCP00407,19-45,Female,8104.15,148,2
HCP00407,19-45,Male,5701.610000000001,100,2
HCP00407,9-14,Female,1316.24,25,2
HCP00407,9-14,Male,418.51,8,1
HCP00408,15-18,Female,1326.34,28,1
HCP00408,15-18,Male,1595.1200000000001,27,1
HCP00408,19-45,Female,4906.46,96,2
HCP00408,19-45,Male,2186.51,40,1
HCP00408,9-14,Female,1820.07,35,2
HCP00408,9-14,Male,727.73,14,1
HCP00409,15-18,Female,3984.1499999999996,77,2
HCP00409,15-18,Male,9336.93,161,3
HCP00409,19-45,Female,4491.02,75,2
HCP00409,19-45,Male,10443.48,192,2
HCP00409,9-14,Female,6000.26,107,3
HCP00409,9-14,Male,7026.679999999999,120,3
HCP00410,15-18,Female,2889.71,53,3
HCP00410,15-18,Male,1835.59,37,2
HCP00410,19-45,Female,3265.37,57,3
HCP00410,19-45,Male,9687.66,163,3
HCP00410,9-14,Female,2331.04,43,3
HCP00410,9-14,Male,1461.99,27,2
HCP00411,15-18,Female,5448.3,102,1
HCP00411,19-45,Female,11021.689999999999,177,1
HCP00411,19-45,Male,16927.29,305,1
HCP00411,9-14,Female,8560.72,155,1
HCP00411,9-14,Male,2030.61,34,1
HCP00412,15-18,Female,581.3,11,1
HCP00412,15-18,Male,849.96,17,1
HCP00412,19-45,Female,1985.44,40,1
HCP00412,19-45,Male,2426.23,47,1
HCP00412,9-14,Female,377.04,7,1
HCP00412,9-14,Male,1022.49,21,1
HCP00413,15-18,Female,1461.86,23,1
HCP00413,15-18,Male,3123.54,52,1
HCP00413,19-45,Female,7497.73,126,1
HCP00413,19-45,Male,7832.58,138,1
HCP00413,9-14,Female,1287.41,23,1
HCP00413,9-14,Male,1477.01,25,1
HCP00414,15-18,Female,3191.67,67,2
HCP00414,15-18,Male,6928.360000000001,133,2
HCP00414,19-45,Female,6006.780000000001,121,2
HCP00414,19-45,Male,812.42,15,1
HCP00414,9-14,Female,3748.71,71,2
HCP00414,9-14,Male,2633.52,43,2
HCP00415,15-18,Female,2894.45,55,1
HCP00415,15-18,Male,4011.5,68,2
HCP00415,19-45,Female,6833.91,127,3
HCP00415,19-45,Male,5711.25,114,2
HCP00415,9-14,Female,3522.8900000000003,63,3
HCP00415,9-14,Male,1192.79,21,1
HCP00416,15-18,Female,7913.19,136,2
HCP00416,15-18,Male,5807.15,102,2
HCP00416,19-45,Female,7703.099999999999,148,2
HCP00416,19-45,Male,4673.5,95,2
HCP00416,9-14,Female,5014.5599999999995,90,1
HCP00416,9-14,Male,2250.8799999999997,41,2
HCP00417,15-18,Female,3024.0699999999997,59,3
HCP00417,15-18,Male,2139.24,39,2
HCP00417,19-45,Female,9780.82,167,9
HCP00417,19-45,Male,4468.0199999999995,83,6
HCP00417,9-14,Female,619.07,10,1
HCP00417,9-14,Male,5333.08,95,5
HCP00418,15-18,Female,1320.8,24,1
HCP00418,15-18,Male,1228.06,22,2
HCP00418,19-45,Female,697.57,13,2
HCP00418,19-45,Male,5157.27,91,3
HCP00418,9-14,Female,2903.56,52,4
HCP00418,9-14,Male,4375.05,83,4
HCP00419,15-18,Female,4912.360000000001,87,4
HCP00419,15-18,Male,3061.14,55,2
HCP00419,19-45,Female,5667.46,103,3
HCP00419,19-45,Male,6469.71,112,4
HCP00419,9-14,Female,891.1700000000001,16,2
HCP00419,9-14,Male,1355.29,23,2
HCP00420,15-18,Female,1463.14,30,1
HCP00420,15-18,Male,1816.78,28,1
HCP00420,19-45,Female,6329.48,108,1
HCP00420,19-45,Male,13214.199999999999,256,1
HCP00420,9-14,Female,2680.06,45,1
HCP00420,9-14,Male,3890.5299999999997,70,1
HCP00421,15-18,Female,2012.98,35,2
HCP00421,15-18,Male,3092.08,61,2
HCP00421,19-45,Female,6185.81,112,3
HCP00421,19-45,Male,6222.2,115,3
HCP00421,9-14,Female,1285.11,23,2
HCP00421,9-14,Male,3345.81,56,2
HCP00422,15-18,Male,1005.43,19,1
HCP00422,19-45,Female,2618.9700000000003,48,1
HCP00422,19-45,Male,1406.02,26,1
HCP00422,9-14,Female,1065.17,18,1
HCP00422,9-14,Male,1738.34,32,1
HCP00423,15-18,Female,4501.45,77,4
HCP00423,15-18,Male,2649.64,49,4
HCP00423,19-45,Female,3998.69,78,7
HCP00423,19-45,Male,3898.2699999999995,72,6
HCP00423,9-14,Female,2426.45,41,5
HCP00423,9-14,Male,1779.31,35,3
HCP00424,15-18,Female,2046.31,38,1
HCP00424,19-45,Female,11169.76,204,4
HCP00424,19-45,Male,8913.33,153,3
HCP00424,9-14,Female,3974.48,72,2
HCP00424,9-14,Male,5146.629999999999,86,2
HCP00425,15-18,Female,1967.6100000000001,34,3
HCP00425,15-18,Male,1481.26,27,3
HCP00425,19-45,Female,6235.5199999999995,109,6
HCP00425,19-45,Male,7270.54,129,8
HCP00425,9-14,Female,843.75,18,2
HCP00425,9-14,Male,1859.29,38,2
HCP00426,15-18,Female,286.78,6,2
HCP00426,15-18,Male,0.0,0,1
HCP00426,19-45,Female,2195.76,42,3
HCP00426,19-45,Male,2412.2799999999997,47,3
HCP00426,9-14,Female,184.24,4,1
HCP00426,9-14,Male,845.98,14,2
HCP00427,15-18,Female,2192.44,37,2
HCP00427,15-18,Male,369.05,7,2
HCP00427,19-45,Female,2185.63,39,4
HCP00427,19-45,Male,795.55,16,1
HCP00427,9-14,Female,547.4300000000001,10,2
HCP00428,15-18,Female,810.31,15,2
HCP00428,15-18,Male,704.2,12,3
HCP00428,19-45,Female,2216.63,39,4
HCP00428,19-45,Male,2346.39,42,4
HCP00428,9-14,Female,336.05,7,1
HCP00428,9-14,Male,818.99,16,3
HCP00429,15-18,Female,988.02,20,2
HCP00429,15-18,Male,2976.02,57,2
HCP00429,19-45,Female,4745.6900000000005,87,2
HCP00429,19-45,Male,5153.34,95,2
HCP00429,9-14,Female,1191.23,21,2
HCP00429,9-14,Male,3648.54,63,2
HCP00430,15-18,Female,5376.48,102,6
HCP00430,15-18,Male,865.71,15,1
HCP00430,19-45,Female,11801.789999999999,216,6
HCP00430,19-45,Male,1006.49,16,1
HCP00430,9-14,Female,1989.1,38,3
HCP00430,9-14,Male,2466.18,44,3
HCP00431,15-18,Female,1052.8899999999999,21,1
HCP00431,15-18,Male,2147.13,35,2
HCP00431,19-45,Female,4424.68,82,2
HCP00431,19-45,Male,5630.34,103,2
HCP00431,9-14,Female,3089.77,49,2
HCP00431,9-14,Male,2469.24,47,2
HCP00432,15-18,Female,5272.87,88,3
HCP00432,15-18,Male,4477.72,87,2
HCP00432,19-45,Female,12103.33,240,3
HCP00432,19-45,Male,9002.039999999999,161,3
HCP00432,9-14,Female,3793.83,66,2
HCP00432,9-14,Male,2830.54,51,2
HCP00433,15-18,Female,188.26,3,1
HCP00433,15-18,Male,190.18,3,1
HCP00433,19-45,Female,1075.45,21,2
HCP00433,19-45,Male,816.07,15,1
HCP00433,9-14,Female,319.02,6,2
HCP00434,15-18,Female,14074.1,252,1
HCP00434,15-18,Male,1624.44,34,1
HCP00434,19-45,Female,11982.05,219,1
HCP00434,19-45,Male,10831.78,191,1
HCP00434,9-14,Female,4903.5,92,1
HCP00434,9-14,Male,4014.66,79,1
HCP00435,15-18,Female,283.01,5,3
HCP00435,15-18,Male,1048.94,20,3
HCP00435,19-45,Female,2294.08,40,4
HCP00435,19-45,Male,1005.18,19,4
HCP00435,9-14,Female,513.51,9,3
HCP00435,9-14,Male,465.64,9,2
HCP00436,15-18,Female,1708.63,32,2
HCP00436,15-18,Male,1625.68,30,2
HCP00436,19-45,Female,3275.81,60,4
HCP00436,19-45,Male,4176.79,82,4
HCP00436,9-14,Female,645.9100000000001,12,1
HCP00436,9-14,Male,791.06,16,2
HCP00437,15-18,Female,3596.19,67,1
HCP00437,15-18,Male,2893.57,57,1
HCP00437,19-45,Female,4084.1099999999997,70,1
HCP00437,19-45,Male,1523.54,29,1
HCP00437,9-14,Female,4773.09,83,1
HCP00437,9-14,Male,1099.48,23,1
HCP00438,15-18,Female,595.14,10,1
HCP00438,15-18,Male,2129.99,37,1
HCP00438,19-45,Female,3809.85,68,1
HCP00438,19-45,Male,1494.5500000000002,26,1
HCP00438,9-14,Female,840.5999999999999,17,1
HCP00438,9-14,Male,1266.49,25,1
HCP00439,15-18,Female,409.98,8,1
HCP00439,15-18,Male,304.11,6,1
HCP00439,19-45,Female,1012.95,20,3
HCP00439,19-45,Male,720.72,13,2
HCP00439,9-14,Female,146.82,3,1
HCP00440,15-18,Female,3433.17,64,2
HCP00440,15-18,Male,4907.93,99,4
HCP00440,19-45,Female,9090.96,157,3
HCP00440,19-45,Male,7011.09,124,4
HCP00440,9-14,Female,4084.63,76,3
HCP00440,9-14,Male,3960.62,74,2
HCP00441,15-18,Female,566.98,12,3
HCP00441,15-18,Male,602.4,10,2
HCP00441,19-45,Female,2062.33,35,4
HCP00441,19-45,Male,1156.59,23,3
HCP00441,9-14,Female,330.1,7,1
HCP00441,9-14,Male,373.33000000000004,7,2
HCP00442,15-18,Female,4233.74,73,2
HCP00442,15-18,Male,3310.25,64,2
HCP00442,19-45,Female,7164.41,121,2
HCP00442,19-45,Male,8094.37,141,2
HCP00442,9-14,Female,2118.4,37,2
HCP00442,9-14,Male,2601.34,52,2
HCP00443,15-18,Female,821.75,15,3
HCP00443,15-18,Male,2020.2600000000002,39,4
HCP00443,19-45,Female,1644.9099999999999,29,3
HCP00443,19-45,Male,2613.06,49,4
HCP00443,9-14,Female,453.72,9,1
HCP00443,9-14,Male,1436.71,27,4
HCP00444,15-18,Female,5640.98,106,1
HCP00444,15-18,Male,5091.79,99,1
HCP00444,19-45,Female,8872.02,151,1
HCP00444,19-45,Male,4209.13,68,1
HCP00444,9-14,Female,4142.4,75,1
HCP00444,9-14,Male,1325.43,23,1
HCP00445,15-18,Female,835.25,16,1
HCP00445,15-18,Male,3764.7299999999996,69,1
HCP00445,19-45,Female,4243.63,82,1
HCP00445,19-45,Male,3118.29,58,1
HCP00445,9-14,Female,1912.47,38,1
HCP00445,9-14,Male,358.35,7,1
HCP00446,15-18,Female,1093.55,19,1
HCP00446,15-18,Male,1507.44,24,1
HCP00446,19-45,Female,2285.63,43,1
HCP00446,19-45,Male,2218.31,41,1
HCP00446,9-14,Female,795.4300000000001,14,1
HCP00446,9-14,Male,1714.5100000000002,30,1
HCP00447,15-18,Female,10696.97,185,2
HCP00447,15-18,Male,24280.65,474,3
HCP00447,19-45,Female,9636.91,180,3
HCP00447,19-45,Male,15655.15,294,3
HCP00447,9-14,Female,4053.8999999999996,70,2
HCP00447,9-14,Male,15785.119999999999,260,3
HCP00448,15-18,Female,6237.64,103,2
HCP00448,15-18,Male,12320.09,194,2
HCP00448,19-45,Female,8801.35,176,2
HCP00448,19-45,Male,23444.55,396,2
HCP00448,9-14,Female,8839.19,173,3
HCP00448,9-14,Male,7199.58,124,2
HCP00449,15-18,Female,495.82,8,1
HCP00449,15-18,Male,783.6099999999999,14,1
HCP00449,19-45,Female,3043.08,50,1
HCP00449,19-45,Male,2028.73,40,1
HCP00449,9-14,Female,758.76,13,1
HCP00449,9-14,Male,790.4,14,1
HCP00450,15-18,Male,1825.52,32,1
HCP00450,19-45,Female,7973.360000000001,152,2
HCP00450,19-45,Male,2779.53,54,2
HCP00450,9-14,Female,5679.5,91,2
HCP00451,15-18,Female,3218.8499999999995,54,2
HCP00451,15-18,Male,3329.16,57,2
HCP00451,19-45,Female,4306.12,79,2
HCP00451,19-45,Male,2853.09,48,3
HCP00451,9-14,Female,4921.5599999999995,94,2
HCP00451,9-14,Male,1206.25,20,2
HCP00452,15-18,Female,383.48,6,1
HCP00452,15-18,Male,775.8299999999999,15,2
HCP00452,19-45,Female,1867.02,34,3
HCP00452,19-45,Male,813.55,16,2
HCP00452,9-14,Female,777.25,13,3
HCP00452,9-14,Male,183.43,4,1
HCP00453,15-18,Female,11082.89,203,1
HCP00453,15-18,Male,1527.02,27,1
HCP00453,19-45,Female,6612.96,122,1
HCP00453,19-45,Male,5135.67,98,1
HCP00453,9-14,Female,1665.46,26,1
HCP00453,9-14,Male,3013.4300000000003,52,1
HCP00454,15-18,Female,205.82,4,1
HCP00454,15-18,Male,440.6,8,1
HCP00454,19-45,Female,1065.3799999999999,20,2
HCP00454,19-45,Male,1988.6699999999998,34,2
HCP00454,9-14,Male,1171.23,20,2
HCP00455,15-18,Female,4514.56,75,2
HCP00455,15-18,Male,6938.07,115,2
HCP00455,19-45,Female,4046.27,74,1
HCP00455,19-45,Male,17304.59,310,4
HCP00455,9-14,Female,5946.24,105,2
HCP00456,15-18,Female,8086.469999999999,153,2
HCP00456,15-18,Male,10323.369999999999,182,2
HCP00456,19-45,Female,3676.87,75,1
HCP00456,19-45,Male,13314.470000000001,249,2
HCP00456,9-14,Female,897.17,17,1
HCP00456,9-14,Male,4603.14,79,2
HCP00457,15-18,Female,503.98,8,1
HCP00457,15-18,Male,5787.45,97,1
HCP00457,19-45,Female,5937.110000000001,107,1
HCP00457,19-45,Male,3480.5,58,1
HCP00457,9-14,Female,993.83,18,1
HCP00457,9-14,Male,1189.9299999999998,20,1
HCP00458,15-18,Female,2326.46,46,2
HCP00458,15-18,Male,5352.38,98,2
HCP00458,19-45,Female,2672.5699999999997,48,2
HCP00458,19-45,Male,3757.77,70,2
HCP00458,9-14,Female,5702.09,97,2
HCP00458,9-14,Male,2113.5299999999997,40,2
HCP00459,15-18,Female,7381.33,138,2
HCP00459,15-18,Male,3546.19,70,1
HCP00459,19-45,Female,9595.529999999999,177,2
HCP00459,19-45,Male,12728.7,218,2
HCP00459,9-14,Female,2719.25,50,1
HCP00459,9-14,Male,4925.2,89,2
HCP00460,15-18,Female,3163.21,54,2
HCP00460,15-18,Male,1061.24,19,1
HCP00460,19-45,Female,3748.4700000000003,64,2
HCP00460,19-45,Male,1979.1399999999999,38,2
HCP00460,9-14,Female,886.23,16,2
HCP00460,9-14,Male,807.38,14,1
HCP00461,15-18,Female,488.75,8,2
HCP00461,15-18,Male,182.25,3,1
HCP00461,19-45,Female,925.6199999999999,16,2
HCP00461,19-45,Male,916.3800000000001,16,2
HCP00461,9-14,Female,399.85,8,2
HCP00461,9-14,Male,108.72,2,1
HCP00462,15-18,Female,773.74,13,3
HCP00462,19-45,Female,2307.65,40,4
HCP00462,19-45,Male,462.01,9,1
HCP00462,9-14,Female,564.24,11,4
HCP00462,9-14,Male,236.07,4,1
HCP00463,15-18,Female,2811.23,50,1
HCP00463,15-18,Male,2251.75,42,1
HCP00463,19-45,Female,4748.09,88,2
HCP00463,19-45,Male,8906.23,166,2
HCP00463,9-14,Female,1802.7399999999998,33,2
HCP00463,9-14,Male,2490.21,48,1
HCP00464,15-18,Female,603.99,11,4
HCP00464,15-18,Male,123.56,2,1
HCP00464,19-45,Female,547.99,9,4
HCP00464,19-45,Male,1115.92,20,4
HCP00464,9-14,Female,0.0,0,1
HCP00464,9-14,Male,315.07000000000005,6,2
HCP00465,15-18,Female,423.12,7,1
HCP00465,15-18,Male,638.36,12,2
HCP00465,19-45,Female,1524.69,25,5
HCP00465,19-45,Male,3207.1,58,7
HCP00465,9-14,Female,1496.1,31,5
HCP00465,9-14,Male,843.7,14,2
HCP00466,15-18,Female,3377.39,55,1
HCP00466,15-18,Male,1699.1,32,1
HCP00466,19-45,Female,11695.14,202,1
HCP00466,19-45,Male,6877.030000000001,115,1
HCP00466,9-14,Female,1827.38,35,1
HCP00466,9-14,Male,3840.91,73,1
HCP00467,15-18,Female,542.11,9,1
HCP00467,15-18,Male,1892.42,35,3
HCP00467,19-45,Female,1661.32,31,2
HCP00467,19-45,Male,2201.76,38,3
HCP00467,9-14,Female,656.16,13,2
HCP00467,9-14,Male,1243.3300000000002,26,2
HCP00468,15-18,Female,1944.06,38,2
HCP00468,15-18,Male,1803.6,32,1
HCP00468,19-45,Female,2660.9300000000003,51,2
HCP00468,19-45,Male,4960.150000000001,92,2
HCP00468,9-14,Female,548.33,10,1
HCP00468,9-14,Male,1933.84,38,2
HCP00469,15-18,Female,7025.24,128,2
HCP00469,15-18,Male,9034.220000000001,164,2
HCP00469,19-45,Female,15700.07,295,2
HCP00469,19-45,Male,13163.58,238,2
HCP00469,9-14,Female,3296.1899999999996,53,2
HCP00469,9-14,Male,4895.37,92,2
HCP00470,15-18,Female,1622.63,27,1
HCP00470,15-18,Male,1656.7800000000002,31,3
HCP00470,19-45,Female,7209.49,133,10
HCP00470,19-45,Male,4987.55,83,4
HCP00470,9-14,Female,825.0899999999999,15,3
HCP00470,9-14,Male,854.43,17,3
HCP00471,15-18,Female,2806.99,51,1
HCP00471,15-18,Male,2010.1000000000001,36,1
HCP00471,19-45,Female,4498.129999999999,80,1
HCP00471,19-45,Male,3699.96,66,1
HCP00471,9-14,Female,2190.1,42,1
HCP00471,9-14,Male,1318.88,23,1
HCP00472,15-18,Female,2103.64,41,3
HCP00472,15-18,Male,2921.07,51,4
HCP00472,19-45,Female,6823.36,115,7
HCP00472,19-45,Male,8637.34,153,11
HCP00472,9-14,Female,6957.65,114,6
HCP00472,9-14,Male,2514.3999999999996,43,2
HCP00473,15-18,Female,1758.92,30,2
HCP00473,15-18,Male,1034.67,17,1
HCP00473,19-45,Female,3529.52,66,4
HCP00473,19-45,Male,3118.1,60,4
HCP00473,9-14,Female,706.38,13,1
HCP00473,9-14,Male,1953.2199999999998,34,3
HCP00474,15-18,Female,385.33,6,1
HCP00474,15-18,Male,595.8299999999999,12,1
HCP00474,19-45,Male,2917.12,55,1
HCP00474,9-14,Female,498.98,8,1
HCP00475,15-18,Female,1315.07,24,1
HCP00475,15-18,Male,3269.54,67,2
HCP00475,19-45,Female,4455.64,83,3
HCP00475,19-45,Male,7225.88,131,2
HCP00475,9-14,Female,1843.4199999999998,35,2
HCP00475,9-14,Male,1089.0,19,1
HCP00476,15-18,Male,451.31,8,2
HCP00476,19-45,Female,480.3,9,1
HCP00476,19-45,Male,394.87,7,2
HCP00476,9-14,Female,219.57,4,2
HCP00476,9-14,Male,60.55,1,2
HCP00477,15-18,Female,157.11,3,2
HCP00477,15-18,Male,162.44,3,3
HCP00477,19-45,Female,964.37,18,3
HCP00477,19-45,Male,665.21,12,2
HCP00477,9-14,Female,0.0,0,1
HCP00477,9-14,Male,223.57999999999998,4,1
HCP00478,15-18,Female,3079.75,59,1
HCP00478,15-18,Male,8450.8,143,3
HCP00478,19-45,Female,7033.1900000000005,115,2
HCP00478,19-45,Male,11254.880000000001,200,4
HCP00478,9-14,Female,5185.11,90,2
HCP00478,9-14,Male,3318.42,63,2
HCP00479,15-18,Female,4056.9,76,2
HCP00479,15-18,Male,5384.92,108,2
HCP00479,19-45,Female,12140.29,225,2
HCP00479,19-45,Male,6943.81,134,1
HCP00479,9-14,Female,2618.46,47,2
HCP00479,9-14,Male,2628.18,45,1
HCP00480,15-18,Female,908.25,14,1
HCP00480,15-18,Male,1122.73,18,2
HCP00480,19-45,Female,3676.33,64,2
HCP00480,19-45,Male,2751.49,50,2
HCP00480,9-14,Female,1042.52,17,2
HCP00480,9-14,Male,1042.47,17,2
HCP00481,15-18,Female,197.15,4,1
HCP00481,15-18,Male,105.84,2,1
HCP00481,19-45,Female,1612.7,30,1
HCP00481,19-45,Male,1659.91,30,1
HCP00481,9-14,Female,585.55,10,1
HCP00481,9-14,Male,166.26999999999998,3,1
HCP00482,15-18,Female,7904.04,149,1
HCP00482,19-45,Female,12121.11,233,1
HCP00482,19-45,Male,15956.14,289,1
HCP00482,9-14,Female,8150.710000000001,151,1
HCP00482,9-14,Male,5992.33,111,1
HCP00483,15-18,Female,601.97,12,1
HCP00483,15-18,Male,299.0,6,1
HCP00483,19-45,Female,5722.99,109,2
HCP00483,19-45,Male,2514.33,44,2
HCP00483,9-14,Female,797.5999999999999,16,2
HCP00483,9-14,Male,3066.05,59,2
HCP00484,15-18,Female,2556.8,52,2
HCP00484,19-45,Female,7903.8099999999995,133,3
HCP00484,19-45,Male,7850.94,142,3
HCP00484,9-14,Female,6100.93,113,4
HCP00484,9-14,Male,2192.69,36,2
HCP00485,15-18,Female,710.25,11,1
HCP00485,15-18,Male,4595.96,82,1
HCP00485,19-45,Female,5462.22,93,1
HCP00485,19-45,Male,4136.96,75,1
HCP00485,9-14,Female,838.74,15,1
HCP00485,9-14,Male,1923.45,36,1
HCP00486,15-18,Male,1425.3600000000001,27,2
HCP00486,19-45,Female,1561.64,29,2
HCP00486,19-45,Male,188.93,4,1
HCP00486,9-14,Female,584.65,11,2
HCP00486,9-14,Male,574.5699999999999,11,2
HCP00487,15-18,Female,1047.6799999999998,17,3
HCP00487,15-18,Male,1380.1599999999999,26,2
HCP00487,19-45,Female,293.6,5,2
HCP00487,19-45,Male,833.83,15,2
HCP00487,9-14,Female,971.54,18,3
HCP00487,9-14,Male,590.15,11,2
HCP00488,15-18,Female,3483.24,62,1
HCP00488,15-18,Male,2822.98,51,1
HCP00488,19-45,Female,4516.59,84,1
HCP00488,19-45,Male,7276.19,127,1
HCP00488,9-14,Female,1882.75,35,1
HCP00488,9-14,Male,1141.56,22,1
HCP00489,15-18,Female,259.82,4,1
HCP00489,15-18,Male,619.94,11,1
HCP00489,19-45,Female,1317.0,23,1
HCP00489,19-45,Male,3304.33,57,1
HCP00489,9-14,Female,1018.78,18,1
HCP00489,9-14,Male,1065.8,18,1
HCP00490,15-18,Female,5363.37,95,4
HCP00490,15-18,Male,3685.19,75,1
HCP00490,19-45,Female,19845.49,374,9
HCP00490,19-45,Male,17561.53,312,10
HCP00490,9-14,Male,10925.32,198,7
HCP00491,15-18,Female,1313.86,24,1
HCP00491,15-18,Male,557.5699999999999,10,1
HCP00491,19-45,Female,2665.26,51,1
HCP00491,19-45,Male,3443.26,60,1
HCP00491,9-14,Female,1242.3899999999999,21,1
HCP00491,9-14,Male,1253.79,24,1
HCP00492,15-18,Female,2036.05,35,3
HCP00492,15-18,Male,530.26,9,1
HCP00492,19-45,Female,1767.79,32,2
HCP00492,19-45,Male,2066.79,42,3
HCP00492,9-14,Female,473.25,8,2
HCP00492,9-14,Male,741.81,13,2
HCP00493,15-18,Female,2003.05,38,2
HCP00493,15-18,Male,2113.23,41,2
HCP00493,19-45,Female,6440.08,113,2
HCP00493,19-45,Male,1892.4899999999998,35,2
HCP00493,9-14,Female,1344.47,22,1
HCP00493,9-14,Male,3216.37,56,2
HCP00494,15-18,Female,367.92,8,1
HCP00494,15-18,Male,2735.55,49,2
HCP00494,19-45,Female,3370.25,55,2
HCP00494,19-45,Male,5075.94,94,2
HCP00494,9-14,Female,812.89,18,1
HCP00494,9-14,Male,3380.7,61,1
HCP00495,15-18,Female,745.48,14,3
HCP00495,15-18,Male,47.77,1,1
HCP00495,19-45,Female,2184.4900000000002,42,3
HCP00495,19-45,Male,1511.1799999999998,30,3
HCP00495,9-14,Female,593.55,11,2
HCP00496,15-18,Female,102.93,2,1
HCP00496,15-18,Male,874.61,16,6
HCP00496,19-45,Female,1544.4,27,10
HCP00496,19-45,Male,1164.23,21,7
HCP00496,9-14,Female,155.49,3,1
HCP00496,9-14,Male,255.18,5,2
HCP00497,15-18,Female,2969.52,52,3
HCP00497,15-18,Male,230.96,5,1
HCP00497,19-45,Female,683.19,13,2
HCP00497,19-45,Male,4812.16,84,3
HCP00497,9-14,Female,433.85,9,1
HCP00497,9-14,Male,1567.44,26,3
HCP00498,15-18,Female,949.53,17,1
HCP00498,15-18,Male,227.85,4,1
HCP00498,19-45,Female,2524.11,44,2
HCP00498,19-45,Male,2344.75,43,2
HCP00498,9-14,Female,590.73,10,2
HCP00498,9-14,Male,857.36,15,2
HCP00499,15-18,Female,1963.77,39,2
HCP00499,15-18,Male,1245.5,25,2
HCP00499,19-45,Female,2494.81,44,2
HCP00499,19-45,Male,8203.6,144,3
HCP00499,9-14,Female,2827.87,53,2
HCP00499,9-14,Male,2637.0699999999997,47,2
HCP00500,15-18,Female,1937.7399999999998,40,2
HCP00500,15-18,Male,5370.43,96,3
HCP00500,19-45,Female,5666.58,99,3
HCP00500,19-45,Male,7743.76,151,3
HCP00500,9-14,Female,5069.04,90,3
HCP00500,9-14,Male,3346.23,61,2
HCP00501,15-18,Female,968.07,21,1
HCP00501,15-18,Male,1478.65,28,1
HCP00501,19-45,Female,4328.71,78,2
HCP00501,19-45,Male,6435.34,113,2
HCP00501,9-14,Female,572.76,9,1
HCP00501,9-14,Male,2238.83,40,2
HCP00502,15-18,Female,2451.4300000000003,46,1
HCP00502,15-18,Male,627.86,10,1
HCP00502,19-45,Female,4227.1900000000005,71,1
HCP00502,19-45,Male,892.61,18,1
HCP00502,9-14,Female,4555.26,79,1
HCP00502,9-14,Male,1935.87,33,1
HCP00503,15-18,Female,4312.6900000000005,77,3
HCP00503,15-18,Male,968.9,15,1
HCP00503,19-45,Female,5577.41,100,2
HCP00503,19-45,Male,2896.38,51,2
HCP00503,9-14,Female,2849.06,51,2
HCP00503,9-14,Male,1737.45,30,2
HCP00504,15-18,Female,553.09,12,1
HCP00504,15-18,Male,1459.86,27,2
HCP00504,19-45,Female,5927.58,111,2
HCP00504,19-45,Male,2663.92,45,2
HCP00504,9-14,Female,2618.46,48,2
HCP00504,9-14,Male,546.48,9,1
HCP00505,15-18,Female,295.57,5,1
HCP00505,15-18,Male,1160.71,21,1
HCP00505,19-45,Female,4832.41,84,2
HCP00505,19-45,Male,1251.2,23,2
HCP00505,9-14,Female,1151.12,19,2
HCP00506,15-18,Female,1129.05,25,1
HCP00506,15-18,Male,5502.7,95,2
HCP00506,19-45,Female,14445.88,279,3
HCP00506,19-45,Male,15162.119999999999,285,3
HCP00506,9-14,Female,1449.25,28,1
HCP00506,9-14,Male,4654.77,77,2
HCP00507,15-18,Female,1247.42,20,3
HCP00507,15-18,Male,1969.8600000000001,38,4
HCP00507,19-45,Female,3550.37,62,4
HCP00507,19-45,Male,4511.02,80,5
HCP00507,9-14,Female,1391.02,24,4
HCP00508,15-18,Female,4591.99,86,2
HCP00508,15-18,Male,3714.3,64,2
HCP00508,19-45,Female,6954.67,123,2
HCP00508,19-45,Male,18594.63,334,2
HCP00508,9-14,Female,3202.31,61,2
HCP00508,9-14,Male,5885.929999999999,100,2
HCP00509,15-18,Female,339.45000000000005,6,3
HCP00509,15-18,Male,117.88,2,1
HCP00509,19-45,Female,171.56,3,3
HCP00509,19-45,Male,689.18,13,3
HCP00509,9-14,Female,0.0,0,1
HCP00509,9-14,Male,202.25,4,1
HCP00510,15-18,Female,1944.73,33,1
HCP00510,15-18,Male,2436.21,42,1
HCP00510,19-45,Female,3928.82,73,1
HCP00510,19-45,Male,4551.5599999999995,85,1
HCP00510,9-14,Female,1792.5,32,1
HCP00510,9-14,Male,388.02,6,1
HCP00511,15-18,Female,3260.8900000000003,62,2
HCP00511,15-18,Male,1291.68,23,2
HCP00511,19-45,Female,2311.45,43,2
HCP00511,19-45,Male,906.45,18,2
HCP00511,9-14,Female,1647.5,27,2
HCP00511,9-14,Male,723.64,14,2
HCP00512,15-18,Female,2789.4,52,2
HCP00512,15-18,Male,790.1600000000001,14,2
HCP00512,19-45,Female,1182.1999999999998,21,2
HCP00512,19-45,Male,2773.12,48,2
HCP00512,9-14,Female,1446.49,26,1
HCP00512,9-14,Male,974.43,17,2
HCP00513,15-18,Female,1113.67,20,1
HCP00513,15-18,Male,1506.83,31,1
HCP00513,19-45,Female,4437.0,81,1
HCP00513,19-45,Male,2257.76,44,1
HCP00513,9-14,Female,1926.19,33,1
HCP00514,15-18,Female,1721.5900000000001,33,2
HCP00514,15-18,Male,1309.3,24,2
HCP00514,19-45,Female,4557.7300000000005,83,2
HCP00514,19-45,Male,1567.26,28,2
HCP00514,9-14,Female,525.58,9,1
HCP00514,9-14,Male,671.01,13,2
HCP00515,15-18,Female,452.05,8,1
HCP00515,15-18,Male,1336.28,25,2
HCP00515,19-45,Female,2293.16,41,2
HCP00515,19-45,Male,836.6,14,2
HCP00515,9-14,Female,569.26,10,2
HCP00515,9-14,Male,427.45,8,2
HCP00516,15-18,Male,3861.26,66,2
HCP00516,19-45,Female,6034.9,104,2
HCP00516,19-45,Male,7806.54,157,2
HCP00516,9-14,Female,5400.639999999999,104,2
HCP00516,9-14,Male,4005.2000000000003,70,2
HCP00517,15-18,Female,227.3,5,1
HCP00517,15-18,Male,1057.52,20,2
HCP00517,19-45,Female,561.5799999999999,11,2
HCP00517,19-45,Male,1556.81,29,2
HCP00517,9-14,Female,1273.27,23,2
HCP00517,9-14,Male,498.95,10,2
HCP00518,15-18,Female,691.39,13,1
HCP00518,15-18,Male,1033.48,20,2
HCP00518,19-45,Female,1574.1399999999999,32,2
HCP00518,19-45,Male,2529.95,43,2
HCP00518,9-14,Female,1664.15,30,2
HCP00518,9-14,Male,1630.5700000000002,28,3
HCP00519,15-18,Female,5118.46,89,2
HCP00519,15-18,Male,2751.62,53,1
HCP00519,19-45,Female,2634.2200000000003,44,2
HCP00519,19-45,Male,6042.04,103,2
HCP00519,9-14,Female,4248.65,78,2
HCP00519,9-14,Male,254.29,4,1
HCP00520,15-18,Female,5944.88,109,3
HCP00520,15-18,Male,9618.14,178,4
HCP00520,19-45,Female,21207.52,383,4
HCP00520,19-45,Male,12185.41,230,4
HCP00520,9-14,Female,8360.91,155,3
HCP00520,9-14,Male,2971.9,61,2
HCP00521,15-18,Female,3346.59,63,2
HCP00521,15-18,Male,2909.88,56,2
HCP00521,19-45,Female,17429.65,329,11
HCP00521,19-45,Male,8162.0599999999995,160,5
HCP00521,9-14,Female,1521.07,29,2
HCP00521,9-14,Male,2671.6400000000003,49,3
HCP00522,15-18,Female,1888.3200000000002,33,1
HCP00522,15-18,Male,1547.76,25,1
HCP00522,19-45,Female,3933.17,69,1
HCP00522,19-45,Male,3733.75,63,1
HCP00522,9-14,Female,2609.67,49,1
HCP00522,9-14,Male,1955.93,36,1
HCP00523,15-18,Male,2623.89,54,1
HCP00523,19-45,Female,8673.119999999999,172,1
HCP00523,19-45,Male,5621.87,111,1
HCP00523,9-14,Female,1805.42,34,1
HCP00523,9-14,Male,1577.42,35,1
HCP00524,15-18,Female,3880.67,73,3
HCP00524,15-18,Male,2240.02,40,3
HCP00524,19-45,Female,500.45,8,1
HCP00524,19-45,Male,9107.72,165,4
HCP00524,9-14,Female,675.31,12,1
HCP00524,9-14,Male,329.05,7,1
HCP00525,15-18,Female,356.02,7,1
HCP00525,15-18,Male,730.36,13,1
HCP00525,19-45,Female,2705.11,48,2
HCP00525,19-45,Male,1285.52,23,2
HCP00525,9-14,Female,810.05,15,2
HCP00525,9-14,Male,764.7099999999999,13,2
HCP00526,15-18,Female,1947.33,35,1
HCP00526,15-18,Male,1084.69,22,1
HCP00526,19-45,Female,3497.59,62,2
HCP00526,19-45,Male,4459.41,81,2
HCP00526,9-14,Female,1289.03,23,2
HCP00526,9-14,Male,1562.44,27,2
HCP00527,15-18,Female,1198.44,23,2
HCP00527,15-18,Male,388.18,8,2
HCP00527,19-45,Female,4151.95,76,3
HCP00527,19-45,Male,2241.41,37,2
HCP00527,9-14,Female,459.3,9,2
HCP00527,9-14,Male,510.13,10,1
HCP00528,15-18,Female,1326.79,22,1
HCP00528,15-18,Male,477.93,9,1
HCP00528,19-45,Female,2471.8,43,2
HCP00528,19-45,Male,4432.95,77,2
HCP00528,9-14,Female,3352.9,61,2
HCP00528,9-14,Male,798.58,14,1
HCP00529,15-18,Female,1112.09,21,1
HCP00529,15-18,Male,1962.79,37,2
HCP00529,19-45,Female,2024.92,37,2
HCP00529,19-45,Male,3340.88,65,2
HCP00529,9-14,Female,1054.33,20,1
HCP00529,9-14,Male,1595.33,29,2
HCP00530,15-18,Female,2828.8900000000003,49,2
HCP00530,15-18,Male,1147.46,18,1
HCP00530,19-45,Female,3892.64,74,2
HCP00530,19-45,Male,2135.51,41,2
HCP00530,9-14,Female,505.05,8,1
HCP00530,9-14,Male,1702.36,32,2
HCP00531,15-18,Female,1926.5500000000002,35,2
HCP00531,15-18,Male,3725.86,62,3
HCP00531,19-45,Female,5291.110000000001,93,3
HCP00531,19-45,Male,6800.38,130,4
HCP00531,9-14,Female,2951.99,56,4
HCP00531,9-14,Male,2049.1,37,3
HCP00532,15-18,Female,574.23,12,1
HCP00532,15-18,Male,2170.24,43,1
HCP00532,19-45,Female,1628.6,36,1
HCP00532,19-45,Male,5280.25,87,1
HCP00532,9-14,Female,1467.26,27,1
HCP00532,9-14,Male,567.21,9,1
HCP00533,15-18,Female,4070.0699999999997,71,2
HCP00533,15-18,Male,4162.639999999999,70,1
HCP00533,19-45,Female,2041.04,35,2
HCP00533,19-45,Male,5988.629999999999,117,2
HCP00533,9-14,Female,2796.46,55,2
HCP00533,9-14,Male,737.21,15,1
HCP00534,15-18,Female,277.01,5,1
HCP00534,15-18,Male,1837.5,38,5
HCP00534,19-45,Female,3165.59,58,5
HCP00534,19-45,Male,5653.63,103,9
HCP00534,9-14,Female,1796.22,33,4
HCP00534,9-14,Male,2414.18,42,4
HCP00535,15-18,Female,1812.25,34,1
HCP00535,15-18,Male,4642.13,93,2
HCP00535,19-45,Female,18726.73,329,2
HCP00535,19-45,Male,6257.68,119,2
HCP00535,9-14,Female,5747.95,106,2
HCP00536,15-18,Female,967.03,18,2
HCP00536,15-18,Male,1118.36,19,1
HCP00536,19-45,Female,5390.7300000000005,99,3
HCP00536,19-45,Male,2774.64,52,3
HCP00536,9-14,Female,2017.23,38,3
HCP00536,9-14,Male,356.41,7,1
HCP00537,15-18,Female,3608.7700000000004,67,1
HCP00537,15-18,Male,6233.1900000000005,112,2
HCP00537,19-45,Female,13160.17,235,2
HCP00537,19-45,Male,15339.4,273,2
HCP00537,9-14,Female,6916.65,129,1
HCP00537,9-14,Male,2253.44,43,1
HCP00538,15-18,Female,1023.51,17,1
HCP00538,15-18,Male,2598.81,47,1
HCP00538,19-45,Female,945.4300000000001,16,1
HCP00538,19-45,Male,5260.25,97,1
HCP00538,9-14,Female,902.18,17,1
HCP00538,9-14,Male,2866.7200000000003,53,1
HCP00539,15-18,Female,2348.92,45,1
HCP00539,15-18,Male,1497.64,28,1
HCP00539,19-45,Female,2481.92,48,1
HCP00539,19-45,Male,1169.71,22,1
HCP00539,9-14,Female,901.64,15,1
HCP00539,9-14,Male,1050.35,18,1
HCP00540,15-18,Female,610.77,12,1
HCP00540,15-18,Male,658.15,13,1
HCP00540,19-45,Female,1213.78,21,1
HCP00540,19-45,Male,1288.43,23,1
HCP00540,9-14,Female,715.72,12,1
HCP00540,9-14,Male,335.99,6,1
HCP00541,15-18,Female,743.39,14,1
HCP00541,15-18,Male,3475.9500000000003,57,1
HCP00541,19-45,Female,6532.58,123,2
HCP00541,19-45,Male,5550.7699999999995,102,2
HCP00541,9-14,Female,3359.67,54,2
HCP00541,9-14,Male,1953.42,32,2
HCP00542,15-18,Female,319.99,7,1
HCP00542,15-18,Male,1410.07,24,1
HCP00542,19-45,Female,1589.5700000000002,27,2
HCP00542,19-45,Male,4505.55,88,2
HCP00542,9-14,Female,217.24,4,1
HCP00543,15-18,Female,12362.130000000001,218,2
HCP00543,15-18,Male,8228.77,146,1
HCP00543,19-45,Female,12692.21,239,2
HCP00543,19-45,Male,14064.08,256,2
HCP00543,9-14,Female,1187.57,22,1
HCP00544,15-18,Female,4078.73,77,1
HCP00544,15-18,Male,3723.87,74,2
HCP00544,19-45,Female,9574.38,183,2
HCP00544,19-45,Male,6512.15,124,2
HCP00544,9-14,Female,4026.21,81,2
HCP00544,9-14,Male,7381.13,136,2
HCP00545,15-18,Female,1226.6399999999999,24,2
HCP00545,15-18,Male,1267.73,25,4
HCP00545,19-45,Female,1438.83,29,3
HCP00545,19-45,Male,3581.33,65,7
HCP00545,9-14,Female,1630.74,28,4
HCP00545,9-14,Male,573.64,12,3
HCP00546,15-18,Female,2352.4,42,2
HCP00546,15-18,Male,788.45,14,1
HCP00546,19-45,Female,3087.7,56,2
HCP00546,19-45,Male,2677.5699999999997,48,2
HCP00546,9-14,Female,819.76,14,1
HCP00546,9-14,Male,689.51,14,2
HCP00547,15-18,Female,4750.99,80,2
HCP00547,15-18,Male,371.36,7,1
HCP00547,19-45,Female,10455.81,191,3
HCP00547,19-45,Male,8603.1,148,3
HCP00547,9-14,Female,2733.59,47,2
HCP00548,15-18,Female,840.04,15,2
HCP00548,15-18,Male,875.86,15,2
HCP00548,19-45,Female,1319.05,23,2
HCP00548,19-45,Male,1486.53,30,2
HCP00548,9-14,Female,650.9,12,2
HCP00548,9-14,Male,373.38,7,1
HCP00549,15-18,Female,3151.6,59,3
HCP00549,15-18,Male,2167.78,41,3
HCP00549,19-45,Female,3634.0,68,2
HCP00549,19-45,Male,5571.15,100,3
HCP00549,9-14,Female,1799.1399999999999,32,2
HCP00549,9-14,Male,1790.5800000000002,33,3
HCP00550,15-18,Female,13173.73,264,1
HCP00550,15-18,Male,13580.51,247,1
HCP00550,19-45,Female,17425.16,299,1
HCP00550,19-45,Male,18557.02,365,1
HCP00550,9-14,Female,8597.25,165,1
HCP00550,9-14,Male,6630.79,124,1
HCP00551,15-18,Female,1460.63,23,2
HCP00551,19-45,Female,2487.63,42,3
HCP00551,19-45,Male,3507.34,63,6
HCP00551,9-14,Female,1193.35,23,3
HCP00551,9-14,Male,2371.3,43,5
HCP00552,15-18,Female,1174.29,21,1
HCP00552,15-18,Male,3330.41,54,2
HCP00552,19-45,Female,9003.94,164,1
HCP00552,19-45,Male,11732.82,196,2
HCP00552,9-14,Female,881.16,17,1
HCP00552,9-14,Male,7152.31,127,2
HCP00553,15-18,Female,1758.95,35,1
HCP00553,15-18,Male,1205.56,20,1
HCP00553,19-45,Female,4234.5,75,1
HCP00553,19-45,Male,2888.26,57,1
HCP00553,9-14,Female,756.4,16,1
HCP00553,9-14,Male,1133.0,20,1
HCP00554,15-18,Female,2079.83,32,1
HCP00554,15-18,Male,4047.77,71,1
HCP00554,19-45,Female,3913.3599999999997,62,1
HCP00554,19-45,Male,9015.35,164,1
HCP00554,9-14,Female,4278.05,77,1
HCP00554,9-14,Male,1939.73,32,1
HCP00555,15-18,Female,265.05,5,2
HCP00555,15-18,Male,2066.13,41,3
HCP00555,19-45,Female,2340.6099999999997,40,3
HCP00555,19-45,Male,3466.5299999999997,57,3
HCP00555,9-14,Female,1976.38,35,2
HCP00555,9-14,Male,742.88,13,2
HCP00556,15-18,Female,951.2,17,1
HCP00556,15-18,Male,1308.1399999999999,21,1
HCP00556,19-45,Female,1801.74,35,1
HCP00556,19-45,Male,1342.48,24,1
HCP00556,9-14,Female,624.53,13,1
HCP00556,9-14,Male,606.77,11,1
HCP00557,15-18,Female,1419.58,27,2
HCP00557,15-18,Male,577.18,9,1
HCP00557,19-45,Female,5139.06,90,2
HCP00557,19-45,Male,4445.2,85,2
HCP00557,9-14,Female,210.81,4,1
HCP00557,9-14,Male,1145.59,22,3
HCP00558,15-18,Female,1334.68,24,2
HCP00558,15-18,Male,399.69,7,1
HCP00558,19-45,Female,2278.2999999999997,44,2
HCP00558,19-45,Male,1763.64,32,2
HCP00558,9-14,Female,624.82,12,1
HCP00558,9-14,Male,1768.7,32,1
HCP00559,15-18,Female,6581.42,123,1
HCP00559,15-18,Male,2655.37,46,1
HCP00559,19-45,Female,3233.99,55,1
HCP00559,19-45,Male,8706.039999999999,150,1
HCP00559,9-14,Female,6632.14,129,1
HCP00559,9-14,Male,1998.84,38,1
HCP00560,15-18,Female,1372.6,24,1
HCP00560,15-18,Male,5263.27,100,2
HCP00560,19-45,Female,4424.67,78,2
HCP00560,19-45,Male,6888.84,130,2
HCP00560,9-14,Male,3371.49,56,2
HCP00561,15-18,Female,3759.3999999999996,69,1
HCP00561,15-18,Male,5363.53,93,1
HCP00561,19-45,Female,1160.31,21,1
HCP00561,19-45,Male,8501.81,153,1
HCP00561,9-14,Female,3048.67,57,1
HCP00561,9-14,Male,2511.91,45,1
HCP00562,15-18,Female,6748.389999999999,122,2
HCP00562,15-18,Male,4723.73,81,2
HCP00562,19-45,Female,4953.280000000001,83,2
HCP00562,19-45,Male,15974.060000000001,281,3
HCP00562,9-14,Female,7541.12,151,1
HCP00562,9-14,Male,3977.16,71,1
HCP00563,15-18,Female,4105.82,69,3
HCP00563,15-18,Male,8837.67,155,4
HCP00563,19-45,Female,5200.77,100,4
HCP00563,19-45,Male,11281.84,206,5
HCP00563,9-14,Female,4458.96,88,2
HCP00563,9-14,Male,6120.75,112,4
HCP00564,15-18,Female,213.71,4,2
HCP00564,15-18,Male,178.59,3,2
HCP00564,19-45,Female,560.29,10,2
HCP00564,19-45,Male,256.01,5,2
HCP00564,9-14,Female,156.01,3,2
HCP00565,15-18,Female,1483.48,23,1
HCP00565,15-18,Male,4026.46,72,1
HCP00565,19-45,Female,1323.33,22,1
HCP00565,19-45,Male,1104.88,20,1
HCP00565,9-14,Female,2165.84,43,1
HCP00565,9-14,Male,1634.4299999999998,30,1
HCP00566,15-18,Female,680.44,13,2
HCP00566,15-18,Male,1088.96,17,2
HCP00566,19-45,Female,1883.01,33,1
HCP00566,19-45,Male,796.34,14,2
HCP00566,9-14,Female,1451.91,27,2
HCP00566,9-14,Male,1275.8,25,2
HCP00567,15-18,Female,872.24,15,2
HCP00567,15-18,Male,3095.75,52,3
HCP00567,19-45,Female,4133.66,82,6
HCP00567,19-45,Male,5787.889999999999,109,7
HCP00567,9-14,Female,314.83,5,1
HCP00567,9-14,Male,496.96,10,1
HCP00568,15-18,Female,5865.24,103,1
HCP00568,19-45,Female,9632.38,166,1
HCP00568,19-45,Male,4576.92,83,1
HCP00568,9-14,Female,938.56,18,1
HCP00568,9-14,Male,2529.79,39,1
HCP00569,15-18,Female,103.81,2,1
HCP00569,15-18,Male,724.4,12,2
HCP00569,19-45,Female,2449.73,45,3
HCP00569,19-45,Male,785.0699999999999,16,2
HCP00569,9-14,Male,316.49,6,2
HCP00570,15-18,Female,5101.03,94,2
HCP00570,15-18,Male,1730.72,34,2
HCP00570,19-45,Female,5379.91,93,2
HCP00570,19-45,Male,7115.610000000001,124,2
HCP00570,9-14,Female,1397.77,25,2
HCP00570,9-14,Male,2147.63,37,1
HCP00571,15-18,Male,4781.0199999999995,96,3
HCP00571,19-45,Female,19933.2,353,3
HCP00571,19-45,Male,23828.16,426,3
HCP00571,9-14,Female,5746.639999999999,112,3
HCP00571,9-14,Male,6071.83,116,3
HCP00572,15-18,Female,3352.58,64,3
HCP00572,15-18,Male,2383.87,40,2
HCP00572,19-45,Female,4143.51,76,3
HCP00572,19-45,Male,5981.41,108,5
HCP00572,9-14,Female,2860.94,54,5
HCP00572,9-14,Male,3979.3199999999997,77,5
HCP00573,15-18,Female,1224.2,22,2
HCP00573,15-18,Male,463.99,8,2
HCP00573,19-45,Female,851.07,16,2
HCP00573,19-45,Male,1984.7,35,2
HCP00573,9-14,Female,102.13,2,1
HCP00573,9-14,Male,406.71,7,2
HCP00574,15-18,Female,2608.2,48,3
HCP00574,15-18,Male,3594.55,63,4
HCP00574,19-45,Female,3875.37,67,6
HCP00574,19-45,Male,2349.69,44,3
HCP00574,9-14,Female,2937.11,59,4
HCP00574,9-14,Male,1268.44,22,3
HCP00575,15-18,Female,2602.11,51,1
HCP00575,15-18,Male,533.63,11,1
HCP00575,19-45,Female,8614.64,160,1
HCP00575,19-45,Male,4445.14,86,1
HCP00575,9-14,Female,3765.06,66,1
HCP00575,9-14,Male,2893.8399999999997,54,1
HCP00576,15-18,Female,365.35,7,2
HCP00576,15-18,Male,106.49000000000001,2,1
HCP00576,19-45,Female,656.99,13,2
HCP00576,19-45,Male,592.52,10,2
HCP00576,9-14,Female,497.26,9,2
HCP00576,9-14,Male,255.02000000000004,5,2
HCP00577,15-18,Female,3528.05,61,1
HCP00577,15-18,Male,1721.3899999999999,29,1
HCP00577,19-45,Female,2781.3999999999996,51,1
HCP00577,19-45,Male,6388.53,117,1
HCP00577,9-14,Female,1623.42,30,1
HCP00578,15-18,Female,2829.62,50,3
HCP00578,15-18,Male,1670.51,28,2
HCP00578,19-45,Female,10382.23,188,3
HCP00578,19-45,Male,4423.9400000000005,77,3
HCP00578,9-14,Female,3563.93,66,2
HCP00578,9-14,Male,2556.21,52,2
HCP00579,15-18,Female,1394.29,24,2
HCP00579,15-18,Male,978.0999999999999,17,2
HCP00579,19-45,Female,1489.9299999999998,28,2
HCP00579,19-45,Male,5059.47,92,2
HCP00579,9-14,Female,2067.81,38,3
HCP00579,9-14,Male,3879.83,68,3
HCP00580,15-18,Female,278.8,5,1
HCP00580,15-18,Male,1390.6499999999999,25,1
HCP00580,19-45,Female,1627.83,29,1
HCP00580,19-45,Male,1606.43,30,1
HCP00580,9-14,Female,424.55,9,1
HCP00580,9-14,Male,1884.6999999999998,34,1
HCP00581,15-18,Female,1333.07,25,1
HCP00581,15-18,Male,1545.8,24,1
HCP00581,19-45,Female,3983.22,72,1
HCP00581,19-45,Male,5893.93,99,2
HCP00581,9-14,Female,2915.03,54,2
HCP00581,9-14,Male,3874.5,73,2
HCP00582,15-18,Female,1490.19,26,2
HCP00582,15-18,Male,979.9100000000001,17,1
HCP00582,19-45,Female,5967.93,106,2
HCP00582,19-45,Male,601.71,11,1
HCP00582,9-14,Female,682.01,11,1
HCP00582,9-14,Male,560.21,11,2
HCP00583,15-18,Female,669.31,12,1
HCP00583,19-45,Female,3493.3,63,1
HCP00583,19-45,Male,5036.62,90,1
HCP00583,9-14,Female,2103.4,35,1
HCP00583,9-14,Male,511.26,8,1
HCP00584,15-18,Female,591.82,12,1
HCP00584,15-18,Male,4459.47,73,1
HCP00584,19-45,Female,2998.3199999999997,52,2
HCP00584,19-45,Male,2701.5699999999997,50,2
HCP00584,9-14,Female,2291.16,43,2
HCP00584,9-14,Male,2032.86,39,2
HCP00585,15-18,Female,218.89,4,2
HCP00585,15-18,Male,306.2,5,1
HCP00585,19-45,Female,668.49,13,2
HCP00585,19-45,Male,970.28,17,2
HCP00585,9-14,Female,163.16,3,1
HCP00585,9-14,Male,470.78,8,2
HCP00586,15-18,Female,785.47,14,2
HCP00586,15-18,Male,617.76,11,1
HCP00586,19-45,Female,1432.59,26,2
HCP00586,19-45,Male,1203.81,22,2
HCP00586,9-14,Female,441.23,8,2
HCP00586,9-14,Male,580.92,11,2
HCP00587,15-18,Female,2161.85,40,1
HCP00587,15-18,Male,2368.39,45,1
HCP00587,19-45,Female,2836.06,51,1
HCP00587,19-45,Male,4936.97,87,1
HCP00587,9-14,Female,273.15,5,1
HCP00587,9-14,Male,1549.12,27,1
HCP00588,15-18,Female,4720.74,100,1
HCP00588,15-18,Male,12828.44,223,1
HCP00588,19-45,Female,7365.530000000001,136,1
HCP00588,19-45,Male,21610.88,385,1
HCP00588,9-14,Female,15576.35,273,1
HCP00589,15-18,Male,3617.2,71,1
HCP00589,19-45,Female,9475.49,174,1
HCP00589,19-45,Male,7312.34,129,1
HCP00589,9-14,Female,1899.92,35,1
HCP00590,15-18,Female,1168.94,21,1
HCP00590,15-18,Male,1063.16,19,3
HCP00590,19-45,Female,3407.0299999999997,66,3
HCP00590,19-45,Male,3983.63,70,4
HCP00590,9-14,Female,413.09000000000003,8,2
HCP00590,9-14,Male,1594.26,31,2
HCP00591,15-18,Female,401.01,7,4
HCP00591,15-18,Male,759.77,13,5
HCP00591,19-45,Female,1209.49,21,7
HCP00591,19-45,Male,652.96,12,6
HCP00591,9-14,Female,317.72,6,3
HCP00591,9-14,Male,143.87,3,2
HCP00592,15-18,Female,2361.12,40,2
HCP00592,15-18,Male,2005.6299999999999,33,2
HCP00592,19-45,Female,2339.45,41,2
HCP00592,19-45,Male,1753.28,30,2
HCP00592,9-14,Female,854.6,16,2
HCP00592,9-14,Male,1729.06,34,2
HCP00593,15-18,Female,1402.81,26,5
HCP00593,15-18,Male,378.24,7,2
HCP00593,19-45,Female,3329.56,60,9
HCP00593,19-45,Male,3277.49,55,7
HCP00593,9-14,Female,401.25,8,2
HCP00593,9-14,Male,387.79,7,3
HCP00594,15-18,Female,652.34,12,1
HCP00594,15-18,Male,2739.36,53,1
HCP00594,19-45,Female,1221.8600000000001,26,1
HCP00594,19-45,Male,5400.38,98,1
HCP00594,9-14,Female,989.51,16,1
HCP00594,9-14,Male,5173.860000000001,90,1
HCP00595,15-18,Female,966.9200000000001,16,1
HCP00595,15-18,Male,1924.58,37,1
HCP00595,19-45,Female,4648.39,79,1
HCP00595,19-45,Male,4088.9399999999996,71,1
HCP00595,9-14,Female,917.99,17,1
HCP00595,9-14,Male,388.72,7,1
HCP00596,15-18,Female,344.73,6,2
HCP00596,15-18,Male,483.03999999999996,10,1
HCP00596,19-45,Female,981.52,18,2
HCP00596,19-45,Male,881.3199999999999,16,2
HCP00596,9-14,Female,483.80999999999995,8,2
HCP00596,9-14,Male,339.08,6,1
HCP00597,15-18,Female,228.98,4,2
HCP00597,15-18,Male,184.19,3,1
HCP00597,19-45,Female,481.63,9,2
HCP00597,19-45,Male,1050.18,18,3
HCP00597,9-14,Female,90.27,2,1
HCP00597,9-14,Male,169.63,3,2
HCP00598,15-18,Female,667.53,11,1
HCP00598,15-18,Male,2535.48,47,2
HCP00598,19-45,Female,3752.84,70,2
HCP00598,19-45,Male,6091.5599999999995,115,2
HCP00598,9-14,Female,4286.61,75,2
HCP00598,9-14,Male,954.4300000000001,19,2
HCP00599,15-18,Female,7089.52,126,2
HCP00599,15-18,Male,3129.6600000000003,56,2
HCP00599,19-45,Female,11044.07,190,2
HCP00599,19-45,Male,11492.69,204,2
HCP00599,9-14,Female,1161.73,24,1
HCP00599,9-14,Male,4313.48,74,2
HCP00600,15-18,Female,2461.5099999999998,39,2
HCP00600,15-18,Male,4345.34,81,3
HCP00600,19-45,Female,6892.71,127,3
HCP00600,19-45,Male,9423.6,178,3
HCP00600,9-14,Female,2581.13,43,2
HCP00600,9-14,Male,2586.22,52,3
HCP00601,15-18,Female,4463.16,79,4
HCP00601,15-18,Male,501.56,9,1
HCP00601,19-45,Female,6987.46,138,8
HCP00601,19-45,Male,4415.93,79,6
HCP00601,9-14,Female,2858.52,58,3
HCP00601,9-14,Male,1019.36,19,2
HCP00602,15-18,Female,7876.06,142,1
HCP00602,15-18,Male,8091.4,140,1
HCP00602,19-45,Female,5482.26,88,1
HCP00602,19-45,Male,17757.510000000002,337,1
HCP00602,9-14,Female,5855.37,97,1
HCP00602,9-14,Male,7376.17,133,1
HCP00603,15-18,Female,2127.38,39,3
HCP00603,15-18,Male,1635.62,30,3
HCP00603,19-45,Female,1749.6399999999999,32,3
HCP00603,19-45,Male,731.3900000000001,15,3
HCP00603,9-14,Female,651.7099999999999,13,3
HCP00603,9-14,Male,939.1700000000001,15,3
HCP00604,15-18,Female,7323.1900000000005,140,2
HCP00604,15-18,Male,7107.48,129,2
HCP00604,19-45,Female,16552.59,308,2
HCP00604,19-45,Male,6916.56,139,1
HCP00604,9-14,Female,5164.849999999999,92,2
HCP00604,9-14,Male,3209.23,65,1
HCP00605,15-18,Female,2865.09,48,3
HCP00605,15-18,Male,2057.1,37,3
HCP00605,19-45,Female,4090.55,72,5
HCP00605,19-45,Male,1203.08,24,3
HCP00605,9-14,Female,889.3599999999999,14,1
HCP00605,9-14,Male,1562.62,27,4
HCP00606,15-18,Female,1162.46,20,1
HCP00606,15-18,Male,723.61,12,1
HCP00606,19-45,Female,3377.7,64,2
HCP00606,19-45,Male,4276.33,77,2
HCP00606,9-14,Female,2502.56,45,2
HCP00606,9-14,Male,1338.44,23,1
HCP00607,15-18,Female,1314.6100000000001,24,1
HCP00607,15-18,Male,1314.47,22,2
HCP00607,19-45,Female,1272.62,25,2
HCP00607,19-45,Male,1023.38,18,2
HCP00607,9-14,Female,339.0,7,1
HCP00607,9-14,Male,871.99,14,1
HCP00608,15-18,Male,3851.76,68,1
HCP00608,19-45,Female,2921.5,52,1
HCP00608,19-45,Male,10688.77,204,1
HCP00608,9-14,Female,3451.51,68,1
HCP00608,9-14,Male,4074.68,67,1
HCP00609,15-18,Female,391.11,8,3
HCP00609,15-18,Male,351.2,7,3
HCP00609,19-45,Female,929.71,16,4
HCP00609,19-45,Male,720.54,14,5
HCP00609,9-14,Female,361.46999999999997,7,3
HCP00609,9-14,Male,106.36,2,2
HCP00610,15-18,Female,730.7,13,1
HCP00610,15-18,Male,783.7,14,1
HCP00610,19-45,Female,278.74,5,1
HCP00610,19-45,Male,428.48,8,1
HCP00610,9-14,Female,135.44,3,1
HCP00610,9-14,Male,333.81,6,1
HCP00611,15-18,Female,306.51,5,2
HCP00611,15-18,Male,144.18,3,1
HCP00611,19-45,Female,486.68000000000006,9,2
HCP00611,19-45,Male,594.84,11,2
HCP00611,9-14,Female,59.74,1,1
HCP00612,15-18,Female,3153.8,63,2
HCP00612,15-18,Male,4163.110000000001,83,3
HCP00612,19-45,Female,18823.9,349,4
HCP00612,19-45,Male,13129.1,256,3
HCP00612,9-14,Female,3335.5200000000004,58,2
HCP00612,9-14,Male,3711.29,68,2
HCP00613,15-18,Female,1301.27,23,1
HCP00613,15-18,Male,1382.71,25,2
HCP00613,19-45,Female,6761.48,117,2
HCP00613,19-45,Male,1075.62,20,1
HCP00613,9-14,Female,2798.41,51,2
HCP00613,9-14,Male,1662.57,27,2
HCP00614,15-18,Female,61.1,1,1
HCP00614,15-18,Male,46.72,1,1
HCP00614,19-45,Female,1269.67,24,1
HCP00614,19-45,Male,413.85,7,2
HCP00614,9-14,Female,346.01,7,1
HCP00615,15-18,Female,1767.23,31,1
HCP00615,15-18,Male,4017.86,75,1
HCP00615,19-45,Female,3446.15,59,1
HCP00615,19-45,Male,3033.33,59,1
HCP00615,9-14,Female,1573.26,25,1
HCP00615,9-14,Male,2311.45,44,1
HCP00616,15-18,Female,1832.4099999999999,31,2
HCP00616,15-18,Male,513.2,9,2
HCP00616,19-45,Female,1885.32,34,2
HCP00616,19-45,Male,1449.72,27,2
HCP00616,9-14,Female,1578.4,28,2
HCP00617,15-18,Female,180.33,3,1
HCP00617,15-18,Male,518.47,10,2
HCP00617,19-45,Female,652.06,12,3
HCP00617,19-45,Male,576.6700000000001,11,2
HCP00617,9-14,Female,177.29,3,1
HCP00617,9-14,Male,51.81,1,1
HCP00618,15-18,Female,2542.5,46,3
HCP00618,15-18,Male,502.36,9,1
HCP00618,19-45,Female,3659.54,70,3
HCP00618,19-45,Male,6420.49,115,3
HCP00618,9-14,Female,1713.74,31,2
HCP00618,9-14,Male,1861.06,35,2
HCP00619,15-18,Female,5115.13,93,2
HCP00619,15-18,Male,2623.15,46,1
HCP00619,19-45,Female,3670.45,62,2
HCP00619,19-45,Male,2139.17,46,2
HCP00619,9-14,Female,1232.6399999999999,24,2
HCP00619,9-14,Male,3423.9900000000002,62,2
HCP00620,15-18,Female,2320.51,49,1
HCP00620,15-18,Male,3247.87,57,1
HCP00620,19-45,Female,2919.93,57,2
HCP00620,19-45,Male,7093.97,141,4
HCP00620,9-14,Female,1202.15,21,2
HCP00620,9-14,Male,1232.87,24,2
HCP00621,15-18,Female,1374.49,28,1
HCP00621,15-18,Male,2976.74,56,2
HCP00621,19-45,Female,1481.11,31,2
HCP00621,19-45,Male,7059.3,130,4
HCP00621,9-14,Female,3314.39,63,4
HCP00621,9-14,Male,3171.16,60,2
HCP00622,15-18,Female,813.37,13,1
HCP00622,15-18,Male,1450.25,27,3
HCP00622,19-45,Female,3118.4700000000003,56,3
HCP00622,19-45,Male,3845.55,68,4
HCP00622,9-14,Female,950.28,18,1
HCP00622,9-14,Male,1843.6799999999998,34,4
HCP00623,15-18,Female,910.84,20,1
HCP00623,15-18,Male,2497.21,52,2
HCP00623,19-45,Female,12648.17,229,2
HCP00623,19-45,Male,12166.79,231,2
HCP00623,9-14,Female,7675.33,136,2
HCP00624,15-18,Female,1916.31,37,2
HCP00624,15-18,Male,3146.54,56,2
HCP00624,19-45,Female,4775.86,84,2
HCP00624,19-45,Male,2997.55,49,2
HCP00624,9-14,Female,626.54,12,1
HCP00624,9-14,Male,1545.74,32,2
HCP00625,15-18,Female,735.73,16,1
HCP00625,15-18,Male,3196.17,65,2
HCP00625,19-45,Female,3467.71,60,2
HCP00625,19-45,Male,5053.02,97,2
HCP00625,9-14,Female,1587.45,25,1
HCP00625,9-14,Male,2827.74,55,2
HCP00626,15-18,Female,4250.21,77,1
HCP00626,15-18,Male,3271.97,61,1
HCP00626,19-45,Female,3174.11,63,1
HCP00626,19-45,Male,4789.17,87,1
HCP00626,9-14,Female,1833.23,38,1
HCP00626,9-14,Male,1892.94,32,1
HCP00627,15-18,Female,3063.1,58,2
HCP00627,15-18,Male,1058.25,20,2
HCP00627,19-45,Female,8063.29,152,2
HCP00627,19-45,Male,3925.63,70,2
HCP00627,9-14,Female,1900.03,33,2
HCP00627,9-14,Male,3657.45,64,2
HCP00628,15-18,Female,3442.94,67,1
HCP00628,15-18,Male,1698.16,34,1
HCP00628,19-45,Female,2874.83,51,1
HCP00628,19-45,Male,2443.47,41,1
HCP00628,9-14,Female,1773.94,32,1
HCP00628,9-14,Male,5010.59,89,1
HCP00629,15-18,Female,3160.15,59,2
HCP00629,15-18,Male,2765.02,49,2
HCP00629,19-45,Female,13052.04,243,3
HCP00629,19-45,Male,5064.89,93,1
HCP00629,9-14,Female,10298.14,188,3
HCP00629,9-14,Male,3426.18,64,1
HCP00630,15-18,Male,3556.2200000000003,59,2
HCP00630,19-45,Female,8220.07,145,2
HCP00630,19-45,Male,3694.62,61,1
HCP00630,9-14,Female,670.3,14,1
HCP00630,9-14,Male,9132.06,170,2
HCP00631,15-18,Female,870.01,19,1
HCP00631,15-18,Male,3172.85,62,2
HCP00631,19-45,Female,9996.34,172,2
HCP00631,19-45,Male,4147.27,76,2
HCP00631,9-14,Female,3528.71,67,2
HCP00631,9-14,Male,969.86,16,1
HCP00632,15-18,Female,14577.79,238,4
HCP00632,15-18,Male,1535.41,27,1
HCP00632,19-45,Female,24038.440000000002,454,4
HCP00632,19-45,Male,25813.11,472,4
HCP00632,9-14,Female,14151.82,252,4
HCP00632,9-14,Male,1728.64,27,1
HCP00633,15-18,Female,2083.3,39,1
HCP00633,15-18,Male,2558.94,52,1
HCP00633,19-45,Female,5195.5599999999995,97,1
HCP00633,19-45,Male,2545.46,43,1
HCP00633,9-14,Female,642.39,10,1
HCP00633,9-14,Male,1589.8600000000001,31,1
HCP00634,15-18,Female,1094.82,19,2
HCP00634,15-18,Male,1512.63,25,1
HCP00634,19-45,Female,2139.67,42,2
HCP00634,19-45,Male,1612.3600000000001,31,1
HCP00634,9-14,Female,5404.09,93,2
HCP00634,9-14,Male,1233.58,22,2
HCP00635,15-18,Female,8585.84,150,5
HCP00635,15-18,Male,8837.68,147,4
HCP00635,19-45,Female,9720.99,179,5
HCP00635,19-45,Male,11578.66,218,4
HCP00635,9-14,Female,1526.65,31,1
HCP00635,9-14,Male,1203.72,25,2
HCP00636,15-18,Female,3952.7599999999998,77,2
HCP00636,15-18,Male,4209.219999999999,85,2
HCP00636,19-45,Female,11978.15,206,2
HCP00636,19-45,Male,10450.77,187,2
HCP00636,9-14,Female,1673.9299999999998,28,1
HCP00636,9-14,Male,6701.94,124,2
HCP00637,15-18,Female,3274.74,54,1
HCP00637,15-18,Male,5117.44,83,1
HCP00637,19-45,Female,14711.39,264,1
HCP00637,19-45,Male,6850.679999999999,142,1
HCP00637,9-14,Female,2794.8199999999997,48,1
HCP00637,9-14,Male,4454.32,85,1
HCP00638,15-18,Female,1044.07,18,1
HCP00638,15-18,Male,1866.63,38,2
HCP00638,19-45,Female,7956.02,139,1
HCP00638,19-45,Male,8271.92,152,2
HCP00638,9-14,Female,1558.73,26,2
HCP00638,9-14,Male,592.92,10,1
HCP00639,15-18,Female,3808.29,77,2
HCP00639,15-18,Male,1001.13,20,1
HCP00639,19-45,Female,5092.709999999999,95,2
HCP00639,19-45,Male,10214.03,194,2
HCP00639,9-14,Female,3039.28,58,2
HCP00639,9-14,Male,3660.38,62,2
HCP00640,15-18,Female,2616.66,46,1
HCP00640,15-18,Male,718.55,14,1
HCP00640,19-45,Female,7228.0,137,3
HCP00640,19-45,Male,8098.55,136,3
HCP00640,9-14,Female,3139.0699999999997,58,2
HCP00640,9-14,Male,8255.09,133,2
HCP00641,15-18,Female,5479.75,108,1
HCP00641,15-18,Male,612.97,12,1
HCP00641,19-45,Female,10919.97,195,1
HCP00641,19-45,Male,6296.22,111,1
HCP00641,9-14,Female,1347.8200000000002,28,1
HCP00641,9-14,Male,1280.84,21,1
HCP00642,15-18,Female,1216.43,21,1
HCP00642,15-18,Male,651.2,11,1
HCP00642,19-45,Female,962.13,17,1
HCP00642,19-45,Male,3013.55,53,1
HCP00642,9-14,Female,298.18,5,1
HCP00642,9-14,Male,184.38,3,1
HCP00643,15-18,Female,4348.79,82,1
HCP00643,15-18,Male,6594.42,127,2
HCP00643,19-45,Female,10180.5,173,2
HCP00643,19-45,Male,16346.27,280,2
HCP00643,9-14,Female,4120.78,68,2
HCP00643,9-14,Male,5666.23,92,1
HCP00644,15-18,Female,1275.66,22,2
HCP00644,15-18,Male,823.9499999999999,16,2
HCP00644,19-45,Female,2600.24,52,2
HCP00644,19-45,Male,396.40999999999997,7,1
HCP00644,9-14,Female,734.8,13,2
HCP00644,9-14,Male,2138.8,40,1
HCP00645,15-18,Female,3138.24,65,1
HCP00645,19-45,Female,3219.1800000000003,61,2
HCP00645,19-45,Male,6025.280000000001,97,2
HCP00645,9-14,Female,593.62,11,1
HCP00645,9-14,Male,5633.75,96,2
HCP00646,15-18,Female,692.81,14,1
HCP00646,15-18,Male,489.06,9,1
HCP00646,19-45,Female,3743.3900000000003,68,2
HCP00646,19-45,Male,798.36,14,2
HCP00646,9-14,Female,560.26,11,1
HCP00646,9-14,Male,2404.13,44,2
HCP00647,15-18,Female,9370.11,159,1
HCP00647,15-18,Male,4108.14,78,1
HCP00647,19-45,Female,42321.03,748,1
HCP00647,19-45,Male,18768.68,341,1
HCP00647,9-14,Female,19872.510000000002,367,1
HCP00647,9-14,Male,20247.100000000002,345,1
HCP00648,15-18,Female,2913.79,56,1
HCP00648,15-18,Male,970.98,18,1
HCP00648,19-45,Female,3315.43,59,1
HCP00648,19-45,Male,9087.119999999999,159,1
HCP00648,9-14,Female,1224.82,20,1
HCP00648,9-14,Male,2083.08,38,1
HCP00649,15-18,Female,7214.58,127,2
HCP00649,15-18,Male,11028.53,205,2
HCP00649,19-45,Female,5846.37,107,2
HCP00649,19-45,Male,18371.95,337,2
HCP00649,9-14,Female,14613.189999999999,273,2
HCP00649,9-14,Male,9635.18,178,2
HCP00650,15-18,Female,693.12,13,1
HCP00650,15-18,Male,4919.53,88,1
HCP00650,19-45,Female,4175.32,70,1
HCP00650,19-45,Male,8129.6,145,1
HCP00650,9-14,Female,2218.79,41,1
HCP00650,9-14,Male,3412.8900000000003,66,1
HCP00651,15-18,Female,1773.34,33,2
HCP00651,15-18,Male,1557.26,27,2
HCP00651,19-45,Female,7683.05,145,3
HCP00651,19-45,Male,9212.48,167,3
HCP00651,9-14,Female,1001.63,19,1
HCP00651,9-14,Male,1238.04,25,3
HCP00652,15-18,Female,4108.32,88,1
HCP00652,15-18,Male,1959.99,40,1
HCP00652,19-45,Female,6705.15,133,1
HCP00652,19-45,Male,11065.619999999999,215,2
HCP00652,9-14,Female,850.42,14,1
HCP00652,9-14,Male,2212.79,40,2
HCP00653,15-18,Female,990.06,17,2
HCP00653,15-18,Male,459.11,9,1
HCP00653,19-45,Female,7848.82,141,3
HCP00653,19-45,Male,5030.92,97,2
HCP00653,9-14,Female,1725.4299999999998,28,3
HCP00654,15-18,Female,1012.8199999999999,17,2
HCP00654,15-18,Male,2999.34,52,2
HCP00654,19-45,Female,2885.98,50,2
HCP00654,19-45,Male,2420.26,41,2
HCP00654,9-14,Female,2213.49,38,2
HCP00654,9-14,Male,1104.23,21,2
HCP00655,15-18,Female,2190.2400000000002,42,2
HCP00655,19-45,Female,925.3,17,2
HCP00655,19-45,Male,1202.88,23,2
HCP00655,9-14,Female,443.65,7,1
HCP00655,9-14,Male,4585.65,80,2
HCP00656,15-18,Male,4664.360000000001,80,4
HCP00656,19-45,Female,9563.76,175,9
HCP00656,19-45,Male,4574.04,88,5
HCP00656,9-14,Female,2025.98,36,3
HCP00656,9-14,Male,2195.7000000000003,40,3
HCP00657,15-18,Female,1037.78,20,3
HCP00657,15-18,Male,1103.16,20,3
HCP00657,19-45,Female,2011.22,36,4
HCP00657,19-45,Male,1649.17,31,2
HCP00657,9-14,Female,702.11,13,3
HCP00657,9-14,Male,1099.02,20,3
HCP00658,15-18,Female,3593.46,69,4
HCP00658,15-18,Male,1069.67,23,1
HCP00658,19-45,Female,4341.89,81,5
HCP00658,19-45,Male,283.49,5,1
HCP00658,9-14,Female,1886.7800000000002,33,3
HCP00658,9-14,Male,738.64,14,1
HCP00659,15-18,Female,2664.23,55,1
HCP00659,15-18,Male,15951.73,303,4
HCP00659,19-45,Female,11909.2,221,3
HCP00659,19-45,Male,4797.67,86,3
HCP00659,9-14,Female,2466.13,44,3
HCP00659,9-14,Male,6291.83,112,3
HCP00660,15-18,Female,1487.83,23,1
HCP00660,15-18,Male,5865.88,113,1
HCP00660,19-45,Female,5005.04,93,1
HCP00660,19-45,Male,3255.23,64,1
HCP00660,9-14,Female,933.63,17,1
HCP00660,9-14,Male,2904.16,45,1
HCP00661,15-18,Female,570.59,11,1
HCP00661,15-18,Male,433.37,8,1
HCP00661,19-45,Female,1614.6399999999999,29,1
HCP00661,19-45,Male,1166.95,20,1
HCP00661,9-14,Female,769.38,13,1
HCP00661,9-14,Male,859.1700000000001,15,1
HCP00662,15-18,Female,2856.21,48,4
HCP00662,15-18,Male,3414.04,67,4
HCP00662,19-45,Female,3784.5299999999997,72,5
HCP00662,19-45,Male,3768.1,63,3
HCP00662,9-14,Female,2956.17,51,4
HCP00662,9-14,Male,5344.44,97,6
HCP00663,15-18,Female,3854.37,70,1
HCP00663,15-18,Male,2088.19,37,1
HCP00663,19-45,Female,1046.72,18,1
HCP00663,19-45,Male,4039.0299999999997,73,1
HCP00663,9-14,Female,1102.47,18,1
HCP00663,9-14,Male,2746.0,50,1
HCP00664,15-18,Female,1421.35,25,1
HCP00664,15-18,Male,6881.52,120,5
HCP00664,19-45,Female,6586.88,117,4
HCP00664,19-45,Male,3571.67,72,3
HCP00664,9-14,Female,1732.1899999999998,29,2
HCP00664,9-14,Male,6043.35,106,5
HCP00665,15-18,Female,3112.69,49,1
HCP00665,15-18,Male,8176.17,159,3
HCP00665,19-45,Female,7793.96,149,2
HCP00665,19-45,Male,7763.1,138,2
HCP00665,9-14,Female,4349.99,77,2
HCP00665,9-14,Male,617.28,10,1
HCP00666,15-18,Female,1570.69,31,2
HCP00666,15-18,Male,2245.79,38,2
HCP00666,19-45,Female,3972.15,69,2
HCP00666,19-45,Male,1211.45,24,1
HCP00666,9-14,Female,960.05,17,2
HCP00666,9-14,Male,1823.5,36,2
HCP00667,15-18,Female,2247.43,42,1
HCP00667,15-18,Male,6057.78,115,2
HCP00667,19-45,Female,5998.4,100,2
HCP00667,19-45,Male,16742.88,289,2
HCP00667,9-14,Female,4391.84,81,2
HCP00667,9-14,Male,3818.45,68,2
HCP00668,15-18,Female,1765.06,28,1
HCP00668,19-45,Female,942.86,16,2
HCP00668,19-45,Male,16494.4,332,8
HCP00668,9-14,Female,7362.549999999999,132,5
HCP00668,9-14,Male,5458.889999999999,91,2
HCP00669,15-18,Female,1830.1399999999999,32,2
HCP00669,15-18,Male,1418.77,25,2
HCP00669,19-45,Female,3610.1099999999997,64,2
HCP00669,19-45,Male,3198.64,60,2
HCP00669,9-14,Female,878.25,15,2
HCP00669,9-14,Male,1848.0900000000001,34,2
HCP00670,15-18,Female,822.0699999999999,17,1
HCP00670,15-18,Male,392.91,7,1
HCP00670,19-45,Female,1099.02,20,1
HCP00670,19-45,Male,1619.86,31,1
HCP00670,9-14,Female,437.74,8,1
HCP00670,9-14,Male,866.9100000000001,16,1
HCP00671,15-18,Female,476.44000000000005,9,1
HCP00671,15-18,Male,633.9300000000001,10,2
HCP00671,19-45,Female,1601.8600000000001,28,2
HCP00671,19-45,Male,2361.6,41,2
HCP00671,9-14,Female,1337.33,23,1
HCP00671,9-14,Male,1642.26,31,2
HCP00672,15-18,Female,702.4300000000001,12,1
HCP00672,15-18,Male,1567.06,27,2
HCP00672,19-45,Female,1241.55,24,2
HCP00672,19-45,Male,1763.1299999999999,31,2
HCP00672,9-14,Female,759.52,14,2
HCP00672,9-14,Male,777.55,14,1
HCP00673,15-18,Female,1101.81,19,1
HCP00673,15-18,Male,349.31,7,1
HCP00673,19-45,Female,3787.06,69,1
HCP00673,19-45,Male,3654.57,65,1
HCP00673,9-14,Female,822.5899999999999,15,1
HCP00673,9-14,Male,853.63,14,1
HCP00674,15-18,Female,491.18,8,1
HCP00674,15-18,Male,1419.3600000000001,28,1
HCP00674,19-45,Female,1920.53,32,1
HCP00674,19-45,Male,3020.59,56,1
HCP00674,9-14,Female,1947.65,36,1
HCP00674,9-14,Male,1702.8600000000001,31,1
HCP00675,15-18,Female,484.12,9,2
HCP00675,15-18,Male,1012.26,19,2
HCP00675,19-45,Female,1359.04,25,2
HCP00675,19-45,Male,1501.59,27,3
HCP00675,9-14,Female,257.15,4,2
HCP00675,9-14,Male,474.40999999999997,8,2
HCP00676,15-18,Female,1833.06,33,2
HCP00676,15-18,Male,1093.01,23,2
HCP00676,19-45,Female,3792.08,70,2
HCP00676,19-45,Male,8478.64,145,2
HCP00676,9-14,Male,4438.29,76,2
HCP00677,15-18,Female,1737.12,33,1
HCP00677,15-18,Male,890.52,15,1
HCP00677,19-45,Female,3259.7,60,1
HCP00677,19-45,Male,1841.02,32,1
HCP00677,9-14,Female,2253.92,43,1
HCP00677,9-14,Male,381.17,8,1
HCP00678,15-18,Female,432.39,9,1
HCP00678,19-45,Female,1332.11,22,1
HCP00678,19-45,Male,1406.27,26,1
HCP00678,9-14,Female,509.75,9,1
HCP00678,9-14,Male,1007.73,19,1
HCP00679,15-18,Female,387.15999999999997,7,4
HCP00679,15-18,Male,304.25,6,3
HCP00679,19-45,Female,1784.96,31,9
HCP00679,19-45,Male,980.09,19,5
HCP00679,9-14,Female,719.33,12,5
HCP00679,9-14,Male,137.27,3,1
HCP00680,15-18,Female,2779.77,46,2
HCP00680,15-18,Male,1261.3899999999999,23,2
HCP00680,19-45,Female,3373.11,61,2
HCP00680,19-45,Male,3228.74,62,1
HCP00680,9-14,Female,611.45,13,1
HCP00680,9-14,Male,470.6,10,1
HCP00681,15-18,Female,5116.6,94,1
HCP00681,15-18,Male,11381.61,197,1
HCP00681,19-45,Female,17745.59,332,1
HCP00681,19-45,Male,22787.43,402,1
HCP00681,9-14,Female,2910.19,51,1
HCP00681,9-14,Male,10622.43,202,1
HCP00682,15-18,Female,1220.41,21,2
HCP00682,15-18,Male,529.38,10,1
HCP00682,19-45,Female,1070.3,20,1
HCP00682,19-45,Male,1942.75,36,2
HCP00682,9-14,Female,1058.84,20,2
HCP00682,9-14,Male,802.73,14,1
HCP00683,15-18,Female,1506.28,32,2
HCP00683,15-18,Male,4080.9,77,2
HCP00683,19-45,Female,4977.24,91,2
HCP00683,19-45,Male,2651.39,49,2
HCP00683,9-14,Female,1474.3400000000001,29,2
HCP00683,9-14,Male,999.2,19,1
HCP00684,15-18,Female,2096.98,43,2
HCP00684,15-18,Male,6227.81,112,4
HCP00684,19-45,Female,3271.12,60,3
HCP00684,19-45,Male,5525.1,97,3
HCP00684,9-14,Female,1545.54,28,2
HCP00684,9-14,Male,1916.71,33,3
HCP00685,15-18,Female,1157.71,21,3
HCP00685,15-18,Male,863.52,15,2
HCP00685,19-45,Female,2019.25,35,3
HCP00685,19-45,Male,541.89,9,1
HCP00685,9-14,Female,1271.6999999999998,25,3
HCP00685,9-14,Male,1853.98,32,3
HCP00686,15-18,Female,1393.41,23,2
HCP00686,15-18,Male,712.42,13,1
HCP00686,19-45,Female,2104.15,39,2
HCP00686,19-45,Male,3963.69,73,2
HCP00686,9-14,Female,745.0,14,1
HCP00686,9-14,Male,3566.84,65,2
HCP00687,15-18,Female,1393.84,26,1
HCP00687,15-18,Male,1058.5300000000002,19,1
HCP00687,19-45,Female,1021.0,19,1
HCP00687,19-45,Male,1938.78,35,1
HCP00687,9-14,Female,1331.16,24,1
HCP00687,9-14,Male,403.85,8,1
HCP00688,15-18,Female,970.23,17,2
HCP00688,15-18,Male,965.1700000000001,20,1
HCP00688,19-45,Female,1736.08,32,2
HCP00688,19-45,Male,5005.74,91,2
HCP00688,9-14,Female,235.66,4,1
HCP00688,9-14,Male,809.48,15,1
HCP00689,15-18,Female,1262.55,23,2
HCP00689,15-18,Male,678.31,11,2
HCP00689,19-45,Female,5457.02,105,2
HCP00689,19-45,Male,5368.99,91,3
HCP00689,9-14,Female,412.2,7,1
HCP00689,9-14,Male,1327.74,23,2
HCP00690,15-18,Female,7436.3,138,2
HCP00690,15-18,Male,6631.05,117,2
HCP00690,19-45,Female,5431.639999999999,103,2
HCP00690,19-45,Male,9177.18,162,2
HCP00690,9-14,Female,915.28,20,1
HCP00690,9-14,Male,7649.09,140,2
HCP00691,15-18,Female,128.3,2,1
HCP00691,15-18,Male,248.0,4,1
HCP00691,19-45,Female,119.82,2,1
HCP00691,19-45,Male,1102.8400000000001,19,2
HCP00691,9-14,Female,1128.26,20,2
HCP00691,9-14,Male,980.8699999999999,17,2
HCP00692,15-18,Female,4631.98,89,2
HCP00692,15-18,Male,2390.46,44,1
HCP00692,19-45,Female,3206.63,59,2
HCP00692,19-45,Male,7736.8,139,2
HCP00692,9-14,Female,737.61,16,1
HCP00692,9-14,Male,1965.24,33,1
HCP00693,15-18,Female,2047.25,32,1
HCP00693,15-18,Male,3907.2200000000003,76,1
HCP00693,19-45,Female,9510.19,185,1
HCP00693,19-45,Male,10276.19,195,1
HCP00693,9-14,Male,4999.73,89,1
HCP00694,15-18,Female,2623.01,47,2
HCP00694,15-18,Male,6328.0,109,2
HCP00694,19-45,Female,11082.76,201,2
HCP00694,19-45,Male,7578.74,128,1
HCP00694,9-14,Female,5448.06,105,2
HCP00694,9-14,Male,4790.3,88,2
HCP00695,15-18,Female,4601.56,84,2
HCP00695,15-18,Male,1768.45,29,2
HCP00695,19-45,Female,2029.2600000000002,34,1
HCP00695,19-45,Male,8526.46,154,2
HCP00695,9-14,Female,1141.57,18,1
HCP00695,9-14,Male,428.37,8,1
HCP00696,15-18,Female,1973.31,40,2
HCP00696,15-18,Male,4798.92,89,3
HCP00696,19-45,Female,3879.01,70,3
HCP00696,19-45,Male,6499.48,118,4
HCP00696,9-14,Female,2884.89,53,1
HCP00696,9-14,Male,2009.77,36,2
HCP00697,15-18,Female,1709.5300000000002,34,2
HCP00697,15-18,Male,5084.12,98,6
HCP00697,19-45,Female,5217.37,96,5
HCP00697,19-45,Male,7035.75,130,5
HCP00697,9-14,Female,650.03,13,1
HCP00697,9-14,Male,947.93,19,3
HCP00698,15-18,Female,714.22,12,1
HCP00698,15-18,Male,1314.89,24,2
HCP00698,19-45,Female,5783.68,106,2
HCP00698,19-45,Male,2526.5299999999997,43,2
HCP00698,9-14,Female,837.4300000000001,15,2
HCP00698,9-14,Male,255.29,5,1
HCP00699,15-18,Female,1385.51,22,2
HCP00699,15-18,Male,2523.3,50,3
HCP00699,19-45,Female,8410.69,162,6
HCP00699,19-45,Male,3728.62,75,4
HCP00699,9-14,Female,2848.18,51,3
HCP00699,9-14,Male,1042.15,20,2
HCP00700,15-18,Female,3408.63,62,2
HCP00700,15-18,Male,1527.55,27,1
HCP00700,19-45,Female,1844.3,36,1
HCP00700,19-45,Male,5378.34,93,2
HCP00700,9-14,Female,2279.09,44,2
HCP00700,9-14,Male,2139.93,37,2
HCP00701,15-18,Female,1466.24,24,1
HCP00701,15-18,Male,1418.41,22,1
HCP00701,19-45,Female,4264.22,83,1
HCP00701,9-14,Female,3683.52,64,1
HCP00701,9-14,Male,2461.58,46,1
HCP00702,15-18,Female,1131.25,22,1
HCP00702,15-18,Male,493.14,8,1
HCP00702,19-45,Female,3443.4,63,2
HCP00702,19-45,Male,3660.6400000000003,66,2
HCP00702,9-14,Female,1388.2,25,2
HCP00702,9-14,Male,1668.65,28,2
HCP00703,15-18,Female,675.2,12,2
HCP00703,15-18,Male,1370.29,25,2
HCP00703,19-45,Female,2547.48,48,5
HCP00703,19-45,Male,1866.71,35,3
HCP00703,9-14,Female,859.43,16,3
HCP00703,9-14,Male,398.95000000000005,8,3
HCP00704,15-18,Female,52.57,1,2
HCP00704,19-45,Female,474.15,8,2
HCP00704,19-45,Male,275.37,5,2
HCP00704,9-14,Female,61.06,1,2
HCP00704,9-14,Male,56.3,1,2
HCP00705,15-18,Female,898.23,14,1
HCP00705,15-18,Male,392.01000000000005,7,2
HCP00705,19-45,Female,729.21,14,2
HCP00705,19-45,Male,753.8700000000001,15,2
HCP00705,9-14,Female,160.82,3,2
HCP00705,9-14,Male,665.64,12,2
HCP00706,15-18,Male,977.43,17,1
HCP00706,19-45,Female,3302.77,57,5
HCP00706,19-45,Male,1706.9099999999999,34,3
HCP00706,9-14,Female,578.66,10,2
HCP00706,9-14,Male,636.3399999999999,10,2
HCP00707,15-18,Female,1190.13,23,3
HCP00707,15-18,Male,3408.7,59,4
HCP00707,19-45,Female,5254.65,97,4
HCP00707,19-45,Male,5868.8,111,5
HCP00707,9-14,Female,418.76,8,1
HCP00707,9-14,Male,817.27,15,3
HCP00708,15-18,Female,5226.030000000001,85,2
HCP00708,15-18,Male,1853.44,36,1
HCP00708,19-45,Female,4445.71,79,2
HCP00708,19-45,Male,13125.06,252,2
HCP00708,9-14,Female,5560.99,102,2
HCP00708,9-14,Male,5415.630000000001,95,2
HCP00709,15-18,Female,427.61,7,2
HCP00709,15-18,Male,940.1800000000001,16,2
HCP00709,19-45,Female,1963.96,37,2
HCP00709,19-45,Male,394.09,7,2
HCP00709,9-14,Female,423.55,8,2
HCP00710,15-18,Female,9655.03,167,3
HCP00710,15-18,Male,5882.65,117,2
HCP00710,19-45,Female,12222.099999999999,222,3
HCP00710,19-45,Male,15608.35,305,4
HCP00710,9-14,Female,4218.16,78,2
HCP00710,9-14,Male,6355.01,112,2
HCP00711,15-18,Female,818.97,15,1
HCP00711,15-18,Male,1275.19,22,1
HCP00711,19-45,Female,6026.4400000000005,107,2
HCP00711,19-45,Male,1603.94,27,2
HCP00711,9-14,Female,3221.17,61,2
HCP00711,9-14,Male,3640.06,68,2
HCP00712,15-18,Female,360.38,7,1
HCP00712,15-18,Male,1085.77,20,1
HCP00712,19-45,Female,2082.25,35,1
HCP00712,19-45,Male,3208.94,54,1
HCP00712,9-14,Female,877.57,16,1
HCP00712,9-14,Male,1487.88,26,1
HCP00713,15-18,Female,280.81,6,1
HCP00713,15-18,Male,2664.44,44,6
HCP00713,19-45,Female,4195.12,79,8
HCP00713,19-45,Male,4669.23,82,8
HCP00713,9-14,Male,1308.4,23,2
HCP00714,15-18,Female,591.25,10,2
HCP00714,15-18,Male,1549.7800000000002,28,1
HCP00714,19-45,Female,1155.44,20,2
HCP00714,19-45,Male,2077.55,35,2
HCP00714,9-14,Female,0.0,0,1
HCP00714,9-14,Male,869.04,15,2
HCP00715,15-18,Female,2812.9,52,1
HCP00715,15-18,Male,5017.620000000001,85,2
HCP00715,19-45,Female,10355.17,170,2
HCP00715,19-45,Male,12527.77,211,2
HCP00715,9-14,Female,3167.71,54,1
HCP00716,15-18,Female,3126.83,49,1
HCP00716,15-18,Male,6358.02,126,1
HCP00716,19-45,Female,6842.2,132,1
HCP00716,19-45,Male,10463.6,170,1
HCP00716,9-14,Female,861.07,17,1
HCP00716,9-14,Male,5746.299999999999,96,1
HCP00717,15-18,Female,2687.29,50,2
HCP00717,15-18,Male,4032.66,80,2
HCP00717,19-45,Female,2782.8599999999997,46,2
HCP00717,19-45,Male,3813.49,68,2
HCP00717,9-14,Female,3878.9,68,2
HCP00717,9-14,Male,1463.19,28,2
HCP00718,15-18,Female,1734.71,29,1
HCP00718,15-18,Male,324.73,7,1
HCP00718,19-45,Female,2411.29,47,1
HCP00718,19-45,Male,2009.32,37,1
HCP00718,9-14,Female,1194.28,21,1
HCP00718,9-14,Male,793.3499999999999,15,1
HCP00719,15-18,Female,557.22,10,2
HCP00719,15-18,Male,703.0400000000001,11,2
HCP00719,19-45,Female,1859.4,35,3
HCP00719,19-45,Male,2900.87,54,3
HCP00719,9-14,Female,463.05,9,2
HCP00719,9-14,Male,704.28,13,2
HCP00720,15-18,Female,5023.14,92,6
HCP00720,15-18,Male,5773.84,111,4
HCP00720,19-45,Female,2335.31,43,3
HCP00720,19-45,Male,3903.71,63,2
HCP00720,9-14,Female,2460.29,44,2
HCP00720,9-14,Male,319.32,6,1
HCP00721,15-18,Female,2000.87,36,2
HCP00721,15-18,Male,990.6,18,2
HCP00721,19-45,Female,3670.06,63,2
HCP00721,19-45,Male,1577.2,32,2
HCP00721,9-14,Female,739.0,15,1
HCP00721,9-14,Male,556.28,10,1
HCP00722,15-18,Female,2950.74,56,3
HCP00722,15-18,Male,440.12,7,2
HCP00722,19-45,Female,1214.97,24,3
HCP00722,19-45,Male,4303.79,77,4
HCP00722,9-14,Female,2086.97,37,3
HCP00722,9-14,Male,292.86,6,2
HCP00723,15-18,Male,4023.63,70,1
HCP00723,19-45,Female,6780.3,130,2
HCP00723,19-45,Male,7113.16,128,2
HCP00723,9-14,Female,2814.87,49,2
HCP00723,9-14,Male,1893.26,34,2
HCP00724,15-18,Female,603.58,10,1
HCP00724,15-18,Male,631.85,13,1
HCP00724,19-45,Female,1964.16,35,3
HCP00724,19-45,Male,1596.1,29,3
HCP00724,9-14,Female,1879.98,32,3
HCP00724,9-14,Male,1056.5700000000002,18,3
HCP00725,15-18,Female,762.77,12,1
HCP00725,15-18,Male,665.77,12,1
HCP00725,19-45,Female,512.48,9,2
HCP00725,19-45,Male,1136.98,21,2
HCP00725,9-14,Female,45.67,1,1
HCP00725,9-14,Male,59.45,1,1
HCP00726,15-18,Female,18403.79,336,1
HCP00726,15-18,Male,7868.23,128,1
HCP00726,19-45,Female,16146.55,315,1
HCP00726,19-45,Male,6439.12,124,1
HCP00726,9-14,Female,12303.4,206,1
HCP00727,15-18,Female,750.69,16,1
HCP00727,15-18,Male,1113.27,19,1
HCP00727,19-45,Female,5503.05,94,1
HCP00727,19-45,Male,3723.26,65,1
HCP00727,9-14,Female,2135.97,40,1
HCP00727,9-14,Male,834.4000000000001,17,1
HCP00728,15-18,Female,3039.32,59,2
HCP00728,15-18,Male,2175.32,39,1
HCP00728,19-45,Female,5717.24,108,2
HCP00728,19-45,Male,4712.45,87,2
HCP00728,9-14,Female,2183.38,44,2
HCP00728,9-14,Male,2099.45,39,2
HCP00729,15-18,Female,4602.66,81,1
HCP00729,15-18,Male,11199.2,181,2
HCP00729,19-45,Female,17459.51,327,2
HCP00729,19-45,Male,17343.04,307,1
HCP00729,9-14,Female,6007.49,112,2
HCP00729,9-14,Male,1299.71,27,1
HCP00730,15-18,Female,521.47,9,1
HCP00730,15-18,Male,312.8,6,1
HCP00730,19-45,Female,1155.16,23,3
HCP00730,19-45,Male,970.74,18,2
HCP00730,9-14,Female,378.04,7,3
HCP00730,9-14,Male,318.77,5,1
HCP00731,15-18,Female,12134.82,211,1
HCP00731,15-18,Male,29016.989999999998,557,1
HCP00731,19-45,Female,22905.86,409,1
HCP00731,19-45,Male,19042.14,345,1
HCP00731,9-14,Female,17822.59,324,1
HCP00731,9-14,Male,16409.16,305,1
HCP00732,15-18,Female,654.64,14,1
HCP00732,15-18,Male,1219.43,22,1
HCP00732,19-45,Female,796.23,14,1
HCP00732,19-45,Male,4665.82,85,1
HCP00732,9-14,Female,1114.18,22,1
HCP00732,9-14,Male,368.01,7,1
HCP00733,15-18,Female,2268.7799999999997,42,2
HCP00733,15-18,Male,642.21,10,1
HCP00733,19-45,Female,5725.15,106,4
HCP00733,19-45,Male,1531.46,27,3
HCP00733,9-14,Female,4515.29,87,6
HCP00733,9-14,Male,1644.22,28,3
HCP00734,15-18,Female,481.44,8,2
HCP00734,15-18,Male,138.14,3,1
HCP00734,19-45,Female,1050.85,19,6
HCP00734,19-45,Male,353.65,7,3
HCP00734,9-14,Female,349.54,7,3
HCP00734,9-14,Male,188.36,4,1
HCP00735,15-18,Female,1725.83,29,3
HCP00735,15-18,Male,2840.02,51,3
HCP00735,19-45,Female,4807.18,85,5
HCP00735,19-45,Male,8172.25,155,7
HCP00735,9-14,Female,1353.45,27,4
HCP00735,9-14,Male,1919.89,40,2
HCP00736,15-18,Female,8605.59,148,2
HCP00736,15-18,Male,1991.58,41,2
HCP00736,19-45,Female,11635.92,219,2
HCP00736,19-45,Male,9244.240000000002,174,2
HCP00736,9-14,Male,3176.67,53,2
HCP00737,15-18,Female,1917.78,33,2
HCP00737,15-18,Male,1312.83,25,2
HCP00737,19-45,Female,3596.65,62,2
HCP00737,19-45,Male,2668.15,50,2
HCP00737,9-14,Male,1483.02,25,2
HCP00738,15-18,Female,507.14,8,1
HCP00738,15-18,Male,3644.81,68,1
HCP00738,19-45,Female,2907.8,50,1
HCP00738,19-45,Male,5046.99,94,1
HCP00738,9-14,Female,1499.46,25,1
HCP00738,9-14,Male,266.55,5,1
HCP00739,15-18,Female,1089.26,20,1
HCP00739,15-18,Male,549.19,12,1
HCP00739,19-45,Female,8317.75,155,3
HCP00739,19-45,Male,9358.18,173,1
HCP00739,9-14,Female,1423.32,29,1
HCP00739,9-14,Male,4116.34,70,2
HCP00740,15-18,Female,495.62,9,3
HCP00740,15-18,Male,307.93,5,2
HCP00740,19-45,Female,929.34,18,3
HCP00740,19-45,Male,461.09000000000003,8,3
HCP00740,9-14,Female,117.91,2,2
HCP00740,9-14,Male,581.44,10,3
HCP00741,15-18,Female,4562.28,79,3
HCP00741,15-18,Male,2491.01,41,1
HCP00741,19-45,Female,9293.2,158,5
HCP00741,19-45,Male,13688.47,251,4
HCP00741,9-14,Female,5719.150000000001,101,3
HCP00741,9-14,Male,2402.88,40,2
HCP00742,15-18,Female,10105.44,197,3
HCP00742,15-18,Male,5131.17,90,3
HCP00742,19-45,Female,6114.32,112,2
HCP00742,19-45,Male,12228.73,241,3
HCP00742,9-14,Female,6094.53,112,3
HCP00742,9-14,Male,4858.86,87,3
HCP00743,15-18,Female,3555.27,65,2
HCP00743,19-45,Female,5144.7,90,2
HCP00743,19-45,Male,7482.75,142,2
HCP00743,9-14,Female,2007.81,36,1
HCP00743,9-14,Male,4006.7200000000003,74,2
HCP00744,15-18,Female,534.6500000000001,9,2
HCP00744,15-18,Male,658.41,12,2
HCP00744,19-45,Female,461.47,8,2
HCP00744,19-45,Male,2333.63,41,2
HCP00744,9-14,Female,577.1,9,1
HCP00744,9-14,Male,230.73,4,1
HCP00745,15-18,Female,1534.91,28,1
HCP00745,19-45,Female,3847.31,65,1
HCP00745,19-45,Male,2832.62,48,1
HCP00745,9-14,Female,433.99,7,1
HCP00745,9-14,Male,2306.39,42,1
HCP00746,15-18,Female,899.2,19,1
HCP00746,15-18,Male,1682.14,30,1
HCP00746,19-45,Female,6584.17,119,2
HCP00746,19-45,Male,4873.99,84,2
HCP00746,9-14,Female,2811.14,53,2
HCP00746,9-14,Male,2167.95,36,1
HCP00747,15-18,Female,1635.3200000000002,31,2
HCP00747,15-18,Male,1096.75,19,1
HCP00747,19-45,Female,3534.59,59,2
HCP00747,19-45,Male,1131.88,18,1
HCP00747,9-14,Female,3285.2,57,2
HCP00747,9-14,Male,3610.13,62,1
HCP00748,15-18,Female,526.5,10,2
HCP00748,15-18,Male,2023.4,34,2
HCP00748,19-45,Female,3112.85,58,6
HCP00748,19-45,Male,2657.29,48,4
HCP00748,9-14,Male,743.89,15,3
HCP00749,15-18,Male,159.1,3,1
HCP00749,19-45,Female,175.13,3,2
HCP00749,19-45,Male,438.28999999999996,8,2
HCP00749,9-14,Female,174.15,3,2
HCP00750,15-18,Female,3682.36,64,1
HCP00750,15-18,Male,4126.16,81,1
HCP00750,19-45,Female,5268.47,92,1
HCP00750,19-45,Male,6760.2,128,1
HCP00750,9-14,Female,1940.75,35,1
HCP00750,9-14,Male,1701.92,28,1
HCP00751,15-18,Female,689.6500000000001,12,1
HCP00751,15-18,Male,884.23,16,1
HCP00751,19-45,Female,1503.31,29,1
HCP00751,19-45,Male,807.98,15,1
HCP00751,9-14,Female,1462.12,27,1
HCP00751,9-14,Male,351.03,6,1
HCP00752,15-18,Male,1313.1,28,1
HCP00752,19-45,Female,8396.77,151,2
HCP00752,19-45,Male,16089.09,293,2
HCP00752,9-14,Female,2637.1800000000003,48,2
HCP00752,9-14,Male,2386.4700000000003,44,2
HCP00753,15-18,Female,357.52,6,1
HCP00753,15-18,Male,2572.72,45,1
HCP00753,19-45,Female,2574.07,49,1
HCP00753,19-45,Male,3209.6,61,1
HCP00753,9-14,Female,1428.91,25,1
HCP00753,9-14,Male,272.85,5,1
HCP00754,15-18,Female,545.02,9,2
HCP00754,15-18,Male,606.5,11,2
HCP00754,19-45,Female,1084.27,21,3
HCP00754,19-45,Male,1183.56,22,2
HCP00754,9-14,Female,1136.64,21,3
HCP00754,9-14,Male,1492.12,28,3
HCP00755,15-18,Female,2013.72,35,3
HCP00755,15-18,Male,1014.61,21,2
HCP00755,19-45,Female,2721.48,50,4
HCP00755,19-45,Male,3548.83,61,4
HCP00755,9-14,Female,2953.9300000000003,55,3
HCP00755,9-14,Male,1054.3,19,3
HCP00756,15-18,Female,2306.54,49,3
HCP00756,15-18,Male,3501.45,64,3
HCP00756,19-45,Female,504.93999999999994,10,2
HCP00756,19-45,Male,3010.56,55,2
HCP00756,9-14,Female,866.94,18,1
HCP00756,9-14,Male,706.25,11,1
HCP00757,15-18,Female,225.92,4,1
HCP00757,15-18,Male,820.67,17,2
HCP00757,19-45,Female,2881.45,56,3
HCP00757,19-45,Male,1208.95,20,3
HCP00757,9-14,Female,513.19,10,2
HCP00757,9-14,Male,1296.15,21,2
HCP00758,15-18,Female,5700.79,99,2
HCP00758,19-45,Female,5379.22,95,3
HCP00758,19-45,Male,6699.82,122,4
HCP00758,9-14,Female,6148.610000000001,104,4
HCP00758,9-14,Male,3916.47,70,3
HCP00759,15-18,Female,2016.1000000000001,37,1
HCP00759,15-18,Male,510.83,9,1
HCP00759,19-45,Female,2009.92,38,1
HCP00759,19-45,Male,2283.96,43,1
HCP00759,9-14,Female,675.67,12,1
HCP00759,9-14,Male,1327.92,26,1
HCP00760,15-18,Female,1623.26,27,1
HCP00760,15-18,Male,1804.01,33,1
HCP00760,19-45,Female,4243.34,80,1
HCP00760,19-45,Male,2528.62,44,1
HCP00760,9-14,Female,1292.71,22,1
HCP00760,9-14,Male,2143.63,37,1
HCP00761,15-18,Female,1011.99,18,1
HCP00761,15-18,Male,2231.54,39,1
HCP00761,19-45,Female,4198.65,74,1
HCP00761,19-45,Male,1934.99,39,1
HCP00761,9-14,Female,1812.03,33,1
HCP00761,9-14,Male,594.54,11,1
HCP00762,15-18,Female,2674.67,43,1
HCP00762,15-18,Male,3503.13,65,1
HCP00762,19-45,Female,3247.89,57,1
HCP00762,19-45,Male,5992.0,115,1
HCP00762,9-14,Female,1061.63,19,1
HCP00762,9-14,Male,1229.49,22,1
HCP00763,15-18,Female,1411.57,24,1
HCP00763,15-18,Male,3783.68,67,2
HCP00763,19-45,Female,4558.76,78,2
HCP00763,19-45,Male,4062.96,78,2
HCP00763,9-14,Female,1047.15,19,1
HCP00763,9-14,Male,3164.54,55,2
HCP00764,15-18,Female,8602.66,151,3
HCP00764,15-18,Male,7003.3,125,3
HCP00764,19-45,Female,19636.66,345,3
HCP00764,19-45,Male,5443.78,112,3
HCP00764,9-14,Female,1581.85,30,1
HCP00764,9-14,Male,5371.8099999999995,94,3
HCP00765,15-18,Female,2759.04,55,3
HCP00765,15-18,Male,1845.24,35,3
HCP00765,19-45,Female,3258.25,56,5
HCP00765,19-45,Male,5817.59,104,6
HCP00765,9-14,Female,2464.29,48,7
HCP00765,9-14,Male,1340.06,23,2
HCP00766,15-18,Female,847.03,16,1
HCP00766,15-18,Male,422.23,9,1
HCP00766,19-45,Female,847.0999999999999,16,1
HCP00766,19-45,Male,3591.71,68,1
HCP00766,9-14,Female,310.72,5,1
HCP00766,9-14,Male,2085.3,37,1
HCP00767,15-18,Female,1848.13,36,2
HCP00767,15-18,Male,1991.97,38,2
HCP00767,19-45,Female,3778.79,73,2
HCP00767,19-45,Male,4260.43,80,2
HCP00767,9-14,Female,3346.59,64,2
HCP00767,9-14,Male,1952.8600000000001,35,2
HCP00768,15-18,Female,2145.5,38,2
HCP00768,15-18,Male,753.57,12,2
HCP00768,19-45,Female,3839.81,77,2
HCP00768,19-45,Male,1902.94,30,2
HCP00768,9-14,Female,3614.65,64,2
HCP00768,9-14,Male,0.0,0,1
HCP00769,15-18,Female,566.62,10,1
HCP00769,15-18,Male,94.32,2,1
HCP00769,19-45,Female,950.4100000000001,16,2
HCP00769,19-45,Male,749.25,14,3
HCP00769,9-14,Female,236.18,4,2
HCP00769,9-14,Male,367.95,6,2
HCP00770,15-18,Female,6372.48,130,1
HCP00770,15-18,Male,1404.57,22,1
HCP00770,19-45,Female,15033.92,276,1
HCP00770,19-45,Male,14834.93,251,1
HCP00770,9-14,Female,7733.83,142,1
HCP00770,9-14,Male,2563.55,54,1
HCP00771,15-18,Female,1653.0500000000002,36,2
HCP00771,15-18,Male,6476.86,116,2
HCP00771,19-45,Female,8226.02,147,3
HCP00771,19-45,Male,9192.73,170,3
HCP00771,9-14,Female,1015.6700000000001,17,1
HCP00772,15-18,Female,305.96000000000004,6,1
HCP00772,15-18,Male,166.42000000000002,3,1
HCP00772,19-45,Female,527.92,10,1
HCP00772,19-45,Male,373.8,7,1
HCP00772,9-14,Female,153.34,3,1
HCP00772,9-14,Male,372.90000000000003,7,1
HCP00773,15-18,Male,2022.96,35,2
HCP00773,19-45,Female,4868.05,89,3
HCP00773,19-45,Male,2883.88,51,3
HCP00773,9-14,Female,976.3900000000001,16,2
HCP00773,9-14,Male,1048.81,20,2
HCP00774,15-18,Female,1574.76,28,2
HCP00774,15-18,Male,796.78,14,2
HCP00774,19-45,Female,4081.73,74,3
HCP00774,19-45,Male,1856.3999999999999,34,3
HCP00774,9-14,Female,1204.23,20,2
HCP00774,9-14,Male,1218.93,20,3
HCP00775,15-18,Female,5530.79,100,1
HCP00775,15-18,Male,8727.6,172,2
HCP00775,19-45,Female,6721.09,125,2
HCP00775,19-45,Male,9009.24,169,2
HCP00775,9-14,Female,2602.09,44,2
HCP00775,9-14,Male,3708.67,71,1
HCP00776,15-18,Female,1103.83,21,2
HCP00776,15-18,Male,2173.07,39,2
HCP00776,19-45,Female,4149.73,71,2
HCP00776,19-45,Male,6169.11,112,2
HCP00776,9-14,Female,432.28,8,1
HCP00776,9-14,Male,1332.7199999999998,22,1
HCP00777,15-18,Female,1214.03,23,1
HCP00777,15-18,Male,2422.98,52,2
HCP00777,19-45,Female,12396.09,225,2
HCP00777,19-45,Male,12287.99,219,2
HCP00777,9-14,Female,3648.85,67,2
HCP00777,9-14,Male,3915.58,75,2
HCP00778,15-18,Female,8635.79,170,2
HCP00778,15-18,Male,2256.9500000000003,40,2
HCP00778,19-45,Female,8591.1,153,2
HCP00778,19-45,Male,8528.32,155,2
HCP00778,9-14,Female,2678.77,50,2
HCP00778,9-14,Male,5928.74,108,2
HCP00779,15-18,Female,6128.84,106,1
HCP00779,15-18,Male,4318.46,76,1
HCP00779,19-45,Female,5955.38,106,1
HCP00779,19-45,Male,9715.94,178,1
HCP00779,9-14,Female,2551.16,43,1
HCP00779,9-14,Male,3205.81,69,1
HCP00780,15-18,Female,2005.9199999999998,34,1
HCP00780,15-18,Male,3882.83,78,2
HCP00780,19-45,Female,3792.45,71,2
HCP00780,19-45,Male,6784.64,125,1
HCP00780,9-14,Female,5151.32,89,2
HCP00780,9-14,Male,2327.81,48,1
HCP00781,15-18,Female,1106.3899999999999,20,1
HCP00781,15-18,Male,406.95,7,1
HCP00781,19-45,Female,1479.92,26,1
HCP00781,19-45,Male,806.6,16,1
HCP00781,9-14,Female,1058.38,19,1
HCP00781,9-14,Male,202.66,4,1
HCP00782,15-18,Female,802.4000000000001,14,1
HCP00782,15-18,Male,161.16,3,1
HCP00782,19-45,Female,1540.74,29,2
HCP00782,19-45,Male,958.67,17,2
HCP00782,9-14,Female,201.83999999999997,4,1
HCP00782,9-14,Male,365.76,8,2
HCP00783,15-18,Female,924.33,15,1
HCP00783,15-18,Male,858.83,18,1
HCP00783,19-45,Female,751.1,13,2
HCP00783,19-45,Male,5249.0199999999995,87,3
HCP00783,9-14,Female,1159.33,21,2
HCP00783,9-14,Male,359.82,7,1
HCP00784,15-18,Female,2881.2,52,2
HCP00784,15-18,Male,7590.9,146,3
HCP00784,19-45,Female,9638.51,183,3
HCP00784,19-45,Male,16712.07,298,3
HCP00784,9-14,Female,6935.64,122,3
HCP00784,9-14,Male,5091.89,99,2
HCP00785,15-18,Female,702.65,12,1
HCP00785,15-18,Male,4707.32,92,2
HCP00785,19-45,Female,14385.029999999999,284,3
HCP00785,19-45,Male,10518.46,197,4
HCP00785,9-14,Female,772.1,14,1
HCP00785,9-14,Male,2418.77,50,3
HCP00786,15-18,Female,9678.92,175,2
HCP00786,19-45,Female,11830.289999999999,210,3
HCP00786,19-45,Male,13122.28,241,3
HCP00786,9-14,Female,7342.43,129,3
HCP00786,9-14,Male,3097.63,49,1
HCP00787,15-18,Female,2134.01,42,2
HCP00787,15-18,Male,3263.0,55,2
HCP00787,19-45,Female,2517.82,51,3
HCP00787,19-45,Male,5732.09,117,2
HCP00787,9-14,Female,1165.64,22,1
HCP00787,9-14,Male,802.2,17,1
HCP00788,15-18,Female,2178.43,41,1
HCP00788,15-18,Male,799.36,15,1
HCP00788,19-45,Female,3751.95,64,1
HCP00788,19-45,Male,2888.25,50,1
HCP00788,9-14,Female,1636.84,28,1
HCP00788,9-14,Male,281.57,6,1
HCP00789,15-18,Female,785.45,13,2
HCP00789,15-18,Male,2643.33,48,5
HCP00789,19-45,Female,5534.93,106,7
HCP00789,19-45,Male,5835.03,107,8
HCP00789,9-14,Female,1182.33,23,2
HCP00789,9-14,Male,2885.12,57,5
HCP00790,15-18,Female,5030.91,86,2
HCP00790,19-45,Female,4559.37,93,3
HCP00790,19-45,Male,10036.8,194,8
HCP00790,9-14,Female,4287.43,77,4
HCP00790,9-14,Male,4603.14,82,5
HCP00791,15-18,Female,7663.9400000000005,132,3
HCP00791,15-18,Male,4425.42,85,4
HCP00791,19-45,Female,4957.89,88,4
HCP00791,19-45,Male,5418.1,97,3
HCP00791,9-14,Female,1289.99,22,1
HCP00791,9-14,Male,1412.76,24,3
HCP00792,15-18,Female,346.27,6,1
HCP00792,15-18,Male,1645.3899999999999,31,2
HCP00792,19-45,Female,1295.28,23,2
HCP00792,19-45,Male,4390.82,80,2
HCP00792,9-14,Female,1032.17,18,2
HCP00792,9-14,Male,1217.42,21,2
HCP00793,15-18,Female,2148.26,37,1
HCP00793,15-18,Male,1802.44,35,1
HCP00793,19-45,Female,11613.689999999999,205,2
HCP00793,19-45,Male,3317.7,63,1
HCP00793,9-14,Female,4522.24,92,2
HCP00793,9-14,Male,5374.05,92,2
HCP00794,15-18,Male,7902.1,152,2
HCP00794,19-45,Female,6806.51,108,2
HCP00794,19-45,Male,9014.41,175,2
HCP00794,9-14,Female,1810.87,30,1
HCP00794,9-14,Male,4083.37,78,2
HCP00795,15-18,Female,2008.7399999999998,38,1
HCP00795,15-18,Male,7024.99,132,4
HCP00795,19-45,Female,12877.17,232,4
HCP00795,19-45,Male,4230.530000000001,82,3
HCP00795,9-14,Female,10314.76,189,5
HCP00795,9-14,Male,2865.88,57,3
HCP00796,15-18,Female,1881.96,34,3
HCP00796,15-18,Male,1636.24,30,3
HCP00796,19-45,Female,1496.88,31,2
HCP00796,19-45,Male,2530.91,47,4
HCP00796,9-14,Female,472.47,8,2
HCP00796,9-14,Male,1226.71,21,3
HCP00797,15-18,Female,7598.92,140,2
HCP00797,15-18,Male,1105.14,20,1
HCP00797,19-45,Female,21958.59,398,4
HCP00797,19-45,Male,2870.76,49,1
HCP00797,9-14,Female,5763.43,112,2
HCP00797,9-14,Male,5320.69,90,3
HCP00798,15-18,Female,3319.97,67,2
HCP00798,15-18,Male,13528.119999999999,245,2
HCP00798,19-45,Female,10262.08,203,2
HCP00798,19-45,Male,7301.98,130,2
HCP00798,9-14,Female,3967.71,70,1
HCP00798,9-14,Male,1767.17,34,2
HCP00799,15-18,Female,4817.8,91,4
HCP00799,15-18,Male,3114.9,53,2
HCP00799,19-45,Female,7861.78,144,4
HCP00799,19-45,Male,5157.219999999999,87,3
HCP00799,9-14,Female,2107.9,43,2
HCP00799,9-14,Male,1134.39,18,1
HCP00800,15-18,Female,3516.46,60,3
HCP00800,15-18,Male,531.77,10,2
HCP00800,19-45,Female,4278.04,77,2
HCP00800,19-45,Male,251.88,5,1
HCP00800,9-14,Female,2859.67,52,2
HCP00800,9-14,Male,1397.16,23,2
HCP00801,15-18,Male,961.27,17,1
HCP00801,19-45,Female,3257.43,60,2
HCP00801,19-45,Male,9578.07,176,2
HCP00801,9-14,Female,1091.58,20,2
HCP00801,9-14,Male,823.64,16,1
HCP00802,15-18,Female,230.6,5,1
HCP00802,15-18,Male,162.08,3,1
HCP00802,19-45,Female,501.19,9,1
HCP00802,19-45,Male,513.48,10,1
HCP00802,9-14,Female,551.96,10,1
HCP00802,9-14,Male,385.48,7,1
HCP00803,15-18,Female,2327.86,43,3
HCP00803,15-18,Male,2759.1400000000003,44,2
HCP00803,19-45,Female,2904.77,53,2
HCP00803,19-45,Male,4858.22,90,3
HCP00803,9-14,Female,3820.45,72,3
HCP00803,9-14,Male,4328.36,86,2
HCP00804,15-18,Female,5060.34,93,1
HCP00804,15-18,Male,1193.53,23,1
HCP00804,19-45,Female,6412.9800000000005,114,1
HCP00804,19-45,Male,3143.34,55,1
HCP00804,9-14,Male,2883.49,48,1
HCP00805,15-18,Female,2507.08,42,1
HCP00805,15-18,Male,901.73,17,1
HCP00805,19-45,Female,4255.2,86,1
HCP00805,19-45,Male,1590.6699999999998,29,1
HCP00805,9-14,Female,1747.3799999999999,31,1
HCP00805,9-14,Male,1048.8,19,1
HCP00806,15-18,Female,340.9,6,1
HCP00806,15-18,Male,459.7,8,2
HCP00806,19-45,Female,532.19,9,2
HCP00806,19-45,Male,633.76,11,2
HCP00806,9-14,Female,212.10000000000002,4,1
HCP00806,9-14,Male,64.97,1,1
HCP00807,15-18,Female,1953.62,36,1
HCP00807,15-18,Male,3979.14,76,2
HCP00807,19-45,Female,2777.46,54,2
HCP00807,19-45,Male,3307.02,60,2
HCP00807,9-14,Female,997.8,20,1
HCP00807,9-14,Male,1300.43,28,2
HCP00808,15-18,Female,414.6,7,3
HCP00808,15-18,Male,0.0,0,1
HCP00808,19-45,Female,587.1600000000001,13,2
HCP00808,19-45,Male,315.39,5,1
HCP00808,9-14,Female,270.32,5,2
HCP00808,9-14,Male,136.77,3,2
HCP00809,15-18,Female,2803.18,58,1
HCP00809,15-18,Male,4960.9400000000005,92,2
HCP00809,19-45,Female,6884.25,135,2
HCP00809,19-45,Male,10582.289999999999,191,2
HCP00809,9-14,Female,3946.17,78,2
HCP00809,9-14,Male,6251.63,106,2
HCP00810,15-18,Female,2208.21,37,2
HCP00810,15-18,Male,1164.99,20,2
HCP00810,19-45,Female,1636.98,31,4
HCP00810,19-45,Male,4509.84,80,4
HCP00810,9-14,Female,3127.31,59,4
HCP00811,15-18,Female,278.15,5,1
HCP00811,15-18,Male,572.3,12,1
HCP00811,19-45,Female,2684.55,48,1
HCP00811,19-45,Male,450.24,8,1
HCP00811,9-14,Female,437.46,9,1
HCP00811,9-14,Male,1487.25,27,1
HCP00812,15-18,Female,9158.8,167,3
HCP00812,19-45,Female,4014.4300000000003,77,1
HCP00812,19-45,Male,9489.28,170,3
HCP00812,9-14,Female,4005.7700000000004,74,3
HCP00812,9-14,Male,4653.46,79,3
HCP00813,15-18,Female,616.28,13,1
HCP00813,19-45,Female,1421.77,25,1
HCP00813,19-45,Male,2689.79,49,1
HCP00813,9-14,Female,1451.1100000000001,25,1
HCP00814,15-18,Female,2966.52,50,1
HCP00814,15-18,Male,6786.01,128,1
HCP00814,19-45,Female,10876.82,197,1
HCP00814,19-45,Male,5410.16,100,1
HCP00814,9-14,Female,776.07,13,1
HCP00814,9-14,Male,909.17,14,1
HCP00815,15-18,Female,160.65,3,1
HCP00815,15-18,Male,123.19,2,1
HCP00815,19-45,Female,293.06,5,1
HCP00815,19-45,Male,0.0,0,1
HCP00815,9-14,Female,106.24000000000001,2,1
HCP00815,9-14,Male,117.15,2,1
HCP00816,15-18,Male,938.15,18,2
HCP00816,19-45,Female,2584.8199999999997,51,2
HCP00816,19-45,Male,3116.74,56,2
HCP00816,9-14,Female,363.47,8,1
HCP00816,9-14,Male,2289.18,37,2
HCP00817,15-18,Female,837.47,14,2
HCP00817,15-18,Male,3474.18,62,2
HCP00817,19-45,Female,1419.63,26,2
HCP00817,19-45,Male,3736.08,68,2
HCP00817,9-14,Female,856.74,15,2
HCP00817,9-14,Male,1630.86,28,2
HCP00818,15-18,Female,372.0,7,2
HCP00818,15-18,Male,820.64,15,3
HCP00818,19-45,Female,2079.39,37,6
HCP00818,19-45,Male,1451.48,25,5
HCP00818,9-14,Female,700.26,14,4
HCP00818,9-14,Male,121.69,2,1
HCP00819,15-18,Female,943.69,17,1
HCP00819,15-18,Male,1940.43,33,2
HCP00819,19-45,Female,3158.7,53,1
HCP00819,19-45,Male,8184.82,150,2
HCP00819,9-14,Female,1452.94,27,2
HCP00819,9-14,Male,3425.8199999999997,62,2
HCP00820,15-18,Female,3699.3,71,2
HCP00820,15-18,Male,7540.1,132,2
HCP00820,19-45,Female,7984.75,145,2
HCP00820,19-45,Male,15980.619999999999,295,2
HCP00820,9-14,Female,4755.92,91,2
HCP00820,9-14,Male,5192.42,93,2
HCP00821,15-18,Male,1508.3400000000001,27,2
HCP00821,19-45,Female,2462.12,43,2
HCP00821,19-45,Male,2091.17,42,2
HCP00821,9-14,Female,631.99,12,1
HCP00821,9-14,Male,2530.13,46,2
HCP00822,15-18,Female,1180.8000000000002,22,3
HCP00822,15-18,Male,596.89,12,3
HCP00822,19-45,Female,1181.47,21,3
HCP00822,19-45,Male,1406.65,23,3
HCP00822,9-14,Female,1682.9,31,4
HCP00822,9-14,Male,1855.06,35,3
HCP00823,15-18,Female,1251.6399999999999,20,2
HCP00823,15-18,Male,2411.6,38,2
HCP00823,19-45,Female,2871.58,53,2
HCP00823,19-45,Male,4618.58,79,1
HCP00823,9-14,Female,1479.65,27,2
HCP00823,9-14,Male,1328.5,26,2
HCP00824,15-18,Female,2419.17,42,2
HCP00824,15-18,Male,1124.83,21,3
HCP00824,19-45,Female,829.49,17,2
HCP00824,19-45,Male,3007.77,57,3
HCP00824,9-14,Female,1036.46,17,1
HCP00824,9-14,Male,301.66,6,1
HCP00825,15-18,Female,1218.83,23,1
HCP00825,15-18,Male,759.6,12,1
HCP00825,19-45,Female,5269.72,98,2
HCP00825,19-45,Male,2246.3,38,2
HCP00825,9-14,Female,272.36,5,1
HCP00825,9-14,Male,2831.07,48,3
HCP00826,15-18,Female,4827.44,85,2
HCP00826,15-18,Male,3699.16,69,2
HCP00826,19-45,Female,4491.280000000001,79,2
HCP00826,19-45,Male,5299.95,104,2
HCP00826,9-14,Female,2493.12,46,2
HCP00826,9-14,Male,3183.17,59,2
HCP00827,15-18,Female,2527.26,43,1
HCP00827,15-18,Male,1977.8600000000001,37,2
HCP00827,19-45,Female,3336.5299999999997,55,2
HCP00827,19-45,Male,9863.57,176,2
HCP00827,9-14,Female,2686.82,49,2
HCP00827,9-14,Male,1112.36,20,1
HCP00828,15-18,Female,8977.1,157,2
HCP00828,15-18,Male,2528.3900000000003,47,1
HCP00828,19-45,Female,6329.139999999999,120,2
HCP00828,19-45,Male,9373.67,168,2
HCP00828,9-14,Female,4060.0699999999997,69,2
HCP00828,9-14,Male,909.66,17,1
HCP00829,15-18,Female,4019.81,72,3
HCP00829,15-18,Male,978.4100000000001,18,1
HCP00829,19-45,Female,512.8199999999999,10,2
HCP00829,19-45,Male,3608.98,63,3
HCP00829,9-14,Female,370.41999999999996,7,1
HCP00829,9-14,Male,583.4200000000001,10,2
HCP00830,15-18,Female,2670.04,44,1
HCP00830,15-18,Male,2769.39,57,2
HCP00830,19-45,Female,5543.95,93,2
HCP00830,19-45,Male,9701.11,180,2
HCP00830,9-14,Female,1105.36,22,1
HCP00830,9-14,Male,3166.79,64,2
HCP00831,15-18,Female,13325.66,227,2
HCP00831,15-18,Male,975.48,18,1
HCP00831,19-45,Female,6056.66,117,2
HCP00831,19-45,Male,15221.02,266,2
HCP00831,9-14,Female,2370.0,44,2
HCP00831,9-14,Male,3337.27,66,2
HCP00832,15-18,Female,422.99,7,1
HCP00832,15-18,Male,380.78999999999996,7,1
HCP00832,19-45,Female,3908.35,71,2
HCP00832,19-45,Male,1387.88,25,2
HCP00832,9-14,Female,651.12,11,2
HCP00832,9-14,Male,488.22,9,2
HCP00833,15-18,Female,2351.51,44,1
HCP00833,15-18,Male,1902.28,37,1
HCP00833,19-45,Female,2231.66,38,1
HCP00833,19-45,Male,2064.11,34,1
HCP00833,9-14,Female,2347.05,41,1
HCP00833,9-14,Male,2168.51,38,1
HCP00834,15-18,Female,1153.78,19,2
HCP00834,15-18,Male,2910.4,53,3
HCP00834,19-45,Female,6173.28,103,7
HCP00834,19-45,Male,5106.51,92,6
HCP00834,9-14,Female,1178.06,21,2
HCP00834,9-14,Male,466.74,9,1
HCP00835,15-18,Female,848.44,16,1
HCP00835,15-18,Male,1185.91,22,1
HCP00835,19-45,Female,2944.02,51,1
HCP00835,19-45,Male,2262.79,42,1
HCP00835,9-14,Female,1185.68,23,1
HCP00835,9-14,Male,513.24,10,1
HCP00836,15-18,Female,2999.25,57,1
HCP00836,15-18,Male,1619.86,32,1
HCP00836,19-45,Female,6673.29,118,1
HCP00836,19-45,Male,2997.46,57,1
HCP00836,9-14,Female,3001.66,56,1
HCP00836,9-14,Male,1588.56,30,1
HCP00837,15-18,Female,671.5699999999999,12,1
HCP00837,15-18,Male,2231.55,38,1
HCP00837,19-45,Female,1503.76,26,1
HCP00837,19-45,Male,868.54,15,1
HCP00837,9-14,Female,214.17,4,1
HCP00837,9-14,Male,1463.12,28,1
HCP00838,15-18,Female,382.52,6,1
HCP00838,15-18,Male,1383.81,23,1
HCP00838,19-45,Female,2125.86,37,1
HCP00838,19-45,Male,2800.16,52,1
HCP00838,9-14,Female,984.5799999999999,21,1
HCP00838,9-14,Male,510.36,9,1
HCP00839,15-18,Female,3704.92,67,2
HCP00839,15-18,Male,1876.88,36,1
HCP00839,19-45,Female,12516.01,235,3
HCP00839,19-45,Male,9676.57,178,2
HCP00839,9-14,Female,2395.69,41,2
HCP00839,9-14,Male,1229.97,22,1
HCP00840,15-18,Female,1595.5800000000002,31,1
HCP00840,15-18,Male,813.78,16,1
HCP00840,19-45,Female,2775.5299999999997,47,1
HCP00840,19-45,Male,2783.45,51,1
HCP00840,9-14,Female,245.83,5,1
HCP00840,9-14,Male,924.75,17,1
HCP00841,15-18,Female,631.11,11,1
HCP00841,15-18,Male,2360.0699999999997,42,2
HCP00841,19-45,Female,1238.97,23,1
HCP00841,19-45,Male,1457.73,29,1
HCP00841,9-14,Female,3174.78,54,3
HCP00841,9-14,Male,4843.64,89,3
HCP00842,15-18,Female,877.11,19,1
HCP00842,15-18,Male,1762.1200000000001,34,1
HCP00842,19-45,Female,5783.05,109,1
HCP00842,19-45,Male,6205.15,119,1
HCP00842,9-14,Female,2306.59,46,1
HCP00842,9-14,Male,802.95,14,1
HCP00843,15-18,Female,840.47,14,2
HCP00843,15-18,Male,524.9,9,2
HCP00843,19-45,Female,2169.84,38,2
HCP00843,19-45,Male,1844.29,35,2
HCP00843,9-14,Female,561.0999999999999,11,1
HCP00843,9-14,Male,1235.0,24,2
HCP00844,15-18,Male,2580.33,41,1
HCP00844,19-45,Female,5932.65,103,1
HCP00844,19-45,Male,2226.29,41,1
HCP00844,9-14,Female,2976.02,51,1
HCP00844,9-14,Male,2295.2,43,1
HCP00845,15-18,Female,580.8299999999999,10,1
HCP00845,15-18,Male,1008.36,18,2
HCP00845,19-45,Female,1552.4299999999998,26,2
HCP00845,19-45,Male,1133.26,21,2
HCP00845,9-14,Male,569.0899999999999,10,2
HCP00846,15-18,Female,2149.65,38,1
HCP00846,15-18,Male,312.26,6,1
HCP00846,19-45,Female,2122.8500000000004,43,1
HCP00846,19-45,Male,4104.71,70,1
HCP00846,9-14,Female,377.32,6,1
HCP00846,9-14,Male,3615.7200000000003,65,1
HCP00847,15-18,Female,208.98000000000002,4,1
HCP00847,15-18,Male,4334.11,82,1
HCP00847,19-45,Female,4698.09,81,2
HCP00847,19-45,Male,519.03,10,1
HCP00847,9-14,Female,1297.1,21,2
HCP00847,9-14,Male,511.6,9,1
HCP00848,15-18,Female,989.45,18,1
HCP00848,15-18,Male,673.35,12,1
HCP00848,19-45,Female,1107.5700000000002,19,1
HCP00848,19-45,Male,1167.08,22,1
HCP00848,9-14,Female,226.63,4,1
HCP00848,9-14,Male,723.2,13,1
HCP00849,15-18,Female,350.65,7,1
HCP00849,15-18,Male,224.0,4,1
HCP00849,19-45,Female,1119.84,20,1
HCP00849,19-45,Male,3893.48,71,1
HCP00849,9-14,Female,294.47,5,1
HCP00849,9-14,Male,736.27,13,1
HCP00850,15-18,Female,964.7,16,3
HCP00850,19-45,Female,1995.79,35,5
HCP00850,19-45,Male,3621.6499999999996,69,7
HCP00850,9-14,Male,335.83,6,1
HCP00851,15-18,Female,691.08,12,1
HCP00851,15-18,Male,4943.9400000000005,80,3
HCP00851,19-45,Female,14930.23,282,8
HCP00851,19-45,Male,14803.24,264,9
HCP00851,9-14,Female,8717.14,169,5
HCP00851,9-14,Male,8527.72,164,6
HCP00852,15-18,Female,9392.060000000001,171,2
HCP00852,15-18,Male,11080.7,206,2
HCP00852,19-45,Female,18975.84,332,2
HCP00852,19-45,Male,13828.26,273,2
HCP00852,9-14,Female,5757.24,116,2
HCP00853,15-18,Female,980.86,17,1
HCP00853,15-18,Male,660.98,14,1
HCP00853,19-45,Female,3398.2200000000003,61,1
HCP00853,19-45,Male,902.24,16,1
HCP00853,9-14,Female,483.25,8,1
HCP00853,9-14,Male,1340.06,25,1
HCP00854,15-18,Female,1512.42,29,1
HCP00854,15-18,Male,1926.58,38,1
HCP00854,19-45,Female,3303.21,64,1
HCP00854,19-45,Male,1266.44,25,1
HCP00854,9-14,Female,367.54,8,1
HCP00854,9-14,Male,2151.93,41,1
HCP00855,15-18,Female,8933.970000000001,164,2
HCP00855,15-18,Male,8420.92,159,2
HCP00855,19-45,Female,13069.12,259,1
HCP00855,19-45,Male,6296.0199999999995,125,2
HCP00855,9-14,Female,3297.12,54,1
HCP00855,9-14,Male,2215.62,41,1
HCP00856,15-18,Female,608.44,10,1
HCP00856,15-18,Male,1438.47,26,1
HCP00856,19-45,Female,3998.97,71,3
HCP00856,19-45,Male,1968.55,36,2
HCP00856,9-14,Female,2298.41,38,2
HCP00856,9-14,Male,1160.4299999999998,22,2
HCP00857,15-18,Female,59.05,1,1
HCP00857,15-18,Male,0.0,0,2
HCP00857,19-45,Female,155.1,3,5
HCP00857,19-45,Male,0.0,0,4
HCP00858,15-18,Female,2061.2799999999997,34,4
HCP00858,15-18,Male,2207.55,38,2
HCP00858,19-45,Female,4388.8,82,5
HCP00858,19-45,Male,5309.56,93,8
HCP00858,9-14,Female,4342.24,83,8
HCP00858,9-14,Male,704.77,13,3
HCP00859,15-18,Female,3903.34,72,1
HCP00859,15-18,Male,2384.8,42,1
HCP00859,19-45,Female,5557.88,108,1
HCP00859,19-45,Male,5973.889999999999,107,1
HCP00859,9-14,Female,2668.3,48,1
HCP00859,9-14,Male,870.55,18,1
HCP00860,15-18,Female,5358.719999999999,94,2
HCP00860,15-18,Male,5007.19,89,2
HCP00860,19-45,Female,654.27,13,1
HCP00860,19-45,Male,6789.07,121,2
HCP00860,9-14,Female,2379.45,40,2
HCP00860,9-14,Male,6615.63,108,2
HCP00861,15-18,Female,2052.49,41,1
HCP00861,15-18,Male,3491.75,73,2
HCP00861,19-45,Female,9338.21,181,3
HCP00861,19-45,Male,16285.83,297,3
HCP00861,9-14,Female,6624.219999999999,113,3
HCP00861,9-14,Male,1167.54,19,1
HCP00862,15-18,Female,1475.1,26,1
HCP00862,15-18,Male,5661.01,114,1
HCP00862,19-45,Female,9904.68,173,1
HCP00862,19-45,Male,7163.34,118,1
HCP00862,9-14,Female,3893.0699999999997,69,1
HCP00862,9-14,Male,4244.59,72,1
HCP00863,15-18,Female,2226.17,44,2
HCP00863,15-18,Male,3567.16,67,2
HCP00863,19-45,Female,4537.27,83,2
HCP00863,19-45,Male,1165.1399999999999,22,2
HCP00863,9-14,Female,937.21,15,1
HCP00864,15-18,Female,1961.54,38,2
HCP00864,15-18,Male,6341.08,109,3
HCP00864,19-45,Female,8117.889999999999,141,3
HCP00864,19-45,Male,15478.82,270,2
HCP00864,9-14,Female,1929.9,37,2
HCP00864,9-14,Male,6881.76,121,3
HCP00865,15-18,Female,1271.45,24,2
HCP00865,15-18,Male,550.56,11,2
HCP00865,19-45,Female,3426.48,59,2
HCP00865,19-45,Male,1326.6100000000001,25,2
HCP00865,9-14,Female,734.05,15,2
HCP00865,9-14,Male,1599.38,27,2
HCP00866,15-18,Female,110.03999999999999,2,2
HCP00866,15-18,Male,48.27,1,4
HCP00866,19-45,Female,157.18,3,4
HCP00866,19-45,Male,53.47,1,2
HCP00866,9-14,Male,0.0,0,2
HCP00867,15-18,Female,420.85,9,1
HCP00867,15-18,Male,3616.7599999999998,69,2
HCP00867,19-45,Female,8060.4400000000005,135,2
HCP00867,19-45,Male,8563.89,152,2
HCP00867,9-14,Female,1522.43,26,1
HCP00867,9-14,Male,5118.66,89,2
HCP00868,15-18,Female,6932.77,126,1
HCP00868,15-18,Male,20174.15,333,1
HCP00868,19-45,Female,17480.559999999998,308,1
HCP00868,19-45,Male,23199.97,412,1
HCP00868,9-14,Female,17356.03,320,1
HCP00868,9-14,Male,10839.58,210,1
HCP00869,15-18,Female,796.95,15,1
HCP00869,15-18,Male,1010.36,19,1
HCP00869,19-45,Female,3345.15,62,2
HCP00869,19-45,Male,1589.97,29,2
HCP00869,9-14,Female,900.64,18,2
HCP00869,9-14,Male,719.64,13,2
HCP00870,15-18,Female,1809.1999999999998,32,1
HCP00870,15-18,Male,2123.83,44,1
HCP00870,19-45,Female,6840.72,114,2
HCP00870,19-45,Male,8208.4,143,2
HCP00870,9-14,Female,2720.16,50,2
HCP00870,9-14,Male,1957.55,31,1
HCP00871,15-18,Female,585.36,12,2
HCP00871,15-18,Male,1050.44,18,2
HCP00871,19-45,Female,1164.21,22,2
HCP00871,19-45,Male,1467.21,26,2
HCP00871,9-14,Female,370.70000000000005,7,1
HCP00871,9-14,Male,60.6,1,1
HCP00872,15-18,Female,228.67,4,1
HCP00872,15-18,Male,1942.8,33,2
HCP00872,19-45,Female,3420.13,59,7
HCP00872,19-45,Male,5531.14,100,10
HCP00872,9-14,Female,524.5600000000001,9,2
HCP00872,9-14,Male,1245.06,24,3
HCP00873,15-18,Female,4633.59,93,1
HCP00873,15-18,Male,4098.45,77,1
HCP00873,19-45,Female,7609.16,131,1
HCP00873,19-45,Male,3968.1099999999997,70,1
HCP00873,9-14,Female,2613.9,42,1
HCP00873,9-14,Male,1840.42,34,1
HCP00874,15-18,Female,2305.28,49,2
HCP00874,15-18,Male,5076.549999999999,94,3
HCP00874,19-45,Female,15762.52,265,2
HCP00874,19-45,Male,7169.52,136,3
HCP00874,9-14,Female,1950.54,38,1
HCP00874,9-14,Male,685.96,15,1
HCP00875,15-18,Female,2676.21,52,3
HCP00875,15-18,Male,1831.23,36,2
HCP00875,19-45,Female,4055.89,75,3
HCP00875,19-45,Male,3472.3900000000003,64,3
HCP00875,9-14,Female,2141.1800000000003,41,3
HCP00875,9-14,Male,647.73,10,1
HCP00876,15-18,Female,3596.61,68,3
HCP00876,15-18,Male,4906.9,87,3
HCP00876,19-45,Female,5188.96,90,3
HCP00876,19-45,Male,12884.67,219,3
HCP00876,9-14,Female,1047.4,20,2
HCP00876,9-14,Male,3964.12,73,3
HCP00877,15-18,Male,99.79,2,1
HCP00877,19-45,Female,671.36,13,2
HCP00877,19-45,Male,1123.45,19,2
HCP00877,9-14,Female,391.7,7,2
HCP00878,15-18,Female,0.0,0,1
HCP00878,15-18,Male,0.0,0,1
HCP00878,19-45,Female,0.0,0,1
HCP00878,19-45,Male,0.0,0,1
HCP00878,9-14,Female,0.0,0,1
HCP00878,9-14,Male,0.0,0,1
HCP00879,15-18,Female,895.5,18,2
HCP00879,15-18,Male,1146.82,20,2
HCP00879,19-45,Female,2771.27,50,2
HCP00879,19-45,Male,4776.28,82,2
HCP00879,9-14,Female,1280.13,22,2
HCP00879,9-14,Male,2152.54,39,2
HCP00880,15-18,Male,2094.63,36,1
HCP00880,19-45,Female,3034.3,58,1
HCP00880,19-45,Male,3146.79,55,1
HCP00880,9-14,Female,1250.69,22,1
HCP00880,9-14,Male,1356.91,25,1
HCP00881,15-18,Female,2447.05,42,1
HCP00881,15-18,Male,1415.68,23,1
HCP00881,19-45,Female,2957.99,59,1
HCP00881,19-45,Male,3888.6800000000003,72,2
HCP00881,9-14,Female,847.8000000000001,15,2
HCP00881,9-14,Male,2370.6400000000003,42,2
HCP00882,15-18,Female,900.79,17,1
HCP00882,15-18,Male,1011.6500000000001,20,1
HCP00882,19-45,Female,1080.14,20,1
HCP00882,19-45,Male,1236.03,24,1
HCP00882,9-14,Female,429.13,9,1
HCP00882,9-14,Male,1987.1200000000001,37,1
HCP00883,15-18,Female,2551.84,47,5
HCP00883,15-18,Male,1801.2400000000002,34,2
HCP00883,19-45,Female,2515.38,43,2
HCP00883,19-45,Male,3983.23,76,5
HCP00883,9-14,Female,1427.81,30,2
HCP00883,9-14,Male,1881.3899999999999,33,4
HCP00884,15-18,Female,1106.2,19,1
HCP00884,15-18,Male,1874.18,39,2
HCP00884,19-45,Female,3467.93,58,1
HCP00884,19-45,Male,2858.3599999999997,52,3
HCP00884,9-14,Female,2461.94,47,1
HCP00884,9-14,Male,826.95,14,1
HCP00885,15-18,Female,62.89,1,1
HCP00885,15-18,Male,283.28999999999996,5,1
HCP00885,19-45,Female,198.29,4,1
HCP00885,19-45,Male,293.5,5,1
HCP00885,9-14,Female,0.0,0,1
HCP00885,9-14,Male,183.67,3,1
HCP00886,15-18,Female,5841.96,109,2
HCP00886,15-18,Male,4734.83,98,1
HCP00886,19-45,Female,14151.95,245,2
HCP00886,19-45,Male,10317.67,192,2
HCP00886,9-14,Female,10367.029999999999,176,2
HCP00886,9-14,Male,3968.0999999999995,77,2
HCP00887,15-18,Female,536.77,10,1
HCP00887,15-18,Male,788.87,15,3
HCP00887,19-45,Female,3463.65,61,5
HCP00887,19-45,Male,359.2,6,1
HCP00887,9-14,Female,466.23,9,1
HCP00887,9-14,Male,661.29,13,2
HCP00888,15-18,Female,3598.87,65,1
HCP00888,15-18,Male,3386.71,65,1
HCP00888,19-45,Female,7786.85,154,1
HCP00888,19-45,Male,6858.96,128,1
HCP00888,9-14,Female,2862.93,50,1
HCP00888,9-14,Male,1817.91,31,1
HCP00889,15-18,Male,155.45,3,1
HCP00889,19-45,Female,215.61,4,1
HCP00889,19-45,Male,143.64,3,1
HCP00889,9-14,Female,0.0,0,1
HCP00889,9-14,Male,57.56,1,1
HCP00890,15-18,Female,3710.68,65,2
HCP00890,15-18,Male,2783.28,49,2
HCP00890,19-45,Female,2811.14,57,1
HCP00890,19-45,Male,11535.72,194,3
HCP00890,9-14,Female,3672.3599999999997,61,3
HCP00890,9-14,Male,1583.32,29,2
HCP00891,15-18,Female,3296.05,58,2
HCP00891,15-18,Male,3818.9,71,3
HCP00891,19-45,Female,3615.54,65,2
HCP00891,19-45,Male,2528.42,53,3
HCP00891,9-14,Female,1968.0900000000001,35,1
HCP00891,9-14,Male,1894.68,36,1
HCP00892,15-18,Female,1381.51,26,2
HCP00892,15-18,Male,2501.62,46,2
HCP00892,19-45,Female,3392.0,61,2
HCP00892,19-45,Male,2128.6,34,2
HCP00892,9-14,Male,1254.55,22,2
HCP00893,15-18,Female,476.49,9,1
HCP00893,15-18,Male,5206.6900000000005,97,2
HCP00893,19-45,Female,6528.63,110,2
HCP00893,19-45,Male,14549.56,270,2
HCP00893,9-14,Female,1824.77,34,2
HCP00893,9-14,Male,2971.1,56,1
HCP00894,15-18,Female,1980.68,36,2
HCP00894,15-18,Male,449.1,7,1
HCP00894,19-45,Female,4553.88,77,2
HCP00894,19-45,Male,2186.49,41,2
HCP00894,9-14,Male,1433.04,25,2
HCP00895,15-18,Female,650.17,12,2
HCP00895,15-18,Male,428.09,8,1
HCP00895,19-45,Female,1203.21,23,2
HCP00895,19-45,Male,1241.8799999999999,22,2
HCP00895,9-14,Female,1312.24,21,2
HCP00895,9-14,Male,1627.1,30,2
HCP00896,15-18,Female,661.52,11,1
HCP00896,15-18,Male,1465.79,25,1
HCP00896,19-45,Female,3095.57,56,3
HCP00896,19-45,Male,5841.46,101,4
HCP00896,9-14,Female,2379.59,42,2
HCP00896,9-14,Male,914.37,17,2
HCP00897,15-18,Female,8151.280000000001,135,2
HCP00897,19-45,Male,8401.63,164,2
HCP00897,9-14,Female,3913.67,75,2
HCP00897,9-14,Male,2395.6,41,1
HCP00898,15-18,Female,835.67,17,2
HCP00898,15-18,Male,499.5,9,1
HCP00898,19-45,Female,3800.56,72,2
HCP00898,19-45,Male,2736.51,51,2
HCP00898,9-14,Female,287.63,6,1
HCP00898,9-14,Male,1594.69,28,1
HCP00899,15-18,Female,1250.89,22,2
HCP00899,15-18,Male,2335.35,43,3
HCP00899,19-45,Female,6334.17,111,6
HCP00899,19-45,Male,4457.6,82,4
HCP00899,9-14,Female,4289.34,73,3
HCP00899,9-14,Male,1503.97,29,2
HCP00900,15-18,Female,2926.99,58,3
HCP00900,15-18,Male,106.35,2,2
HCP00900,19-45,Female,3354.44,63,5
HCP00900,19-45,Male,1745.07,33,4
HCP00900,9-14,Female,2468.0299999999997,46,2
HCP00900,9-14,Male,46.66,1,1
HCP00901,15-18,Female,1331.74,28,2
HCP00901,15-18,Male,4394.01,79,3
HCP00901,19-45,Female,3594.55,59,3
HCP00901,19-45,Male,6446.21,112,5
HCP00901,9-14,Female,2531.9,54,2
HCP00901,9-14,Male,898.35,18,2
HCP00902,15-18,Female,1057.78,20,1
HCP00902,15-18,Male,1953.13,36,1
HCP00902,19-45,Female,1103.77,21,1
HCP00902,19-45,Male,6394.77,121,1
HCP00902,9-14,Female,1456.67,28,1
HCP00902,9-14,Male,1265.17,22,1
HCP00903,15-18,Female,5635.13,96,2
HCP00903,15-18,Male,3820.83,71,1
HCP00903,19-45,Female,8167.22,153,2
HCP00903,19-45,Male,4045.78,72,1
HCP00903,9-14,Female,1973.37,37,2
HCP00903,9-14,Male,365.46,8,1
HCP00904,15-18,Male,6069.98,107,2
HCP00904,19-45,Female,7735.59,143,3
HCP00904,19-45,Male,6163.47,104,2
HCP00904,9-14,Female,5980.34,108,2
HCP00904,9-14,Male,5183.5,91,2
HCP00905,15-18,Female,913.28,15,1
HCP00905,15-18,Male,2449.58,46,2
HCP00905,19-45,Female,5826.54,112,2
HCP00905,19-45,Male,6900.5,120,2
HCP00905,9-14,Female,2624.84,48,2
HCP00905,9-14,Male,1864.95,38,2
HCP00906,15-18,Female,2187.05,40,3
HCP00906,15-18,Male,969.73,16,2
HCP00906,19-45,Female,6924.9,121,5
HCP00906,19-45,Male,2293.13,41,4
HCP00906,9-14,Female,802.94,14,1
HCP00906,9-14,Male,889.47,16,2
HCP00907,15-18,Female,2090.36,40,1
HCP00907,15-18,Male,592.65,13,1
HCP00907,19-45,Female,4354.94,79,1
HCP00907,19-45,Male,1895.69,35,1
HCP00907,9-14,Female,974.62,16,1
HCP00907,9-14,Male,2562.77,45,1
HCP00908,15-18,Female,3028.65,49,2
HCP00908,15-18,Male,3064.98,57,5
HCP00908,19-45,Female,4862.3099999999995,92,7
HCP00908,19-45,Male,6699.15,127,10
HCP00908,9-14,Female,4112.65,79,4
HCP00908,9-14,Male,1502.09,30,1
HCP00909,15-18,Female,817.73,14,1
HCP00909,15-18,Male,1625.7,32,2
HCP00909,19-45,Female,558.32,10,2
HCP00909,19-45,Male,3134.86,54,2
HCP00909,9-14,Female,191.39,3,1
HCP00909,9-14,Male,1049.1599999999999,19,2
HCP00910,15-18,Female,2238.81,36,1
HCP00910,15-18,Male,3754.7799999999997,71,2
HCP00910,19-45,Female,4635.610000000001,85,2
HCP00910,19-45,Male,4229.72,78,2
HCP00910,9-14,Female,2159.14,38,1
HCP00910,9-14,Male,850.5699999999999,16,1
HCP00911,15-18,Female,10355.87,184,2
HCP00911,19-45,Female,11197.73,199,2
HCP00911,19-45,Male,9147.53,169,2
HCP00911,9-14,Female,3625.67,69,2
HCP00911,9-14,Male,2323.23,44,2
HCP00912,15-18,Female,5271.96,100,2
HCP00912,15-18,Male,1741.2,35,1
HCP00912,19-45,Female,5395.37,98,2
HCP00912,19-45,Male,8953.91,151,3
HCP00912,9-14,Female,478.96,9,1
HCP00913,15-18,Female,672.56,14,1
HCP00913,15-18,Male,2115.23,37,2
HCP00913,19-45,Female,1348.04,25,2
HCP00913,19-45,Male,4763.08,83,2
HCP00913,9-14,Female,1286.87,23,1
HCP00913,9-14,Male,1204.38,20,2
HCP00914,15-18,Female,159.85000000000002,3,3
HCP00914,15-18,Male,0.0,0,2
HCP00914,19-45,Female,46.98,1,3
HCP00914,19-45,Male,270.56,5,3
HCP00914,9-14,Female,0.0,0,2
HCP00914,9-14,Male,0.0,0,2
HCP00915,15-18,Female,853.02,15,2
HCP00915,15-18,Male,310.66999999999996,6,2
HCP00915,19-45,Female,724.24,13,2
HCP00915,19-45,Male,1268.07,23,2
HCP00915,9-14,Female,559.52,10,1
HCP00915,9-14,Male,370.64,7,1
HCP00916,15-18,Female,2115.32,45,1
HCP00916,15-18,Male,3251.13,56,1
HCP00916,19-45,Female,8155.21,136,1
HCP00916,19-45,Male,2568.9399999999996,47,1
HCP00916,9-14,Female,746.39,16,1
HCP00916,9-14,Male,2036.0500000000002,40,1
HCP00917,15-18,Female,7211.76,138,2
HCP00917,15-18,Male,9025.96,186,2
HCP00917,19-45,Female,29172.08,501,2
HCP00917,19-45,Male,5748.87,103,1
HCP00917,9-14,Female,639.33,13,1
HCP00917,9-14,Male,12569.66,244,2
HCP00918,15-18,Male,4010.06,77,1
HCP00918,19-45,Female,3265.1,55,1
HCP00918,19-45,Male,7550.97,138,1
HCP00918,9-14,Female,1322.9,24,1
HCP00918,9-14,Male,4223.469999999999,81,1
HCP00919,15-18,Female,543.93,9,1
HCP00919,15-18,Male,503.87,10,1
HCP00919,19-45,Female,747.85,13,1
HCP00919,19-45,Male,962.01,17,1
HCP00919,9-14,Female,119.81,2,1
HCP00919,9-14,Male,251.65,5,1
HCP00920,15-18,Female,235.19,5,1
HCP00920,15-18,Male,976.75,19,1
HCP00920,19-45,Female,2369.81,46,1
HCP00920,19-45,Male,1547.49,30,1
HCP00920,9-14,Female,601.79,11,1
HCP00920,9-14,Male,161.6,3,1
HCP00921,15-18,Male,674.19,12,2
HCP00921,19-45,Female,1318.3899999999999,24,2
HCP00921,19-45,Male,841.27,15,2
HCP00921,9-14,Female,227.56,4,2
HCP00921,9-14,Male,372.09000000000003,7,2
HCP00922,15-18,Female,2720.12,53,2
HCP00922,15-18,Male,325.41,7,1
HCP00922,19-45,Female,1098.95,20,2
HCP00922,19-45,Male,4928.84,88,2
HCP00922,9-14,Female,872.8,15,1
HCP00922,9-14,Male,2148.37,39,2
HCP00923,15-18,Female,264.44,5,1
HCP00923,15-18,Male,1416.72,26,2
HCP00923,19-45,Female,752.79,14,3
HCP00923,19-45,Male,1201.01,21,3
HCP00923,9-14,Female,806.69,14,3
HCP00923,9-14,Male,1334.78,24,1
HCP00924,15-18,Female,1159.89,18,1
HCP00924,15-18,Male,709.12,13,1
HCP00924,19-45,Female,5646.0,99,1
HCP00924,19-45,Male,7701.04,145,1
HCP00924,9-14,Female,785.21,14,1
HCP00924,9-14,Male,1806.34,29,1
HCP00925,15-18,Female,7182.110000000001,138,4
HCP00925,15-18,Male,5358.99,93,4
HCP00925,19-45,Female,15455.85,266,4
HCP00925,19-45,Male,12044.93,206,5
HCP00925,9-14,Female,7275.65,134,5
HCP00925,9-14,Male,3233.6899999999996,56,2
HCP00926,15-18,Female,278.17,5,2
HCP00926,15-18,Male,789.37,16,3
HCP00926,19-45,Female,1061.03,21,3
HCP00926,19-45,Male,1426.68,28,2
HCP00926,9-14,Female,611.5,12,3
HCP00926,9-14,Male,1478.2,29,4
HCP00927,15-18,Female,154.81,3,1
HCP00927,15-18,Male,510.81,10,2
HCP00927,19-45,Female,324.51,7,2
HCP00927,19-45,Male,2090.94,41,2
HCP00927,9-14,Female,671.46,13,2
HCP00927,9-14,Male,708.67,14,2
HCP00928,15-18,Female,1795.94,33,3
HCP00928,15-18,Male,5449.95,92,6
HCP00928,19-45,Female,5676.93,102,8
HCP00928,19-45,Male,7699.639999999999,139,8
HCP00928,9-14,Female,1492.98,28,1
HCP00928,9-14,Male,1451.73,25,3
HCP00929,15-18,Female,2033.1799999999998,36,2
HCP00929,15-18,Male,1494.92,26,2
HCP00929,19-45,Female,3350.92,58,2
HCP00929,19-45,Male,3253.12,60,1
HCP00929,9-14,Male,1288.07,25,2
HCP00930,15-18,Female,2480.5,46,4
HCP00930,15-18,Male,1579.03,31,4
HCP00930,19-45,Female,3622.5299999999997,70,6
HCP00930,19-45,Male,9279.79,164,9
HCP00930,9-14,Female,3022.75,62,5
HCP00930,9-14,Male,4300.92,83,7
HCP00931,15-18,Female,1415.3600000000001,24,1
HCP00931,15-18,Male,801.08,17,1
HCP00931,19-45,Female,3054.6800000000003,57,1
HCP00931,19-45,Male,4118.2,76,1
HCP00931,9-14,Female,867.04,16,1
HCP00931,9-14,Male,1457.76,27,1
HCP00932,15-18,Female,1799.7,33,2
HCP00932,15-18,Male,1053.8899999999999,20,1
HCP00932,19-45,Female,4205.72,70,2
HCP00932,19-45,Male,2945.44,52,2
HCP00932,9-14,Male,788.55,16,2
HCP00933,15-18,Female,1709.83,29,1
HCP00933,15-18,Male,1590.65,27,1
HCP00933,19-45,Female,4569.95,79,3
HCP00933,19-45,Male,3865.3499999999995,75,2
HCP00933,9-14,Female,1011.64,20,1
HCP00933,9-14,Male,2925.84,49,2
HCP00934,15-18,Female,4937.71,89,1
HCP00934,15-18,Male,4203.11,68,3
HCP00934,19-45,Female,7684.99,150,2
HCP00934,19-45,Male,6890.99,130,2
HCP00934,9-14,Female,3847.28,77,3
HCP00934,9-14,Male,2537.1699999999996,47,2
HCP00935,15-18,Female,15453.720000000001,261,1
HCP00935,15-18,Male,7966.63,144,1
HCP00935,19-45,Female,13910.28,217,1
HCP00935,19-45,Male,43617.39,761,1
HCP00935,9-14,Female,7894.469999999999,148,1
HCP00935,9-14,Male,17227.57,311,1
HCP00936,15-18,Female,878.77,16,1
HCP00936,15-18,Male,907.5300000000001,16,1
HCP00936,19-45,Female,3647.2,62,1
HCP00936,19-45,Male,562.63,10,1
HCP00936,9-14,Female,1157.6,20,1
HCP00936,9-14,Male,503.67,9,1
HCP00937,15-18,Female,5190.389999999999,94,2
HCP00937,15-18,Male,715.03,14,1
HCP00937,19-45,Female,8446.48,141,2
HCP00937,19-45,Male,10507.7,180,2
HCP00937,9-14,Female,5851.04,116,2
HCP00937,9-14,Male,3821.99,75,1
HCP00938,15-18,Female,2194.23,37,2
HCP00938,15-18,Male,1727.69,32,2
HCP00938,19-45,Female,6655.01,116,2
HCP00938,19-45,Male,7537.6900000000005,137,2
HCP00938,9-14,Female,3099.26,58,2
HCP00938,9-14,Male,1653.4,27,1
HCP00939,15-18,Female,1465.4,26,1
HCP00939,15-18,Male,3460.58,62,1
HCP00939,19-45,Female,2363.8199999999997,42,1
HCP00939,19-45,Male,4583.14,84,1
HCP00939,9-14,Female,3119.67,60,1
HCP00939,9-14,Male,2186.9700000000003,41,1
HCP00940,15-18,Female,1709.4099999999999,32,4
HCP00940,15-18,Male,2850.5,51,4
HCP00940,19-45,Female,5213.6,93,7
HCP00940,19-45,Male,6282.83,119,8
HCP00940,9-14,Female,411.7,9,1
HCP00940,9-14,Male,2777.52,51,6
HCP00941,15-18,Female,580.86,11,1
HCP00941,15-18,Male,984.61,18,2
HCP00941,19-45,Female,2581.62,45,2
HCP00941,19-45,Male,3660.74,66,2
HCP00941,9-14,Female,1175.0900000000001,21,2
HCP00941,9-14,Male,878.61,15,2
HCP00942,15-18,Female,921.45,17,2
HCP00942,15-18,Male,433.53999999999996,8,2
HCP00942,19-45,Female,173.26999999999998,3,1
HCP00942,19-45,Male,1174.62,21,2
HCP00942,9-14,Female,53.46,1,1
HCP00942,9-14,Male,52.37,1,1
HCP00943,15-18,Female,1631.82,29,1
HCP00943,15-18,Male,2190.74,42,1
HCP00943,19-45,Female,3611.6099999999997,61,1
HCP00943,19-45,Male,4834.08,88,1
HCP00943,9-14,Female,1012.8100000000001,19,1
HCP00943,9-14,Male,2004.73,39,1
HCP00944,15-18,Female,1746.64,32,1
HCP00944,15-18,Male,1349.2,23,2
HCP00944,19-45,Female,3174.49,54,3
HCP00944,19-45,Male,2155.61,42,2
HCP00944,9-14,Male,3698.5,68,2
HCP00945,15-18,Female,424.02,8,1
HCP00945,15-18,Male,2193.75,41,2
HCP00945,19-45,Female,4311.17,80,2
HCP00945,19-45,Male,2979.12,54,2
HCP00945,9-14,Female,2286.31,43,2
HCP00945,9-14,Male,1324.25,24,2
HCP00946,15-18,Female,239.47,5,1
HCP00946,15-18,Male,2502.81,45,1
HCP00946,19-45,Female,2337.0299999999997,44,1
HCP00946,19-45,Male,3648.28,64,1
HCP00946,9-14,Female,743.21,14,1
HCP00946,9-14,Male,799.38,14,1
HCP00947,15-18,Female,410.51,9,1
HCP00947,15-18,Male,1412.34,28,3
HCP00947,19-45,Female,388.19,8,1
HCP00947,19-45,Male,4059.45,71,4
HCP00947,9-14,Female,871.22,15,2
HCP00947,9-14,Male,364.4,7,1
HCP00948,15-18,Female,1678.86,31,2
HCP00948,15-18,Male,1056.04,18,2
HCP00948,19-45,Female,1437.7,24,2
HCP00948,19-45,Male,1741.78,34,2
HCP00948,9-14,Female,706.4300000000001,13,2
HCP00948,9-14,Male,244.77,4,1
HCP00949,15-18,Female,1160.48,24,1
HCP00949,15-18,Male,1073.47,21,1
HCP00949,19-45,Female,7790.219999999999,142,3
HCP00949,19-45,Male,4343.79,83,2
HCP00949,9-14,Female,3098.89,60,3
HCP00949,9-14,Male,356.69,6,1
HCP00950,15-18,Male,5033.36,93,5
HCP00950,19-45,Female,9359.93,173,8
HCP00950,19-45,Male,2258.62,44,4
HCP00950,9-14,Male,1195.53,25,2
HCP00951,15-18,Female,234.12,4,1
HCP00951,15-18,Male,694.81,14,2
HCP00951,19-45,Female,1142.1,22,2
HCP00951,19-45,Male,961.96,17,2
HCP00951,9-14,Female,57.13,1,1
HCP00951,9-14,Male,1576.98,30,2
HCP00952,15-18,Female,181.43,3,1
HCP00952,15-18,Male,117.16,2,1
HCP00952,19-45,Female,1222.73,23,5
HCP00952,19-45,Male,507.91999999999996,10,3
HCP00952,9-14,Female,156.68,3,2
HCP00952,9-14,Male,444.65999999999997,8,3
HCP00953,15-18,Female,1846.96,31,2
HCP00953,15-18,Male,435.85,9,1
HCP00953,19-45,Female,3672.41,64,2
HCP00953,19-45,Male,6029.09,108,3
HCP00953,9-14,Female,1382.13,28,2
HCP00953,9-14,Male,2500.0,45,2
HCP00954,15-18,Male,388.94,8,1
HCP00954,19-45,Female,1177.19,21,1
HCP00954,19-45,Male,1229.46,22,1
HCP00954,9-14,Female,1286.49,24,1
HCP00954,9-14,Male,604.9,11,1
HCP00955,15-18,Female,268.8,5,2
HCP00955,15-18,Male,562.3,10,3
HCP00955,19-45,Female,470.27,8,3
HCP00955,19-45,Male,1065.85,19,3
HCP00955,9-14,Female,294.01,6,3
HCP00955,9-14,Male,0.0,0,1
HCP00956,15-18,Male,243.59,4,1
HCP00956,19-45,Female,973.87,19,2
HCP00956,19-45,Male,3899.92,71,2
HCP00956,9-14,Female,900.97,15,2
HCP00956,9-14,Male,309.21,5,1
HCP00957,15-18,Female,0.0,0,2
HCP00957,15-18,Male,0.0,0,2
HCP00957,19-45,Female,0.0,0,2
HCP00957,19-45,Male,0.0,0,2
HCP00957,9-14,Female,0.0,0,2
HCP00958,15-18,Female,395.61,8,2
HCP00958,15-18,Male,186.21,3,2
HCP00958,19-45,Female,474.45,9,2
HCP00958,19-45,Male,478.3,9,2
HCP00958,9-14,Female,0.0,0,1
HCP00958,9-14,Male,0.0,0,1
HCP00959,15-18,Female,5922.43,106,1
HCP00959,15-18,Male,3847.6000000000004,65,1
HCP00959,19-45,Female,2941.0299999999997,53,1
HCP00959,19-45,Male,3747.6800000000003,65,1
HCP00959,9-14,Female,3354.07,58,1
HCP00959,9-14,Male,1014.17,21,1
HCP00960,15-18,Female,301.01,5,2
HCP00960,15-18,Male,268.13,5,1
HCP00960,19-45,Female,101.94,2,2
HCP00960,19-45,Male,567.5699999999999,11,2
HCP00960,9-14,Female,0.0,0,1
HCP00960,9-14,Male,91.25,2,2
HCP00961,15-18,Female,456.71,9,1
HCP00961,15-18,Male,244.75,5,1
HCP00961,19-45,Female,457.26,8,1
HCP00961,19-45,Male,584.34,11,1
HCP00961,9-14,Female,446.63,8,1
HCP00961,9-14,Male,98.35,2,1
HCP00962,15-18,Female,332.69,6,1
HCP00962,15-18,Male,1134.45,18,1
HCP00962,19-45,Female,1389.8200000000002,26,1
HCP00962,19-45,Male,2880.4100000000003,54,1
HCP00962,9-14,Female,1631.87,29,1
HCP00962,9-14,Male,1832.07,34,1
HCP00963,15-18,Female,3402.45,70,1
HCP00963,15-18,Male,4286.0,71,1
HCP00963,19-45,Female,9260.79,157,1
HCP00963,19-45,Male,7916.51,156,1
HCP00963,9-14,Female,5592.379999999999,97,1
HCP00963,9-14,Male,2741.88,56,1
HCP00964,15-18,Female,1734.72,28,2
HCP00964,15-18,Male,190.32,3,1
HCP00964,19-45,Male,3053.43,62,2
HCP00964,9-14,Female,504.32,10,1
HCP00964,9-14,Male,591.8900000000001,11,2
HCP00965,15-18,Female,1700.0900000000001,29,1
HCP00965,15-18,Male,4953.45,88,2
HCP00965,19-45,Female,4843.1900000000005,88,2
HCP00965,19-45,Male,1083.03,17,2
HCP00965,9-14,Female,1374.31,22,1
HCP00965,9-14,Male,883.1299999999999,15,1
HCP00966,15-18,Female,2629.37,44,2
HCP00966,15-18,Male,4736.65,88,2
HCP00966,19-45,Female,4147.44,79,2
HCP00966,19-45,Male,10678.6,191,2
HCP00966,9-14,Female,451.1,7,1
HCP00966,9-14,Male,4797.9,85,2
HCP00967,15-18,Female,3104.99,56,3
HCP00967,15-18,Male,1014.66,19,1
HCP00967,19-45,Female,2898.16,52,2
HCP00967,19-45,Male,3800.0399999999995,68,2
HCP00967,9-14,Female,702.81,12,1
HCP00967,9-14,Male,1422.5,23,2
HCP00968,15-18,Female,892.23,16,2
HCP00968,15-18,Male,297.15,5,1
HCP00968,19-45,Female,2153.36,38,2
HCP00968,19-45,Male,562.66,9,1
HCP00968,9-14,Female,992.5699999999999,18,2
HCP00968,9-14,Male,783.5699999999999,14,1
HCP00969,15-18,Female,5863.2,107,2
HCP00969,15-18,Male,2600.82,53,2
HCP00969,19-45,Female,9384.73,169,2
HCP00969,19-45,Male,2958.36,58,1
HCP00969,9-14,Female,4267.61,72,2
HCP00969,9-14,Male,3004.24,63,1
HCP00970,15-18,Female,3983.83,71,1
HCP00970,15-18,Male,1050.72,19,1
HCP00970,19-45,Female,5951.73,97,1
HCP00970,19-45,Male,3658.79,72,1
HCP00970,9-14,Female,2128.55,39,1
HCP00970,9-14,Male,3198.26,59,1
HCP00971,15-18,Female,1362.58,27,1
HCP00971,15-18,Male,5755.55,108,1
HCP00971,19-45,Female,14976.529999999999,288,1
HCP00971,19-45,Male,10585.7,178,1
HCP00971,9-14,Female,3174.8599999999997,59,1
HCP00971,9-14,Male,2805.19,57,1
HCP00972,15-18,Female,3047.75,54,1
HCP00972,15-18,Male,4506.38,76,3
HCP00972,19-45,Female,4516.2,79,2
HCP00972,19-45,Male,4505.49,79,2
HCP00972,9-14,Female,2440.2799999999997,43,2
HCP00972,9-14,Male,3071.59,58,3
HCP00973,15-18,Female,1498.38,26,2
HCP00973,15-18,Male,1447.49,30,1
HCP00973,19-45,Female,3908.92,66,2
HCP00973,19-45,Male,3215.63,60,2
HCP00973,9-14,Female,1768.44,32,1
HCP00973,9-14,Male,1826.3600000000001,31,2
HCP00974,15-18,Female,336.65,6,1
HCP00974,15-18,Male,1658.6100000000001,32,2
HCP00974,19-45,Female,9291.4,161,2
HCP00974,19-45,Male,3030.13,52,2
HCP00974,9-14,Female,4004.41,73,2
HCP00974,9-14,Male,1433.13,25,2
HCP00975,15-18,Female,1333.3000000000002,26,2
HCP00975,15-18,Male,615.86,11,1
HCP00975,19-45,Female,1726.3700000000001,33,2
HCP00975,19-45,Male,1688.66,30,2
HCP00975,9-14,Female,1024.19,18,1
HCP00975,9-14,Male,982.3000000000001,16,2
HCP00976,15-18,Female,1002.4200000000001,18,1
HCP00976,15-18,Male,1205.66,23,1
HCP00976,19-45,Female,1862.48,32,1
HCP00976,19-45,Male,380.81,7,1
HCP00976,9-14,Female,280.03,5,1
HCP00976,9-14,Male,668.15,13,1
HCP00977,15-18,Female,1979.73,39,2
HCP00977,15-18,Male,994.5,17,2
HCP00977,19-45,Female,2422.94,42,2
HCP00977,19-45,Male,3756.0499999999997,70,5
HCP00977,9-14,Female,325.02,6,3
HCP00977,9-14,Male,169.91,3,2
HCP00978,15-18,Female,730.47,13,1
HCP00978,15-18,Male,919.06,17,1
HCP00978,19-45,Female,4111.78,74,1
HCP00978,19-45,Male,2182.56,42,1
HCP00978,9-14,Female,1244.89,22,1
HCP00978,9-14,Male,332.72,6,1
HCP00979,15-18,Female,2589.52,46,2
HCP00979,15-18,Male,3137.5600000000004,56,3
HCP00979,19-45,Female,4681.87,93,5
HCP00979,19-45,Male,7572.49,136,3
HCP00979,9-14,Female,1909.45,37,3
HCP00979,9-14,Male,1625.9499999999998,28,2
HCP00980,15-18,Female,750.86,13,1
HCP00980,19-45,Female,1639.76,34,1
HCP00980,19-45,Male,5840.38,109,1
HCP00980,9-14,Female,1859.58,31,1
HCP00980,9-14,Male,1542.4499999999998,30,1
HCP00981,15-18,Female,1714.19,32,1
HCP00981,15-18,Male,2585.69,48,2
HCP00981,19-45,Female,9299.41,167,2
HCP00981,19-45,Male,8963.960000000001,155,2
HCP00981,9-14,Female,2768.3500000000004,56,2
HCP00981,9-14,Male,3301.69,58,2
HCP00982,15-18,Female,822.75,17,2
HCP00982,15-18,Male,2408.2200000000003,47,2
HCP00982,19-45,Female,5401.94,97,3
HCP00982,19-45,Male,3990.52,75,3
HCP00982,9-14,Female,3143.67,56,3
HCP00983,15-18,Female,173.09,3,4
HCP00983,15-18,Male,225.94,4,7
HCP00983,19-45,Female,242.07999999999998,4,5
HCP00983,19-45,Male,391.09,7,9
HCP00983,9-14,Female,0.0,0,1
HCP00983,9-14,Male,236.23000000000002,4,4
HCP00984,15-18,Female,3942.51,76,1
HCP00984,15-18,Male,11537.35,216,1
HCP00984,19-45,Female,13029.460000000001,241,1
HCP00984,19-45,Male,17740.670000000002,305,1
HCP00984,9-14,Female,1058.55,22,1
HCP00984,9-14,Male,3022.6099999999997,54,1
HCP00985,15-18,Female,434.62,7,1
HCP00985,15-18,Male,396.74,7,2
HCP00985,19-45,Female,349.9,7,2
HCP00985,19-45,Male,916.08,16,2
HCP00985,9-14,Female,430.67,8,2
HCP00985,9-14,Male,979.2,17,2
HCP00986,15-18,Female,6964.14,132,2
HCP00986,15-18,Male,4403.03,73,2
HCP00986,19-45,Female,11823.19,223,2
HCP00986,19-45,Male,5085.48,104,2
HCP00986,9-14,Female,6838.43,123,2
HCP00987,15-18,Female,346.38,6,2
HCP00987,15-18,Male,1141.71,20,1
HCP00987,19-45,Female,1062.5,20,2
HCP00987,19-45,Male,574.9100000000001,10,1
HCP00987,9-14,Female,387.93,8,2
HCP00987,9-14,Male,518.81,9,2
HCP00988,15-18,Female,5010.96,96,1
HCP00988,15-18,Male,4127.33,76,2
HCP00988,19-45,Female,3573.0199999999995,67,2
HCP00988,19-45,Male,7177.55,134,2
HCP00988,9-14,Female,743.92,16,1
HCP00988,9-14,Male,2096.05,40,2
HCP00989,15-18,Female,13172.62,243,3
HCP00989,15-18,Male,6037.7699999999995,105,2
HCP00989,19-45,Female,7449.120000000001,142,3
HCP00989,19-45,Male,8985.27,166,2
HCP00989,9-14,Female,8289.81,147,3
HCP00989,9-14,Male,3128.9,61,2
HCP00990,15-18,Male,887.36,17,1
HCP00990,19-45,Female,1936.72,36,2
HCP00990,19-45,Male,2581.83,49,2
HCP00990,9-14,Female,297.11,6,1
HCP00990,9-14,Male,665.05,11,2
HCP00991,15-18,Female,2148.61,42,2
HCP00991,15-18,Male,908.22,18,2
HCP00991,19-45,Female,2418.77,43,2
HCP00991,19-45,Male,1662.3600000000001,27,2
HCP00991,9-14,Female,357.34,6,1
HCP00991,9-14,Male,1052.92,19,1
HCP00992,15-18,Female,4315.21,73,1
HCP00992,15-18,Male,1770.93,30,2
HCP00992,19-45,Female,3774.99,68,4
HCP00992,19-45,Male,9465.59,168,4
HCP00992,9-14,Female,1505.14,29,3
HCP00992,9-14,Male,1362.5900000000001,24,2
HCP00993,15-18,Female,360.11,8,1
HCP00993,15-18,Male,412.14,8,1
HCP00993,19-45,Female,3438.4300000000003,64,2
HCP00993,19-45,Male,3360.94,59,2
HCP00993,9-14,Female,3269.1,55,2
HCP00993,9-14,Male,1521.96,30,2
HCP00994,15-18,Female,2054.33,41,2
HCP00994,15-18,Male,833.39,13,1
HCP00994,19-45,Female,8574.869999999999,154,4
HCP00994,19-45,Male,7647.85,135,3
HCP00994,9-14,Female,3553.94,62,2
HCP00994,9-14,Male,3659.36,62,2
HCP00995,15-18,Female,1800.96,28,1
HCP00995,15-18,Male,1680.74,31,1
HCP00995,19-45,Female,2784.8199999999997,49,1
HCP00995,19-45,Male,6857.400000000001,116,1
HCP00995,9-14,Female,4422.32,79,2
HCP00995,9-14,Male,2988.01,52,2
HCP00996,15-18,Female,3506.7,68,4
HCP00996,15-18,Male,121.76,2,1
HCP00996,19-45,Female,6174.62,115,7
HCP00996,19-45,Male,3955.45,71,5
HCP00996,9-14,Female,4417.6,85,5
HCP00996,9-14,Male,1595.92,30,2
HCP00997,15-18,Female,110.77,2,1
HCP00997,15-18,Male,547.23,10,2
HCP00997,19-45,Female,146.93,3,1
HCP00997,19-45,Male,645.37,12,2
HCP00997,9-14,Female,54.79,1,1
HCP00997,9-14,Male,675.34,12,2
HCP00998,15-18,Female,1640.1299999999999,31,4
HCP00998,15-18,Male,610.91,11,1
HCP00998,19-45,Female,1014.42,17,1
HCP00998,19-45,Male,5499.21,104,10
HCP00998,9-14,Female,822.61,15,2
HCP00998,9-14,Male,1693.8200000000002,33,5
HCP00999,15-18,Female,1861.4,35,2
HCP00999,19-45,Female,2656.1,51,2
HCP00999,19-45,Male,5740.43,106,2
HCP00999,9-14,Female,1397.87,25,2
HCP01000,15-18,Female,2130.04,38,2
HCP01000,15-18,Male,2602.01,50,2
HCP01000,19-45,Female,2379.95,43,2
HCP01000,19-45,Male,12086.8,222,2
HCP01000,9-14,Female,3732.03,64,2
HCP01000,9-14,Male,805.61,16,2
HCP01001,15-18,Female,4306.61,71,2
HCP01001,15-18,Male,4125.58,69,2
HCP01001,19-45,Female,9624.75,172,3
HCP01001,19-45,Male,7759.37,130,2
HCP01001,9-14,Male,6437.05,135,2
HCP01002,15-18,Female,1853.4499999999998,30,2
HCP01002,15-18,Male,4206.74,78,3
HCP01002,19-45,Female,13529.78,259,3
HCP01002,19-45,Male,1881.37,38,2
HCP01002,9-14,Female,3266.83,59,2
HCP01002,9-14,Male,1878.36,35,2
HCP01003,15-18,Female,219.87,4,1
HCP01003,15-18,Male,701.55,15,2
HCP01003,19-45,Female,1912.45,34,4
HCP01003,19-45,Male,2469.76,47,4
HCP01003,9-14,Female,812.53,14,3
HCP01003,9-14,Male,656.81,12,2
HCP01004,15-18,Female,1132.49,21,1
HCP01004,15-18,Male,805.84,16,1
HCP01004,19-45,Female,3469.41,61,1
HCP01004,19-45,Male,2024.6999999999998,36,1
HCP01004,9-14,Female,1319.51,23,1
HCP01004,9-14,Male,576.46,12,1
HCP01005,15-18,Female,51.86,1,1
HCP01005,15-18,Male,2863.2400000000002,49,2
HCP01005,19-45,Female,2929.7000000000003,56,2
HCP01005,19-45,Male,5161.530000000001,101,2
HCP01005,9-14,Female,2036.03,36,2
HCP01005,9-14,Male,54.38,1,1
HCP01006,15-18,Female,3829.8,70,1
HCP01006,15-18,Male,1007.27,20,1
HCP01006,19-45,Female,5335.96,91,1
HCP01006,19-45,Male,5689.23,110,1
HCP01006,9-14,Female,1685.19,32,1
HCP01006,9-14,Male,3491.25,61,1
HCP01007,15-18,Female,344.06,6,2
HCP01007,15-18,Male,57.84,1,1
HCP01007,19-45,Female,533.95,9,3
HCP01007,19-45,Male,0.0,0,1
HCP01007,9-14,Female,358.60999999999996,6,2
HCP01008,15-18,Female,369.92,6,2
HCP01008,15-18,Male,1222.0,20,1
HCP01008,19-45,Female,978.0,20,2
HCP01008,19-45,Male,1627.4999999999998,28,3
HCP01008,9-14,Female,1059.65,20,3
HCP01008,9-14,Male,1272.88,22,2
HCP01009,15-18,Female,849.86,15,1
HCP01009,15-18,Male,691.77,13,1
HCP01009,19-45,Female,1394.04,28,1
HCP01009,19-45,Male,1264.83,26,1
HCP01009,9-14,Female,709.1999999999999,12,1
HCP01009,9-14,Male,1076.02,20,1
HCP01010,15-18,Female,869.61,19,1
HCP01010,15-18,Male,3404.13,57,1
HCP01010,19-45,Female,3055.9300000000003,55,1
HCP01010,19-45,Male,7651.57,136,1
HCP01010,9-14,Female,1837.24,31,1
HCP01010,9-14,Male,6697.0599999999995,129,1
HCP01011,15-18,Female,262.8,5,1
HCP01011,15-18,Male,463.76,9,1
HCP01011,19-45,Female,559.02,10,1
HCP01011,19-45,Male,591.0,11,1
HCP01011,9-14,Female,45.85,1,1
HCP01011,9-14,Male,0.0,0,1
HCP01012,15-18,Female,3183.51,55,2
HCP01012,15-18,Male,5200.030000000001,105,2
HCP01012,19-45,Female,15840.380000000001,285,2
HCP01012,19-45,Male,8037.33,154,2
HCP01012,9-14,Female,7040.95,138,2
HCP01012,9-14,Male,4325.66,74,1
HCP01013,15-18,Female,7651.17,134,1
HCP01013,15-18,Male,4056.71,77,2
HCP01013,19-45,Female,6770.110000000001,114,2
HCP01013,19-45,Male,3422.5099999999998,65,2
HCP01013,9-14,Female,7519.07,137,2
HCP01013,9-14,Male,459.32,9,1
HCP01014,15-18,Female,4785.610000000001,95,1
HCP01014,15-18,Male,4670.54,79,1
HCP01014,19-45,Female,10704.83,194,1
HCP01014,19-45,Male,14761.380000000001,269,1
HCP01014,9-14,Female,3815.27,74,1
HCP01014,9-14,Male,4962.94,91,1
HCP01015,15-18,Female,2154.27,35,2
HCP01015,15-18,Male,3995.8999999999996,71,1
HCP01015,19-45,Female,5140.09,92,2
HCP01015,19-45,Male,6872.5,119,3
HCP01015,9-14,Female,3967.98,68,2
HCP01015,9-14,Male,4514.07,80,2
HCP01016,15-18,Female,2436.73,39,1
HCP01016,15-18,Male,5492.34,104,2
HCP01016,19-45,Female,11197.51,217,2
HCP01016,19-45,Male,16646.25,295,2
HCP01016,9-14,Female,1287.94,24,1
HCP01016,9-14,Male,1758.96,31,1
HCP01017,15-18,Female,2576.2200000000003,49,1
HCP01017,15-18,Male,748.77,14,1
HCP01017,19-45,Female,11839.869999999999,215,2
HCP01017,19-45,Male,7340.87,129,2
HCP01017,9-14,Female,3734.65,71,2
HCP01017,9-14,Male,1698.54,33,2
HCP01018,15-18,Female,3881.5299999999997,67,5
HCP01018,15-18,Male,5196.51,97,6
HCP01018,19-45,Female,9239.92,158,11
HCP01018,19-45,Male,5845.24,104,7
HCP01018,9-14,Female,699.19,13,2
HCP01018,9-14,Male,2599.73,54,4
HCP01019,15-18,Female,1573.23,26,3
HCP01019,15-18,Male,1923.37,33,5
HCP01019,19-45,Female,6784.42,125,10
HCP01019,19-45,Male,1675.92,28,3
HCP01019,9-14,Female,1787.28,30,5
HCP01019,9-14,Male,1049.1799999999998,19,2
HCP01020,15-18,Female,4476.71,87,2
HCP01020,15-18,Male,2880.83,56,1
HCP01020,19-45,Female,4483.38,81,2
HCP01020,19-45,Male,5089.68,89,2
HCP01020,9-14,Female,2434.24,48,2
HCP01020,9-14,Male,2307.6099999999997,36,2
HCP01021,15-18,Female,6384.51,123,2
HCP01021,15-18,Male,2404.49,40,1
HCP01021,19-45,Female,5722.95,94,2
HCP01021,19-45,Male,8214.47,144,2
HCP01021,9-14,Female,2180.08,39,2
HCP01021,9-14,Male,3442.78,60,2
HCP01022,15-18,Female,2878.94,55,1
HCP01022,15-18,Male,3688.58,73,1
HCP01022,19-45,Female,8899.51,164,1
HCP01022,19-45,Male,8266.0,144,1
HCP01022,9-14,Female,5569.12,102,1
HCP01022,9-14,Male,4362.4,78,1
HCP01023,15-18,Female,228.01,4,2
HCP01023,19-45,Female,175.99,3,1
HCP01023,19-45,Male,364.4,7,2
HCP01023,9-14,Female,0.0,0,1
HCP01023,9-14,Male,161.28,3,2
HCP01024,15-18,Female,1885.34,41,1
HCP01024,15-18,Male,7700.4400000000005,140,2
HCP01024,19-45,Female,17186.16,309,2
HCP01024,19-45,Male,5865.95,112,2
HCP01024,9-14,Female,4224.97,72,2
HCP01024,9-14,Male,5027.889999999999,99,1
HCP01025,15-18,Female,822.98,13,1
HCP01025,15-18,Male,2272.55,38,1
HCP01025,19-45,Female,9205.099999999999,164,2
HCP01025,19-45,Male,3314.87,56,2
HCP01025,9-14,Female,2391.96,40,1
HCP01025,9-14,Male,3242.31,57,2
HCP01026,15-18,Female,5271.139999999999,94,4
HCP01026,15-18,Male,1853.76,32,1
HCP01026,19-45,Female,10096.83,199,5
HCP01026,19-45,Male,6513.22,116,5
HCP01026,9-14,Female,2856.73,49,4
HCP01026,9-14,Male,4019.35,70,3
HCP01027,15-18,Female,5233.1,104,2
HCP01027,15-18,Male,2980.74,52,1
HCP01027,19-45,Female,10592.04,192,2
HCP01027,19-45,Male,8177.49,160,2
HCP01027,9-14,Female,2121.94,34,1
HCP01027,9-14,Male,1001.98,16,1
HCP01028,15-18,Male,153.3,3,1
HCP01028,19-45,Female,1021.16,17,1
HCP01028,19-45,Male,625.58,11,1
HCP01028,9-14,Female,114.94,2,1
HCP01028,9-14,Male,668.39,13,1
HCP01029,15-18,Female,0.0,0,1
HCP01029,15-18,Male,1553.64,27,3
HCP01029,19-45,Female,2675.8,49,4
HCP01029,19-45,Male,6226.73,115,6
HCP01029,9-14,Female,2660.38,50,4
HCP01029,9-14,Male,2646.61,44,5
HCP01030,15-18,Female,4273.1900000000005,71,2
HCP01030,15-18,Male,1884.92,40,1
HCP01030,19-45,Female,4110.219999999999,70,2
HCP01030,19-45,Male,6039.3099999999995,116,4
HCP01030,9-14,Female,4555.1,85,4
HCP01030,9-14,Male,4551.78,77,2
HCP01031,15-18,Female,7553.1900000000005,138,1
HCP01031,15-18,Male,937.86,16,1
HCP01031,19-45,Female,11064.57,215,1
HCP01031,19-45,Male,3098.55,52,1
HCP01031,9-14,Female,1154.02,22,1
HCP01031,9-14,Male,2682.5,47,1
HCP01032,15-18,Male,14375.869999999999,269,1
HCP01032,19-45,Female,4927.08,94,1
HCP01032,19-45,Male,17371.52,331,1
HCP01032,9-14,Female,3654.48,74,1
HCP01032,9-14,Male,4303.85,78,1
HCP01033,15-18,Female,802.48,15,2
HCP01033,15-18,Male,900.1199999999999,18,2
HCP01033,19-45,Female,6498.95,116,3
HCP01033,19-45,Male,6006.87,109,3
HCP01033,9-14,Female,1238.83,21,2
HCP01033,9-14,Male,926.92,19,2
HCP01034,15-18,Female,742.07,16,1
HCP01034,15-18,Male,743.12,14,1
HCP01034,19-45,Female,2783.66,48,1
HCP01034,19-45,Male,999.19,18,1
HCP01034,9-14,Female,417.76,7,1
HCP01034,9-14,Male,258.26,4,1
HCP01035,15-18,Female,1685.55,33,1
HCP01035,15-18,Male,5849.17,122,4
HCP01035,19-45,Female,7663.45,143,4
HCP01035,19-45,Male,3664.66,63,1
HCP01035,9-14,Female,5274.85,96,2
HCP01035,9-14,Male,3728.58,66,3
HCP01036,15-18,Female,5862.26,104,3
HCP01036,15-18,Male,1689.08,26,1
HCP01036,19-45,Female,5780.15,102,3
HCP01036,19-45,Male,12446.98,231,3
HCP01036,9-14,Female,3183.37,58,2
HCP01036,9-14,Male,3087.0600000000004,53,3
HCP01037,15-18,Female,1592.42,27,1
HCP01037,15-18,Male,631.77,10,1
HCP01037,19-45,Female,1517.46,30,1
HCP01037,19-45,Male,1190.4,22,1
HCP01037,9-14,Female,714.5799999999999,14,1
HCP01037,9-14,Male,1071.96,18,1
HCP01038,15-18,Female,6835.530000000001,132,2
HCP01038,15-18,Male,4843.389999999999,81,2
HCP01038,19-45,Female,4178.66,84,2
HCP01038,19-45,Male,5690.11,95,2
HCP01038,9-14,Female,2648.37,47,2
HCP01038,9-14,Male,2828.3,50,2
HCP01039,15-18,Female,3547.04,60,1
HCP01039,15-18,Male,3574.05,67,1
HCP01039,19-45,Female,4620.74,84,1
HCP01039,19-45,Male,9820.39,164,1
HCP01039,9-14,Female,2668.59,49,1
HCP01039,9-14,Male,3387.42,67,1
HCP01040,15-18,Female,6080.79,116,2
HCP01040,15-18,Male,1564.44,26,1
HCP01040,19-45,Female,6149.53,103,2
HCP01040,19-45,Male,4086.0299999999997,69,2
HCP01040,9-14,Female,1766.3600000000001,30,2
HCP01040,9-14,Male,861.02,15,2
HCP01041,15-18,Female,1765.99,33,2
HCP01041,15-18,Male,877.99,16,2
HCP01041,19-45,Female,1929.7,36,2
HCP01041,19-45,Male,1013.92,19,2
HCP01041,9-14,Female,158.01,3,1
HCP01041,9-14,Male,974.39,19,1
HCP01042,15-18,Female,867.9300000000001,16,1
HCP01042,15-18,Male,2544.0499999999997,51,2
HCP01042,19-45,Female,5569.56,103,2
HCP01042,19-45,Male,3823.6899999999996,68,2
HCP01042,9-14,Female,761.87,12,2
HCP01042,9-14,Male,2589.6299999999997,44,2
HCP01043,15-18,Female,1720.8400000000001,32,1
HCP01043,15-18,Male,1404.1,26,1
HCP01043,19-45,Female,2862.26,57,1
HCP01043,19-45,Male,2907.0,49,1
HCP01043,9-14,Female,530.42,10,1
HCP01044,15-18,Female,1109.13,18,1
HCP01044,15-18,Male,1838.9,36,1
HCP01044,19-45,Female,3285.85,66,2
HCP01044,19-45,Male,3013.2,50,2
HCP01044,9-14,Female,2953.23,53,2
HCP01044,9-14,Male,3214.2999999999997,61,2
HCP01045,15-18,Female,171.21,3,1
HCP01045,15-18,Male,391.45000000000005,7,1
HCP01045,19-45,Female,556.58,10,1
HCP01045,19-45,Male,509.5,8,1
HCP01045,9-14,Female,348.84,6,1
HCP01045,9-14,Male,669.32,13,1
HCP01046,15-18,Female,1551.23,29,2
HCP01046,15-18,Male,540.32,9,1
HCP01046,19-45,Female,3791.87,73,1
HCP01046,19-45,Male,1901.63,33,2
HCP01046,9-14,Female,1748.98,32,2
HCP01046,9-14,Male,1966.4000000000003,37,2
HCP01047,15-18,Female,5734.25,121,3
HCP01047,15-18,Male,2259.42,37,1
HCP01047,19-45,Female,12209.67,210,3
HCP01047,19-45,Male,5051.8,96,2
HCP01047,9-14,Female,6689.59,119,3
HCP01047,9-14,Male,6090.05,116,2
HCP01048,15-18,Female,3691.95,67,6
HCP01048,15-18,Male,1164.94,18,1
HCP01048,19-45,Female,7030.43,133,10
HCP01048,19-45,Male,4074.27,80,3
HCP01048,9-14,Female,1457.45,26,4
HCP01048,9-14,Male,3700.02,61,4
HCP01049,15-18,Female,1263.96,23,1
HCP01049,15-18,Male,1011.8199999999999,17,1
HCP01049,19-45,Female,2385.09,42,1
HCP01049,19-45,Male,2261.37,43,1
HCP01049,9-14,Female,2242.66,38,1
HCP01049,9-14,Male,647.33,10,1
HCP01050,15-18,Female,2751.12,44,1
HCP01050,15-18,Male,2412.33,47,1
HCP01050,19-45,Female,7843.5,157,1
HCP01050,19-45,Male,9981.67,177,1
HCP01050,9-14,Female,3474.7599999999998,66,1
HCP01050,9-14,Male,1192.04,26,1
HCP01051,15-18,Female,1260.3899999999999,22,1
HCP01051,15-18,Male,1727.95,33,1
HCP01051,19-45,Female,2237.19,43,1
HCP01051,19-45,Male,1901.13,36,1
HCP01051,9-14,Female,313.09,5,1
HCP01051,9-14,Male,831.56,14,1
HCP01052,15-18,Female,1667.35,35,1
HCP01052,15-18,Male,1397.12,26,1
HCP01052,19-45,Female,6046.87,107,1
HCP01052,19-45,Male,2806.81,52,1
HCP01052,9-14,Female,1933.77,35,1
HCP01052,9-14,Male,570.25,9,1
HCP01053,15-18,Female,3500.7,61,2
HCP01053,15-18,Male,539.2,9,1
HCP01053,19-45,Female,4779.28,91,2
HCP01053,19-45,Male,6133.93,108,2
HCP01053,9-14,Female,223.09,4,1
HCP01053,9-14,Male,585.46,12,1
HCP01054,15-18,Female,4115.4400000000005,66,2
HCP01054,15-18,Male,1581.29,28,1
HCP01054,19-45,Female,9671.01,176,2
HCP01054,19-45,Male,4950.43,90,2
HCP01054,9-14,Female,5610.46,104,2
HCP01054,9-14,Male,3958.58,79,2
HCP01055,15-18,Female,257.1,5,1
HCP01055,15-18,Male,3342.53,59,3
HCP01055,19-45,Female,1385.29,25,2
HCP01055,19-45,Male,2965.29,55,3
HCP01055,9-14,Female,3859.4300000000003,72,3
HCP01055,9-14,Male,1498.69,25,2
HCP01056,15-18,Female,2380.22,44,2
HCP01056,15-18,Male,950.06,18,1
HCP01056,19-45,Female,2811.98,49,2
HCP01056,19-45,Male,3104.17,54,2
HCP01056,9-14,Female,729.26,16,1
HCP01056,9-14,Male,3379.36,59,2
HCP01057,15-18,Female,1914.16,35,2
HCP01057,19-45,Female,4678.99,83,2
HCP01057,19-45,Male,3377.7000000000003,59,2
HCP01057,9-14,Female,809.49,16,2
HCP01057,9-14,Male,3188.9300000000003,61,1
HCP01058,15-18,Female,3409.45,62,2
HCP01058,15-18,Male,1562.0,29,1
HCP01058,19-45,Female,8092.860000000001,145,3
HCP01058,19-45,Male,2472.12,43,3
HCP01058,9-14,Female,2627.17,44,3
HCP01058,9-14,Male,6339.360000000001,112,3
HCP01059,15-18,Female,2455.2,44,1
HCP01059,15-18,Male,903.71,17,1
HCP01059,19-45,Female,5566.73,99,1
HCP01059,19-45,Male,2867.79,47,1
HCP01059,9-14,Female,2405.34,51,1
HCP01059,9-14,Male,3025.22,51,1
HCP01060,15-18,Female,5219.26,93,2
HCP01060,15-18,Male,7465.99,139,3
HCP01060,19-45,Female,2679.73,48,1
HCP01060,19-45,Male,7021.63,122,4
HCP01060,9-14,Female,5815.6,107,3
HCP01060,9-14,Male,2162.13,45,1
HCP01061,15-18,Female,262.84000000000003,5,1
HCP01061,15-18,Male,221.22,4,1
HCP01061,19-45,Female,266.17,5,1
HCP01061,19-45,Male,356.62,7,1
HCP01061,9-14,Male,53.41,1,1
HCP01062,15-18,Female,1749.98,33,2
HCP01062,15-18,Male,3221.11,61,2
HCP01062,19-45,Female,7009.41,124,2
HCP01062,19-45,Male,3909.8500000000004,69,2
HCP01062,9-14,Female,1939.65,35,2
HCP01062,9-14,Male,3549.42,65,2
HCP01063,15-18,Female,1766.69,30,1
HCP01063,15-18,Male,2569.4399999999996,48,1
HCP01063,19-45,Female,5057.3,93,1
HCP01063,19-45,Male,6636.64,112,1
HCP01063,9-14,Female,2853.8900000000003,51,1
HCP01063,9-14,Male,1675.99,34,1
HCP01064,15-18,Female,2255.69,42,2
HCP01064,15-18,Male,2203.46,39,2
HCP01064,19-45,Female,1611.53,30,2
HCP01064,19-45,Male,3363.34,63,2
HCP01064,9-14,Female,1123.29,22,2
HCP01064,9-14,Male,1135.93,23,2
HCP01065,15-18,Female,1888.69,34,2
HCP01065,15-18,Male,1281.81,22,2
HCP01065,19-45,Female,4084.32,74,3
HCP01065,19-45,Male,1573.9,28,1
HCP01065,9-14,Female,1458.49,27,2
HCP01065,9-14,Male,2585.39,49,3
HCP01066,15-18,Female,2065.09,37,1
HCP01066,15-18,Male,7303.68,129,5
HCP01066,19-45,Female,19798.64,344,12
HCP01066,19-45,Male,13437.67,249,7
HCP01066,9-14,Female,3477.8999999999996,73,2
HCP01066,9-14,Male,11194.78,194,8
HCP01067,15-18,Female,2348.01,38,2
HCP01067,15-18,Male,3401.38,62,3
HCP01067,19-45,Female,3650.69,65,3
HCP01067,19-45,Male,7417.75,144,3
HCP01067,9-14,Female,1650.5,27,2
HCP01067,9-14,Male,2393.08,44,3
HCP01068,15-18,Male,1946.72,40,1
HCP01068,19-45,Female,6196.75,113,1
HCP01068,19-45,Male,3583.98,61,1
HCP01068,9-14,Female,1305.3000000000002,22,1
HCP01068,9-14,Male,2883.17,51,1
HCP01069,15-18,Female,546.49,9,2
HCP01069,15-18,Male,0.0,0,1
HCP01069,19-45,Female,750.29,12,2
HCP01069,19-45,Male,3181.78,51,2
HCP01069,9-14,Female,362.76,8,2
HCP01069,9-14,Male,352.1,7,1
HCP01070,15-18,Female,0.0,0,1
HCP01070,15-18,Male,0.0,0,1
HCP01070,19-45,Female,1395.29,27,2
HCP01070,19-45,Male,5262.97,91,2
HCP01070,9-14,Female,0.0,0,1
HCP01070,9-14,Male,1050.15,20,2
HCP01071,15-18,Female,3169.7,62,2
HCP01071,15-18,Male,3328.08,57,3
HCP01071,19-45,Female,7072.66,123,2
HCP01071,19-45,Male,12635.09,235,4
HCP01071,9-14,Female,4679.63,86,2
HCP01071,9-14,Male,1493.09,29,2
HCP01072,15-18,Female,590.84,10,1
HCP01072,15-18,Male,552.1,12,1
HCP01072,19-45,Female,2462.06,43,2
HCP01072,19-45,Male,2581.33,47,2
HCP01072,9-14,Female,434.06,8,1
HCP01072,9-14,Male,1561.94,28,2
HCP01073,15-18,Female,2237.5099999999998,41,2
HCP01073,15-18,Male,2979.59,55,2
HCP01073,19-45,Female,8504.99,148,2
HCP01073,19-45,Male,4094.54,74,2
HCP01073,9-14,Female,2135.65,38,1
HCP01073,9-14,Male,731.0,12,1
HCP01074,15-18,Female,1562.01,28,1
HCP01074,15-18,Male,2272.93,44,1
HCP01074,19-45,Female,4731.099999999999,82,1
HCP01074,19-45,Male,5109.3,90,1
HCP01074,9-14,Female,2324.73,41,1
HCP01074,9-14,Male,527.06,11,1
HCP01075,15-18,Female,2605.6400000000003,47,1
HCP01075,15-18,Male,787.87,17,1
HCP01075,19-45,Female,2085.78,39,1
HCP01075,19-45,Male,4240.42,77,1
HCP01075,9-14,Male,3061.81,52,1
HCP01076,15-18,Female,1981.37,36,2
HCP01076,19-45,Female,1606.13,32,2
HCP01076,19-45,Male,1836.58,30,1
HCP01076,9-14,Female,943.76,17,2
HCP01076,9-14,Male,1063.68,20,2
HCP01077,15-18,Female,3860.91,74,1
HCP01077,15-18,Male,1848.8,36,1
HCP01077,19-45,Female,5337.97,96,1
HCP01077,19-45,Male,6442.5199999999995,123,1
HCP01077,9-14,Female,3820.59,70,1
HCP01077,9-14,Male,1364.35,25,1
HCP01078,15-18,Female,2834.64,52,1
HCP01078,15-18,Male,666.98,11,1
HCP01078,19-45,Female,1158.04,24,1
HCP01078,19-45,Male,2372.38,45,1
HCP01078,9-14,Female,944.14,17,1
HCP01078,9-14,Male,473.37,8,1
HCP01079,15-18,Female,94.5,2,1
HCP01079,15-18,Male,1596.8899999999999,32,2
HCP01079,19-45,Female,1440.14,26,2
HCP01079,19-45,Male,1742.69,32,2
HCP01079,9-14,Female,1030.07,19,1
HCP01079,9-14,Male,1337.9699999999998,24,2
HCP01080,15-18,Female,554.61,9,1
HCP01080,15-18,Male,1772.04,34,2
HCP01080,19-45,Female,1621.1000000000001,32,2
HCP01080,19-45,Male,1328.5900000000001,24,2
HCP01080,9-14,Female,280.94,6,1
HCP01080,9-14,Male,488.82,8,2
HCP01081,15-18,Female,1709.54,30,1
HCP01081,15-18,Male,1072.05,19,1
HCP01081,19-45,Female,1855.6,32,1
HCP01081,19-45,Male,4299.22,79,1
HCP01081,9-14,Male,1916.78,34,1
HCP01082,15-18,Female,1483.37,28,1
HCP01082,15-18,Male,5726.27,103,2
HCP01082,19-45,Female,14084.73,243,2
HCP01082,19-45,Male,6423.98,115,2
HCP01082,9-14,Female,773.46,17,1
HCP01082,9-14,Male,2673.75,47,1
HCP01083,15-18,Female,3167.56,60,1
HCP01083,15-18,Male,1926.4,31,1
HCP01083,19-45,Female,7718.24,141,1
HCP01083,19-45,Male,1784.17,39,1
HCP01083,9-14,Female,1172.83,20,1
HCP01083,9-14,Male,4190.75,76,1
HCP01084,15-18,Female,5725.72,106,1
HCP01084,15-18,Male,4824.07,86,2
HCP01084,19-45,Female,3852.81,75,2
HCP01084,19-45,Male,4707.92,87,2
HCP01084,9-14,Female,1285.9299999999998,23,2
HCP01084,9-14,Male,2285.55,45,2
HCP01085,15-18,Female,2153.06,44,2
HCP01085,15-18,Male,3169.29,61,2
HCP01085,19-45,Female,2637.7,46,2
HCP01085,19-45,Male,4017.4,73,2
HCP01085,9-14,Female,299.12,5,1
HCP01085,9-14,Male,1713.8,34,2
HCP01086,15-18,Female,182.94,4,1
HCP01086,15-18,Male,1955.2600000000002,41,3
HCP01086,19-45,Female,3157.62,57,7
HCP01086,19-45,Male,3278.19,56,5
HCP01086,9-14,Female,2427.88,45,4
HCP01086,9-14,Male,2468.18,44,3
HCP01087,15-18,Female,64.34,1,1
HCP01087,15-18,Male,166.09,3,2
HCP01087,19-45,Female,1541.55,27,2
HCP01087,19-45,Male,62.32,1,1
HCP01087,9-14,Female,0.0,0,1
HCP01087,9-14,Male,145.6,3,1
HCP01088,15-18,Female,2989.51,52,1
HCP01088,15-18,Male,5498.25,101,3
HCP01088,19-45,Female,11882.08,201,2
HCP01088,19-45,Male,5916.74,112,3
HCP01088,9-14,Male,2033.8200000000002,34,1
HCP01089,15-18,Female,270.43,5,1
HCP01089,15-18,Male,2768.1000000000004,47,2
HCP01089,19-45,Female,2276.52,46,2
HCP01089,19-45,Male,2582.13,51,1
HCP01089,9-14,Female,2085.31,36,2
HCP01089,9-14,Male,845.94,16,1
HCP01090,15-18,Female,4610.05,82,2
HCP01090,15-18,Male,2063.0099999999998,35,1
HCP01090,19-45,Female,8260.55,149,2
HCP01090,19-45,Male,2878.8,53,2
HCP01090,9-14,Female,6776.91,111,2
HCP01090,9-14,Male,2812.86,56,1
HCP01091,15-18,Female,617.63,11,4
HCP01091,15-18,Male,661.67,12,3
HCP01091,19-45,Female,555.29,10,4
HCP01091,19-45,Male,1299.77,25,5
HCP01091,9-14,Female,113.58,2,2
HCP01091,9-14,Male,94.59,2,2
HCP01092,15-18,Female,0.0,0,6
HCP01092,15-18,Male,48.12,1,3
HCP01092,19-45,Female,0.0,0,6
HCP01092,19-45,Male,115.66,2,9
HCP01092,9-14,Female,0.0,0,3
HCP01092,9-14,Male,114.88999999999999,2,5
HCP01093,15-18,Female,0.0,0,2
HCP01093,19-45,Female,0.0,0,2
HCP01093,19-45,Male,0.0,0,2
HCP01093,9-14,Female,0.0,0,2
HCP01094,15-18,Female,3616.57,70,2
HCP01094,15-18,Male,981.41,17,2
HCP01094,19-45,Female,3207.52,62,2
HCP01094,19-45,Male,3823.3199999999997,69,2
HCP01094,9-14,Female,739.17,14,1
HCP01094,9-14,Male,749.91,15,2
HCP01095,15-18,Female,252.06,5,1
HCP01095,15-18,Male,283.57000000000005,5,1
HCP01095,19-45,Female,509.55999999999995,9,1
HCP01095,19-45,Male,495.92999999999995,8,1
HCP01095,9-14,Female,295.66999999999996,6,1
HCP01095,9-14,Male,63.66,1,1
HCP01096,15-18,Female,1181.66,21,1
HCP01096,15-18,Male,1328.4499999999998,25,1
HCP01096,19-45,Female,1467.42,26,1
HCP01096,19-45,Male,1678.0900000000001,27,1
HCP01096,9-14,Female,1113.1399999999999,22,1
HCP01096,9-14,Male,1607.78,27,1
HCP01097,15-18,Female,796.39,13,1
HCP01097,15-18,Male,3301.75,59,2
HCP01097,19-45,Female,2586.67,44,1
HCP01097,19-45,Male,6134.92,112,2
HCP01097,9-14,Female,2585.96,50,2
HCP01097,9-14,Male,566.54,11,1
HCP01098,15-18,Female,814.1700000000001,18,1
HCP01098,15-18,Male,915.5799999999999,16,1
HCP01098,19-45,Male,2991.83,52,1
HCP01098,9-14,Female,1178.79,21,1
HCP01098,9-14,Male,822.71,15,1
HCP01099,15-18,Female,542.96,9,1
HCP01099,15-18,Male,5309.17,109,3
HCP01099,19-45,Female,8522.11,156,3
HCP01099,19-45,Male,4181.02,76,3
HCP01099,9-14,Female,4176.91,75,2
HCP01099,9-14,Male,3158.66,66,2
HCP01100,15-18,Female,596.48,10,3
HCP01100,15-18,Male,713.2299999999999,13,2
HCP01100,19-45,Female,1372.16,23,4
HCP01100,19-45,Male,1982.54,38,3
HCP01100,9-14,Female,306.69,6,2
HCP01100,9-14,Male,292.5,5,1
HCP01101,15-18,Female,1839.54,34,1
HCP01101,15-18,Male,1536.6100000000001,30,1
HCP01101,19-45,Female,699.93,14,1
HCP01101,19-45,Male,3952.89,74,1
HCP01101,9-14,Female,711.69,12,1
HCP01101,9-14,Male,936.62,17,1
HCP01102,15-18,Female,1336.29,25,2
HCP01102,15-18,Male,836.21,16,1
HCP01102,19-45,Female,9079.2,157,8
HCP01102,19-45,Male,9174.86,157,5
HCP01102,9-14,Female,7339.67,133,4
HCP01102,9-14,Male,1701.23,29,3
HCP01103,15-18,Female,3926.0,71,3
HCP01103,19-45,Female,3507.74,64,3
HCP01103,19-45,Male,4927.08,88,2
HCP01103,9-14,Female,2311.33,43,3
HCP01103,9-14,Male,3249.0,61,3
HCP01104,15-18,Female,10869.95,232,1
HCP01104,15-18,Male,18762.800000000003,370,1
HCP01104,19-45,Female,18832.58,346,1
HCP01104,19-45,Male,27934.57,514,1
HCP01104,9-14,Female,15462.57,300,1
HCP01104,9-14,Male,3056.91,53,1
HCP01105,15-18,Female,19200.21,354,2
HCP01105,15-18,Male,11217.86,202,2
HCP01105,19-45,Female,16506.13,288,2
HCP01105,19-45,Male,31248.15,572,2
HCP01105,9-14,Female,7975.58,143,2
HCP01105,9-14,Male,2324.32,47,1
HCP01106,15-18,Female,4227.969999999999,78,2
HCP01106,15-18,Male,3771.24,70,2
HCP01106,19-45,Female,6695.429999999999,134,3
HCP01106,19-45,Male,8590.39,154,3
HCP01106,9-14,Female,3644.7799999999997,70,2
HCP01106,9-14,Male,3218.14,54,2
HCP01107,15-18,Female,10638.9,184,1
HCP01107,15-18,Male,5842.74,94,2
HCP01107,19-45,Female,16817.9,290,2
HCP01107,19-45,Male,17790.04,318,2
HCP01107,9-14,Female,5871.68,105,2
HCP01107,9-14,Male,7135.96,116,2
HCP01108,15-18,Female,2103.1400000000003,40,4
HCP01108,15-18,Male,125.71,2,1
HCP01108,19-45,Female,6472.35,118,10
HCP01108,19-45,Male,1753.0600000000002,35,5
HCP01108,9-14,Female,4415.05,76,8
HCP01108,9-14,Male,720.35,13,1
HCP01109,15-18,Female,190.26,4,1
HCP01109,15-18,Male,429.52,8,1
HCP01109,19-45,Female,434.98,7,1
HCP01109,19-45,Male,1257.66,23,1
HCP01109,9-14,Female,844.98,16,1
HCP01109,9-14,Male,456.28000000000003,8,1
HCP01110,15-18,Female,2096.57,42,1
HCP01110,15-18,Male,273.41,5,1
HCP01110,19-45,Female,5468.71,98,1
HCP01110,19-45,Male,3541.65,66,1
HCP01110,9-14,Female,330.8,6,1
HCP01110,9-14,Male,339.54,7,1
HCP01111,15-18,Female,6170.099999999999,117,1
HCP01111,19-45,Female,12240.51,190,1
HCP01111,19-45,Male,34707.18,627,1
HCP01111,9-14,Female,2255.0,41,1
HCP01111,9-14,Male,5006.1,93,1
HCP01112,15-18,Female,3642.46,71,1
HCP01112,15-18,Male,2517.64,42,1
HCP01112,19-45,Female,3052.91,57,1
HCP01112,19-45,Male,2143.4,39,1
HCP01112,9-14,Female,1683.9299999999998,29,1
HCP01112,9-14,Male,2320.14,43,1
HCP01113,15-18,Female,240.58,5,1
HCP01113,19-45,Female,1440.93,25,1
HCP01113,19-45,Male,2371.57,44,1
HCP01113,9-14,Female,898.84,15,1
HCP01113,9-14,Male,486.78,9,1
HCP01114,15-18,Female,1441.81,29,2
HCP01114,15-18,Male,2103.8,38,5
HCP01114,19-45,Female,2918.53,54,5
HCP01114,19-45,Male,6522.299999999999,123,8
HCP01114,9-14,Female,3774.49,70,5
HCP01114,9-14,Male,344.66,7,1
HCP01115,15-18,Female,1335.69,24,1
HCP01115,15-18,Male,4123.04,75,3
HCP01115,19-45,Female,7407.82,146,3
HCP01115,19-45,Male,14501.58,270,4
HCP01115,9-14,Female,4397.22,78,3
HCP01115,9-14,Male,2924.7200000000003,61,1
HCP01116,15-18,Female,705.29,14,1
HCP01116,15-18,Male,1143.88,20,1
HCP01116,19-45,Female,1163.63,20,1
HCP01116,19-45,Male,1796.71,33,1
HCP01116,9-14,Female,740.89,12,1
HCP01116,9-14,Male,1424.82,25,1
HCP01117,15-18,Female,4591.13,76,2
HCP01117,15-18,Male,1332.57,26,2
HCP01117,19-45,Female,1696.28,29,2
HCP01117,19-45,Male,7618.870000000001,142,3
HCP01117,9-14,Female,4365.07,75,2
HCP01117,9-14,Male,2052.01,40,1
HCP01118,15-18,Female,779.73,14,2
HCP01118,15-18,Male,238.2,4,1
HCP01118,19-45,Female,572.3,10,1
HCP01118,19-45,Male,1927.44,35,2
HCP01118,9-14,Female,372.39,7,1
HCP01118,9-14,Male,893.1999999999999,17,2
HCP01119,15-18,Male,15054.75,263,1
HCP01119,19-45,Female,8969.630000000001,160,1
HCP01119,19-45,Male,14346.48,267,1
HCP01119,9-14,Female,4266.42,88,1
HCP01119,9-14,Male,1367.89,22,1
HCP01120,15-18,Female,17059.260000000002,306,3
HCP01120,15-18,Male,10108.939999999999,203,3
HCP01120,19-45,Female,9557.33,181,2
HCP01120,19-45,Male,35672.62,672,4
HCP01120,9-14,Female,3593.36,72,2
HCP01120,9-14,Male,898.25,16,1
HCP01121,15-18,Female,5737.55,104,2
HCP01121,15-18,Male,1228.84,26,1
HCP01121,19-45,Female,3550.2599999999998,62,2
HCP01121,19-45,Male,9330.97,174,2
HCP01121,9-14,Female,5000.67,88,2
HCP01121,9-14,Male,8830.97,163,2
HCP01122,15-18,Female,1550.15,28,3
HCP01122,15-18,Male,847.39,16,1
HCP01122,19-45,Female,4743.5599999999995,87,3
HCP01122,19-45,Male,9473.74,169,4
HCP01122,9-14,Female,1458.54,25,2
HCP01122,9-14,Male,2435.6,42,2
HCP01123,15-18,Female,3566.1,57,1
HCP01123,15-18,Male,12604.349999999999,243,1
HCP01123,19-45,Female,25318.3,459,1
HCP01123,19-45,Male,7811.0,133,1
HCP01123,9-14,Female,2638.12,43,1
HCP01123,9-14,Male,4547.9,87,1
HCP01124,15-18,Female,833.99,16,1
HCP01124,15-18,Male,421.06,7,1
HCP01124,19-45,Female,2257.67,41,1
HCP01124,19-45,Male,2632.95,47,1
HCP01124,9-14,Female,1860.6999999999998,31,1
HCP01124,9-14,Male,952.1,19,1
HCP01125,15-18,Female,2472.8,43,2
HCP01125,15-18,Male,2999.73,54,2
HCP01125,19-45,Female,1781.84,36,1
HCP01125,19-45,Male,4290.65,78,2
HCP01125,9-14,Female,2193.98,41,2
HCP01126,15-18,Male,2115.0,39,1
HCP01126,19-45,Male,4190.4400000000005,82,1
HCP01126,9-14,Female,636.33,13,1
HCP01126,9-14,Male,1250.1599999999999,22,1
HCP01127,15-18,Female,598.89,12,2
HCP01127,15-18,Male,350.18,6,2
HCP01127,19-45,Female,239.06,4,2
HCP01127,19-45,Male,1184.52,23,3
HCP01127,9-14,Female,1778.43,32,2
HCP01127,9-14,Male,1703.15,28,2
HCP01128,15-18,Female,2089.2,39,1
HCP01128,15-18,Male,1084.98,17,1
HCP01128,19-45,Female,5069.700000000001,92,1
HCP01128,19-45,Male,5408.73,98,1
HCP01128,9-14,Female,1558.54,27,1
HCP01128,9-14,Male,3827.49,65,1
HCP01129,15-18,Female,4843.38,87,2
HCP01129,15-18,Male,1111.43,23,2
HCP01129,19-45,Female,3795.9,76,2
HCP01129,19-45,Male,7521.360000000001,141,4
HCP01129,9-14,Female,1186.38,22,2
HCP01129,9-14,Male,1421.06,25,1
HCP01130,15-18,Female,1722.0,33,2
HCP01130,15-18,Male,1044.84,19,1
HCP01130,19-45,Female,8267.34,159,2
HCP01130,19-45,Male,2957.25,58,2
HCP01130,9-14,Female,1676.76,29,2
HCP01130,9-14,Male,1367.45,23,2
HCP01131,15-18,Female,507.2,11,1
HCP01131,15-18,Male,2478.37,44,2
HCP01131,19-45,Female,2630.33,49,2
HCP01131,19-45,Male,2116.45,36,2
HCP01131,9-14,Female,3213.1,55,2
HCP01131,9-14,Male,4222.49,80,2
HCP01132,15-18,Female,1356.33,26,2
HCP01132,15-18,Male,1907.5600000000002,33,2
HCP01132,19-45,Female,1327.34,25,2
HCP01132,19-45,Male,3007.65,54,2
HCP01132,9-14,Female,324.88,5,1
HCP01132,9-14,Male,434.78,7,1
HCP01133,15-18,Male,555.48,11,2
HCP01133,19-45,Female,1237.06,23,2
HCP01133,19-45,Male,1063.4099999999999,19,2
HCP01133,9-14,Female,1034.77,19,2
HCP01133,9-14,Male,305.22,6,3
HCP01134,15-18,Female,3806.1899999999996,62,2
HCP01134,15-18,Male,6479.95,121,4
HCP01134,19-45,Female,4269.32,72,2
HCP01134,19-45,Male,14950.79,275,4
HCP01134,9-14,Female,3489.57,64,3
HCP01134,9-14,Male,2878.8900000000003,49,2
HCP01135,15-18,Female,1364.3899999999999,24,2
HCP01135,15-18,Male,198.8,4,1
HCP01135,19-45,Female,2001.96,35,2
HCP01135,19-45,Male,589.88,11,2
HCP01135,9-14,Female,400.43,7,1
HCP01135,9-14,Male,874.75,17,2
HCP01136,15-18,Female,889.9200000000001,18,1
HCP01136,15-18,Male,1242.15,23,1
HCP01136,19-45,Female,1126.58,21,1
HCP01136,19-45,Male,2875.27,51,1
HCP01136,9-14,Female,1671.51,29,1
HCP01136,9-14,Male,2149.71,44,1
HCP01137,15-18,Female,3085.25,54,2
HCP01137,15-18,Male,2476.19,44,3
HCP01137,19-45,Female,6253.61,115,3
HCP01137,19-45,Male,2815.06,45,2
HCP01137,9-14,Female,1372.46,28,2
HCP01137,9-14,Male,952.03,18,2
HCP01138,15-18,Female,1206.34,20,3
HCP01138,15-18,Male,560.74,12,2
HCP01138,19-45,Female,1155.92,20,4
HCP01138,19-45,Male,1410.74,26,6
HCP01138,9-14,Female,495.44,9,3
HCP01138,9-14,Male,418.61,8,3
HCP01139,15-18,Female,781.53,16,1
HCP01139,15-18,Male,5484.16,96,1
HCP01139,19-45,Female,4477.18,89,1
HCP01139,19-45,Male,13169.2,239,1
HCP01139,9-14,Female,1038.51,17,1
HCP01139,9-14,Male,2513.1800000000003,47,1
HCP01140,15-18,Female,1803.13,33,3
HCP01140,15-18,Male,2140.73,37,3
HCP01140,19-45,Female,5239.01,93,5
HCP01140,19-45,Male,604.1600000000001,13,2
HCP01140,9-14,Female,2066.08,39,4
HCP01140,9-14,Male,1344.5,25,2
HCP01141,15-18,Female,3887.09,74,2
HCP01141,15-18,Male,7279.4,137,2
HCP01141,19-45,Female,13524.62,250,2
HCP01141,19-45,Male,6447.8099999999995,117,1
HCP01141,9-14,Female,3853.05,74,1
HCP01142,15-18,Female,6535.26,109,3
HCP01142,15-18,Male,3920.04,79,2
HCP01142,19-45,Female,17633.81,315,6
HCP01142,19-45,Male,9516.77,169,8
HCP01142,9-14,Female,6635.44,122,5
HCP01142,9-14,Male,2672.83,51,3
HCP01143,15-18,Female,1219.18,23,1
HCP01143,19-45,Female,2284.46,41,1
HCP01143,19-45,Male,2090.51,39,1
HCP01143,9-14,Female,848.05,17,1
HCP01143,9-14,Male,1176.85,19,1
HCP01144,15-18,Female,2728.74,52,1
HCP01144,15-18,Male,1701.75,33,1
HCP01144,19-45,Female,3060.4,61,1
HCP01144,19-45,Male,5118.85,92,1
HCP01144,9-14,Female,1732.63,29,1
HCP01144,9-14,Male,1385.73,25,1
HCP01145,15-18,Female,4998.4,88,3
HCP01145,15-18,Male,170.03,3,1
HCP01145,19-45,Female,12567.99,226,8
HCP01145,19-45,Male,3480.6,72,2
HCP01145,9-14,Female,2183.79,41,2
HCP01145,9-14,Male,1897.1799999999998,33,2
HCP01146,15-18,Female,697.03,13,2
HCP01146,15-18,Male,477.92999999999995,10,2
HCP01146,19-45,Female,2582.31,54,2
HCP01146,19-45,Male,1676.02,34,2
HCP01146,9-14,Female,227.71,4,1
HCP01146,9-14,Male,62.66,1,1
HCP01147,15-18,Female,2880.27,54,2
HCP01147,15-18,Male,1737.5900000000001,33,1
HCP01147,19-45,Female,7938.68,143,2
HCP01147,19-45,Male,10003.94,189,3
HCP01147,9-14,Male,3231.19,64,2
HCP01148,15-18,Female,5931.19,113,1
HCP01148,15-18,Male,4262.5599999999995,78,1
HCP01148,19-45,Female,5386.91,88,1
HCP01148,19-45,Male,7532.6,129,1
HCP01148,9-14,Female,2556.7,49,1
HCP01148,9-14,Male,3246.38,61,1
HCP01149,15-18,Female,683.75,13,1
HCP01149,15-18,Male,1050.59,17,2
HCP01149,19-45,Female,5900.28,109,8
HCP01149,19-45,Male,4141.4,72,8
HCP01149,9-14,Female,855.84,16,3
HCP01149,9-14,Male,391.4,7,1
HCP01150,15-18,Female,5000.7699999999995,87,3
HCP01150,15-18,Male,1851.26,31,1
HCP01150,19-45,Female,4553.88,85,3
HCP01150,19-45,Male,3019.1,58,2
HCP01150,9-14,Female,2121.37,36,3
HCP01151,15-18,Female,3699.1,73,2
HCP01151,15-18,Male,436.71,8,1
HCP01151,19-45,Female,5606.63,95,2
HCP01151,19-45,Male,9837.92,183,2
HCP01151,9-14,Female,2583.79,44,2
HCP01151,9-14,Male,1522.08,24,1
HCP01152,15-18,Female,3630.9,64,1
HCP01152,15-18,Male,2563.91,54,2
HCP01152,19-45,Female,5871.85,103,2
HCP01152,19-45,Male,7527.48,137,2
HCP01152,9-14,Female,1316.01,21,2
HCP01152,9-14,Male,2144.9700000000003,39,2
HCP01153,15-18,Male,2103.33,39,2
HCP01153,19-45,Female,4801.360000000001,82,5
HCP01153,19-45,Male,7102.39,126,5
HCP01153,9-14,Female,1453.76,29,2
HCP01153,9-14,Male,2586.66,51,3
HCP01154,15-18,Female,1671.65,31,2
HCP01154,15-18,Male,2802.15,53,1
HCP01154,19-45,Female,7107.17,139,2
HCP01154,19-45,Male,6452.45,109,2
HCP01154,9-14,Male,451.32000000000005,9,1
HCP01155,15-18,Female,12030.19,254,1
HCP01155,19-45,Female,33093.42,635,1
HCP01155,19-45,Male,27985.440000000002,527,1
HCP01155,9-14,Female,5909.77,105,1
HCP01155,9-14,Male,12022.67,219,1
HCP01156,15-18,Female,6301.04,112,1
HCP01156,15-18,Male,1562.84,25,1
HCP01156,19-45,Female,5957.4,101,1
HCP01156,19-45,Male,7266.4400000000005,128,1
HCP01156,9-14,Female,3452.4300000000003,65,1
HCP01156,9-14,Male,2926.8199999999997,56,1
HCP01157,15-18,Male,2140.51,41,1
HCP01157,19-45,Female,5026.29,97,1
HCP01157,19-45,Male,5284.52,98,1
HCP01157,9-14,Female,2584.46,45,1
HCP01157,9-14,Male,2150.35,37,1
HCP01158,15-18,Female,1398.37,23,1
HCP01158,15-18,Male,638.68,12,1
HCP01158,19-45,Female,6040.29,115,1
HCP01158,19-45,Male,2856.41,54,1
HCP01158,9-14,Female,2500.74,46,1
HCP01158,9-14,Male,2186.31,41,1
HCP01159,15-18,Female,711.5,13,2
HCP01159,15-18,Male,684.4300000000001,13,2
HCP01159,19-45,Female,2446.04,43,2
HCP01159,19-45,Male,1730.0,32,3
HCP01159,9-14,Female,1077.85,20,3
HCP01160,15-18,Female,565.24,9,1
HCP01160,15-18,Male,157.91,3,1
HCP01160,19-45,Female,968.0,17,1
HCP01160,19-45,Male,552.26,10,1
HCP01160,9-14,Female,481.38,10,1
HCP01161,15-18,Female,2530.37,49,1
HCP01161,15-18,Male,3478.9700000000003,67,1
HCP01161,19-45,Female,5481.38,105,1
HCP01161,19-45,Male,3435.17,58,1
HCP01161,9-14,Female,2303.52,42,1
HCP01161,9-14,Male,3510.2700000000004,57,1
HCP01162,15-18,Female,2595.64,48,2
HCP01162,15-18,Male,1186.22,22,2
HCP01162,19-45,Female,4529.84,82,3
HCP01162,19-45,Male,3382.17,61,1
HCP01162,9-14,Female,513.05,11,2
HCP01163,15-18,Female,3767.42,66,3
HCP01163,19-45,Female,2839.36,53,3
HCP01163,19-45,Male,6368.82,120,3
HCP01163,9-14,Female,2329.15,45,2
HCP01163,9-14,Male,286.11,5,1
HCP01164,15-18,Female,582.07,10,1
HCP01164,15-18,Male,387.15,6,1
HCP01164,19-45,Female,518.5,9,1
HCP01164,19-45,Male,338.77,6,1
HCP01164,9-14,Female,49.37,1,1
HCP01164,9-14,Male,147.54999999999998,3,1
HCP01165,15-18,Female,2126.16,38,2
HCP01165,15-18,Male,484.87,9,1
HCP01165,19-45,Female,1716.75,32,2
HCP01165,19-45,Male,1456.07,27,2
HCP01165,9-14,Female,422.06,7,1
HCP01165,9-14,Male,1124.92,22,2
HCP01166,15-18,Female,9055.380000000001,168,2
HCP01166,15-18,Male,9015.199999999999,146,1
HCP01166,19-45,Female,16743.14,296,2
HCP01166,19-45,Male,11847.73,220,2
HCP01166,9-14,Female,3071.06,64,2
HCP01166,9-14,Male,9011.48,160,2
HCP01167,15-18,Female,5205.32,90,1
HCP01167,15-18,Male,2479.4,40,1
HCP01167,19-45,Female,12345.69,221,1
HCP01167,19-45,Male,6188.87,112,1
HCP01167,9-14,Female,2663.1400000000003,58,1
HCP01167,9-14,Male,1328.55,23,1
HCP01168,15-18,Female,1885.27,33,1
HCP01168,15-18,Male,2022.67,36,1
HCP01168,19-45,Female,5087.13,93,1
HCP01168,19-45,Male,4065.01,72,1
HCP01168,9-14,Female,433.9,8,1
HCP01168,9-14,Male,6081.09,105,1
HCP01169,15-18,Female,4690.83,84,2
HCP01169,15-18,Male,4052.99,71,1
HCP01169,19-45,Female,5611.61,101,2
HCP01169,19-45,Male,12348.380000000001,229,3
HCP01169,9-14,Female,9686.21,168,3
HCP01169,9-14,Male,2272.9300000000003,44,1
HCP01170,15-18,Female,590.0,10,1
HCP01170,19-45,Female,2361.58,46,2
HCP01170,19-45,Male,2922.83,55,2
HCP01170,9-14,Female,2080.67,38,2
HCP01170,9-14,Male,189.63,4,1
HCP01171,15-18,Female,1495.78,29,2
HCP01171,15-18,Male,2657.25,45,2
HCP01171,19-45,Female,7418.18,143,4
HCP01171,19-45,Male,6613.97,128,3
HCP01171,9-14,Female,1653.33,30,2
HCP01171,9-14,Male,2492.63,42,1
HCP01172,15-18,Female,1219.92,20,2
HCP01172,15-18,Male,569.3,10,2
HCP01172,19-45,Female,1102.65,19,2
HCP01172,19-45,Male,443.97,7,2
HCP01172,9-14,Female,377.34,7,2
HCP01172,9-14,Male,594.4,11,2
HCP01173,15-18,Female,3697.4700000000003,67,1
HCP01173,15-18,Male,1880.06,29,1
HCP01173,19-45,Female,6263.46,107,1
HCP01173,19-45,Male,2963.58,60,1
HCP01173,9-14,Female,2248.84,44,1
HCP01173,9-14,Male,435.19,9,1
HCP01174,15-18,Female,653.08,11,1
HCP01174,15-18,Male,364.83,8,1
HCP01174,19-45,Female,4077.12,80,2
HCP01174,19-45,Male,340.76,7,1
HCP01174,9-14,Female,556.22,10,1
HCP01174,9-14,Male,1080.26,20,2
HCP01175,15-18,Female,2128.3,39,1
HCP01175,15-18,Male,1076.25,19,1
HCP01175,19-45,Female,2054.2799999999997,37,1
HCP01175,19-45,Male,2583.57,50,1
HCP01175,9-14,Female,2897.5299999999997,53,1
HCP01175,9-14,Male,1051.48,19,1
HCP01176,15-18,Female,250.82,5,1
HCP01176,15-18,Male,110.97,2,1
HCP01176,19-45,Female,181.8,3,1
HCP01176,19-45,Male,415.02,8,1
HCP01176,9-14,Female,62.41,1,1
HCP01176,9-14,Male,213.66,4,1
HCP01177,15-18,Female,3919.2,70,1
HCP01177,15-18,Male,3263.35,61,1
HCP01177,19-45,Female,2757.06,55,1
HCP01177,19-45,Male,2999.3,54,1
HCP01177,9-14,Female,1139.84,20,1
HCP01177,9-14,Male,1099.17,20,1
HCP01178,15-18,Female,234.2,5,1
HCP01178,15-18,Male,1448.18,25,1
HCP01178,19-45,Female,2068.1800000000003,38,1
HCP01178,19-45,Male,2747.23,52,1
HCP01178,9-14,Female,426.69000000000005,8,1
HCP01178,9-14,Male,2549.24,46,1
HCP01179,15-18,Male,3770.2699999999995,62,2
HCP01179,19-45,Female,5562.73,98,3
HCP01179,19-45,Male,14176.27,245,3
HCP01179,9-14,Female,6299.58,117,3
HCP01179,9-14,Male,3700.26,62,2
HCP01180,15-18,Female,436.64,8,1
HCP01180,15-18,Male,2302.92,49,2
HCP01180,19-45,Female,2882.49,52,4
HCP01180,19-45,Male,4366.89,81,5
HCP01180,9-14,Female,5829.38,94,4
HCP01180,9-14,Male,1387.9299999999998,23,2
HCP01181,15-18,Female,1712.63,30,1
HCP01181,15-18,Male,5738.4,105,1
HCP01181,19-45,Female,7416.73,131,1
HCP01181,19-45,Male,7291.610000000001,131,1
HCP01181,9-14,Female,700.73,11,1
HCP01181,9-14,Male,1416.47,27,1
HCP01182,15-18,Female,950.43,17,2
HCP01182,15-18,Male,7350.27,147,2
HCP01182,19-45,Female,642.41,11,1
HCP01182,19-45,Male,8661.29,174,2
HCP01182,9-14,Female,2930.21,53,2
HCP01182,9-14,Male,1935.24,38,2
HCP01183,15-18,Male,3800.24,69,1
HCP01183,19-45,Female,3902.5299999999997,65,1
HCP01183,19-45,Male,1279.25,27,1
HCP01183,9-14,Female,1579.1599999999999,29,1
HCP01183,9-14,Male,2394.9,47,1
HCP01184,15-18,Female,4252.18,83,2
HCP01184,15-18,Male,3154.8,60,2
HCP01184,19-45,Female,9642.06,186,2
HCP01184,19-45,Male,10787.44,204,2
HCP01184,9-14,Female,7976.59,157,2
HCP01184,9-14,Male,7225.98,127,2
HCP01185,15-18,Female,3109.02,60,3
HCP01185,15-18,Male,1850.0500000000002,33,3
HCP01185,19-45,Female,2935.7400000000002,53,4
HCP01185,19-45,Male,5055.77,92,4
HCP01185,9-14,Female,4789.07,82,3
HCP01185,9-14,Male,1197.68,22,3
HCP01186,15-18,Female,1075.92,19,2
HCP01186,15-18,Male,3088.62,58,2
HCP01186,19-45,Female,5702.17,104,2
HCP01186,19-45,Male,2877.78,54,1
HCP01186,9-14,Female,808.58,15,1
HCP01186,9-14,Male,202.28,4,1
HCP01187,15-18,Female,1059.26,18,1
HCP01187,15-18,Male,302.3,6,1
HCP01187,19-45,Female,828.83,16,1
HCP01187,19-45,Male,5155.65,93,1
HCP01187,9-14,Female,1166.98,22,1
HCP01187,9-14,Male,1364.15,24,1
HCP01188,15-18,Female,1332.38,23,1
HCP01188,15-18,Male,3197.05,60,1
HCP01188,19-45,Female,1680.5,30,1
HCP01188,19-45,Male,2781.56,50,1
HCP01188,9-14,Female,728.39,16,1
HCP01188,9-14,Male,243.78,5,1
HCP01189,15-18,Female,4719.9,90,7
HCP01189,15-18,Male,1112.56,20,1
HCP01189,19-45,Female,9234.35,165,10
HCP01189,19-45,Male,3847.9300000000003,73,3
HCP01189,9-14,Female,4673.110000000001,81,4
HCP01189,9-14,Male,1668.3200000000002,34,2
HCP01190,15-18,Female,1382.3600000000001,24,1
HCP01190,15-18,Male,2541.7,51,2
HCP01190,19-45,Female,3711.0699999999997,76,3
HCP01190,19-45,Male,15037.71,290,5
HCP01190,9-14,Female,637.42,11,1
HCP01190,9-14,Male,5089.469999999999,91,3
HCP01191,15-18,Female,3022.94,62,2
HCP01191,15-18,Male,4025.19,78,3
HCP01191,19-45,Female,9411.35,175,6
HCP01191,19-45,Male,12834.68,245,9
HCP01191,9-14,Female,1590.44,27,1
HCP01191,9-14,Male,5381.24,98,6
HCP01192,15-18,Female,4530.469999999999,83,2
HCP01192,15-18,Male,1073.96,20,1
HCP01192,19-45,Female,10632.91,197,2
HCP01192,19-45,Male,7602.35,133,2
HCP01192,9-14,Female,2213.04,38,2
HCP01192,9-14,Male,2177.02,38,1
HCP01193,15-18,Male,0.0,0,1
HCP01193,19-45,Female,164.65,3,4
HCP01193,19-45,Male,267.74,5,5
HCP01193,9-14,Female,50.14,1,1
HCP01194,15-18,Female,523.78,9,1
HCP01194,15-18,Male,255.86,5,1
HCP01194,19-45,Female,865.71,16,1
HCP01194,19-45,Male,2168.39,43,1
HCP01194,9-14,Female,887.0799999999999,16,1
HCP01194,9-14,Male,549.55,11,1
HCP01195,15-18,Female,1220.24,24,2
HCP01195,15-18,Male,2757.2200000000003,47,2
HCP01195,19-45,Female,4415.5,81,2
HCP01195,19-45,Male,2509.7799999999997,41,2
HCP01195,9-14,Female,1722.76,30,2
HCP01196,15-18,Female,1299.0,26,2
HCP01196,15-18,Male,2658.51,50,2
HCP01196,19-45,Female,249.81,5,1
HCP01196,19-45,Male,2855.73,54,2
HCP01196,9-14,Female,345.45,6,1
HCP01196,9-14,Male,630.6600000000001,11,1
HCP01197,15-18,Female,948.51,18,1
HCP01197,15-18,Male,4012.7799999999997,70,1
HCP01197,19-45,Female,5856.2699999999995,106,1
HCP01197,19-45,Male,1401.79,26,1
HCP01197,9-14,Female,2616.06,51,1
HCP01197,9-14,Male,2208.44,44,1
HCP01198,15-18,Female,499.3,9,1
HCP01198,15-18,Male,4381.450000000001,73,2
HCP01198,19-45,Female,7708.29,140,2
HCP01198,19-45,Male,3100.0,58,2
HCP01198,9-14,Female,1165.81,20,1
HCP01198,9-14,Male,3128.6600000000003,57,2
HCP01199,15-18,Female,6153.95,111,2
HCP01199,15-18,Male,6010.66,117,2
HCP01199,19-45,Female,13084.88,238,3
HCP01199,19-45,Male,12752.99,253,4
HCP01199,9-14,Female,2225.86,35,1
HCP01199,9-14,Male,5498.42,90,3
HCP01200,15-18,Female,292.69,5,2
HCP01200,15-18,Male,243.81,5,1
HCP01200,19-45,Female,370.33000000000004,7,2
HCP01200,19-45,Male,938.91,16,2
HCP01200,9-14,Female,227.1,4,2
HCP01200,9-14,Male,107.42,2,1
