{"type":"FeatureCollection","features":[{"type":"Feature","properties":{"Name":"An Giang"},"geometry":{"type":"Polygon","coordinates":[[[105.18712386607365,10.913173942823278],[105.1945760280613,10.850021599916943],[105.22955048616609,10.8088461868021],[105.25714550685973,10.802097796476176],[105.26427126980332,10.76863897660752],[105.3017895871198,10.758463046932093],[105.2763355932131,10.724771926783035],[105.34754429863051,10.722543838427441],[105.34091219873903,10.639764221741473],[105.36863023319876,10.575542896987145],[105.47828097388788,10.53585795368167],[105.52784478101188,10.540423676811258],[105.55593580659229,10.509650719105423],[105.57398301200647,10.447930737213824],[105.57208441186617,10.430849497206566],[105.55204544464164,10.435671544206457],[105.54947769943635,10.416885503463277],[105.52256906201268,10.40156702909519],[105.52702328539635,10.377231202757855],[105.48954241584988,10.347282882898753],[105.48208474461535,10.316843047568625],[105.42489701308676,10.304089423488165],[105.43966488292807,10.27069919311333],[105.33457724294544,10.23528763121925],[105.29940895126214,10.27813549555674],[105.20419283483153,10.184550852739733],[105.12447345098906,10.253943935764084],[105.01593693793939,10.31821775754355],[104.8633921464305,10.356093276583522],[104.77653037387773,10.488620295190515],[104.77669153958294,10.520283274153826],[104.86889099172595,10.524576427160412],[104.9604889071374,10.646669528476025],[105.09108778917022,10.722175666773637],[105.02989166866564,10.875256081003386],[105.04912414366436,10.931084294804407],[105.07694078518915,10.959641336478569],[105.11220812820261,10.962166353994064],[105.09732006486917,10.922679235458418],[105.18712386607365,10.913173942823278]]]}},{"type":"Feature","properties":{"Name":"Ba Ria - Vung Tau"},"geometry":{"type":"MultiPolygon","coordinates":[[[[106.08315524331988,8.57901815656271],[106.07837730806637,8.581443770213866],[106.082027501568,8.582521140038637],[106.08315524331988,8.57901815656271]]],[[[106.15054375009407,8.607445586144934],[106.14929080382757,8.610270220894051],[106.15112411408666,8.609915448239406],[106.15054375009407,8.607445586144934]]],[[[106.1397944927217,8.612305475717164],[106.13507661419447,8.614841117823403],[106.13879833707364,8.615987511514504],[106.1397944927217,8.612305475717164]]],[[[106.55609560782608,8.62795158479787],[106.55539234787864,8.630291507447168],[106.55647755259702,8.62991482281086],[106.55609560782608,8.62795158479787]]],[[[106.61765047598874,8.635237225617516],[106.61552461716741,8.638460273522867],[106.61736659958893,8.639087844728294],[106.61765047598874,8.635237225617516]]],[[[106.53834507166778,8.660751666556223],[106.5739683051932,8.645554372236518],[106.55675988576019,8.63023594912977],[106.53834507166778,8.660751666556223]]],[[[106.55764494815588,8.68371457077086],[106.55278283186226,8.687110159906013],[106.55650067866344,8.689239849839225],[106.55764494815588,8.68371457077086]]],[[[106.66249920957091,8.757616761904103],[106.65023291821467,8.745183587852353],[106.66166518190266,8.733557944743382],[106.63498843017197,8.717871564920813],[106.65774727461707,8.692876601174248],[106.63317600576812,8.700543229886193],[106.59829520485988,8.676311924555705],[106.61129528814712,8.640286398198782],[106.57492422427362,8.645996182178123],[106.55926127268964,8.68115824875423],[106.59081660010605,8.724483696265622],[106.66249920957091,8.757616761904103]]],[[[106.53685255859875,8.70989909296884],[106.54377596059214,8.703722505089559],[106.53419650806245,8.707713899576845],[106.53685255859875,8.70989909296884]]],[[[106.58635813641894,8.735319938764235],[106.58420069700463,8.737543206753628],[106.58707298143298,8.737115076399732],[106.58635813641894,8.735319938764235]]],[[[106.62940823760016,8.632945056968879],[106.62789621373935,8.639230126469215],[106.63378129357193,8.637336427634068],[106.62940823760016,8.632945056968879]]],[[[106.65945436232903,8.680274298819882],[106.69453170107721,8.679721551208672],[106.70901910115066,8.667983152900263],[106.67496651829026,8.656018047195175],[106.65945436232903,8.680274298819882]]],[[[106.73095328526597,8.688202907238406],[106.74133614714555,8.688492605849149],[106.73796499888567,8.68237165542763],[106.73095328526597,8.688202907238406]]],[[[106.71263488209422,8.781383087159782],[106.71483354103515,8.78602113916429],[106.71524549978005,8.782073572237607],[106.71263488209422,8.781383087159782]]],[[[107.07682900715304,10.378859511657197],[107.06948444455156,10.38405853827095],[107.07220354475783,10.385277852590889],[107.07682900715304,10.378859511657197]]],[[[107.0936789496239,10.395139795665102],[107.09519017668538,10.405536449547583],[107.09733460380897,10.406862758909256],[107.0936789496239,10.395139795665102]]],[[[107.10147331444199,10.40995370989583],[107.10056530494495,10.414120579201438],[107.10293324956984,10.415228293051314],[107.10147331444199,10.40995370989583]]],[[[107.14558190328228,10.465511933728806],[107.14195870742844,10.42184356662733],[107.11539170716162,10.418229019553678],[107.11842867634238,10.455286877687286],[107.13791815869615,10.453866018102303],[107.14558190328228,10.465511933728806]]],[[[107.15369224400195,10.448903534770352],[107.15438711327471,10.455270024392178],[107.15585508924102,10.44899129781021],[107.15369224400195,10.448903534770352]]],[[[107.4991022258871,10.770808778102662],[107.54064004510207,10.70860877857234],[107.57011156959334,10.570545663851362],[107.51199689244271,10.503908901274826],[107.46836827357703,10.498531286389778],[107.44148794231472,10.46922884343644],[107.33907142730459,10.46308207887489],[107.25346807069496,10.38055596758386],[107.21602814458328,10.405975579509459],[107.17558208884236,10.401199533731528],[107.18582236141293,10.430623743091303],[107.0842453356538,10.324421770248534],[107.07167976341043,10.33324885984706],[107.05613870143998,10.386787888949982],[107.07552037126817,10.373587628266478],[107.07987369881221,10.391051690782945],[107.09998034092007,10.394025505972365],[107.1139227689207,10.412518965777679],[107.14407209535096,10.418353009084171],[107.16518676685587,10.448369457984143],[107.15294992290069,10.462938614525513],[107.16572960933405,10.477466368977787],[107.13911693699708,10.470491900780644],[107.13723333305194,10.459870769820213],[107.11370834086728,10.479197333690024],[107.08684153271065,10.472974267948132],[107.10976554214614,10.475676148835248],[107.11593186336484,10.445964826415661],[107.08351707455341,10.431523594838097],[107.04110709821407,10.465360682149822],[107.05649509197497,10.494494308865285],[107.03920037989366,10.474832155779438],[106.99246502963746,10.472732898004892],[107.02551066768325,10.541476691196408],[107.00924781343588,10.555229311883295],[107.0242094799836,10.592643483210225],[106.9979766507019,10.634884126201484],[107.04412249265897,10.658700818887723],[107.0938599570714,10.653474906142037],[107.13123600433818,10.686312959975169],[107.13483453088895,10.746999806096198],[107.18659850421767,10.773008484753802],[107.20477771212177,10.776482834715125],[107.21152317695311,10.759030963408293],[107.29857695925932,10.755708285009405],[107.29742764367086,10.687842854264375],[107.31831709795574,10.669664013283636],[107.35025245278854,10.679020238793044],[107.35909949114864,10.728791273098807],[107.44199784532435,10.804649446514816],[107.4991022258871,10.770808778102662]]]]}},{"type":"Feature","properties":{"Name":"Bac Giang"},"geometry":{"type":"Polygon","coordinates":[[[106.18304070096764,21.605302992838915],[106.16714400838936,21.596255028846542],[106.16710035439792,21.513074873906362],[106.24202521768973,21.483567195769524],[106.28591956823357,21.492385394670293],[106.28091509195798,21.453965623914485],[106.32642845331054,21.448353457745952],[106.32262321219156,21.41109024751694],[106.37475221314418,21.39448868790265],[106.41295715205098,21.40845519974772],[106.40330717108912,21.427902144168684],[106.41605025871252,21.437811237798428],[106.48068229575142,21.449295307832244],[106.49256512697906,21.483177410709004],[106.51888134140086,21.499315551471568],[106.50567761293155,21.52497798844348],[106.52684066616388,21.561732098757375],[106.57000097116793,21.602915617461804],[106.66876909491788,21.609698318722508],[106.70090908598559,21.593797083668505],[106.70798230334071,21.562324211493205],[106.74843371184636,21.541635033530042],[106.76243976598249,21.573915947463036],[106.84219550761662,21.560549615272578],[106.86398143219742,21.53490917122133],[106.837853010608,21.513577371898236],[106.84072302155028,21.495883772718003],[106.88806639714659,21.491177933414917],[106.90047112923929,21.47234013399003],[106.88950936386613,21.453004922239415],[106.90973368316298,21.431362553738893],[106.92496899362419,21.441966545419803],[106.92796366678988,21.42721219688542],[106.94146143939395,21.436029003635667],[106.95448665423578,21.424603843692466],[106.98382748205273,21.440056137181045],[107.0016808430965,21.424000868944972],[106.98431175888061,21.40313544994109],[106.98554953718144,21.361292220059966],[107.03222636855213,21.31746138413564],[106.97129675763932,21.285320013507885],[106.97690226163013,21.22845586254806],[106.94113830578823,21.174967432001438],[106.82635066365225,21.18851362320521],[106.83031978013383,21.1528680676073],[106.63971558520615,21.181254708438075],[106.63614546014492,21.16964262170967],[106.60783216712088,21.171898849852084],[106.5789618915781,21.19323487868678],[106.5422623242469,21.192295349750623],[106.52656189881264,21.22337990905561],[106.48656639712158,21.23817814540513],[106.42306267020615,21.232128306176435],[106.34515547694377,21.167078739991894],[106.31129572491784,21.194510736980988],[106.32110058622311,21.149021592572467],[106.29741229424206,21.12274617769401],[106.27074757544034,21.133796294263618],[106.2521322242228,21.172677128546695],[106.20635582016502,21.15641417987058],[106.21817445958368,21.176791568276315],[106.17034356870079,21.180896159530164],[106.14239044876024,21.215086023900938],[106.11747620726123,21.199308844027996],[106.0520105139741,21.228998607000165],[106.0403822628312,21.20269595885145],[106.03366135668631,21.24649058447295],[105.99325652676737,21.264842776972614],[105.97645085702152,21.22452084476123],[105.93955818096532,21.2337663088681],[105.92065254927581,21.2730322697235],[105.92867163398876,21.296101134759624],[105.8971480976067,21.306654779694384],[105.87970379769217,21.340656731622914],[105.90434272883391,21.34846760619513],[105.89320466936005,21.352521580006965],[105.90786014013344,21.37656036656773],[105.93791562320752,21.373005924783627],[105.95866242343214,21.43764856482943],[105.99232800643239,21.406241169594352],[106.02285178538165,21.39581914763562],[106.03312335435936,21.40993265726638],[106.02447256515683,21.43195336245776],[106.04960800210768,21.454312867444912],[106.03633567874863,21.49238714385166],[106.05364712091796,21.55190826805216],[106.02906108340233,21.563494625176872],[106.05542788289057,21.603590947164548],[106.09087107484027,21.62339232249775],[106.15752967835203,21.62699343549872],[106.18304070096764,21.605302992838915]]]}},{"type":"Feature","properties":{"Name":"Bac Kan"},"geometry":{"type":"Polygon","coordinates":[[[106.16331606028803,22.41110280005421],[106.21812753026137,22.352884192751333],[106.1994792152936,22.310250928237792],[106.24359155700483,22.268415864200847],[106.21989912184705,22.20932084328234],[106.23248377860358,22.181575500009387],[106.1893249961517,22.144421239048995],[106.15514573478788,22.082851419657345],[106.0983060525823,22.07192847891622],[106.09406470861944,22.034922035023953],[106.11247740031183,21.994095264784676],[106.0962967351063,21.95316629378948],[106.10959602373754,21.949519951184868],[106.05673658802317,21.94282718122946],[106.02550439331316,21.967009017552186],[106.00088341174012,21.93434697363398],[105.9714238698158,21.94030691483232],[105.95429103930007,21.909468655554065],[105.90828290782997,21.8958380234061],[105.8800095572953,21.858824919134747],[105.81280679559723,21.844699847819754],[105.79747906180933,21.806475391825927],[105.75758651630474,21.820065107518758],[105.77868066887783,21.890212043650934],[105.76282413462616,21.915343276271244],[105.77306142234681,21.95276812165156],[105.74623416277643,22.016251102106708],[105.66814134944377,22.048728783206855],[105.65829701869251,22.029769234462663],[105.58839503180536,22.00798036100491],[105.57782122227167,21.96502119926896],[105.55865668835554,21.957144283881632],[105.5033555941854,21.99334245039381],[105.46136230432694,22.075717821820092],[105.47245220690388,22.097704328492],[105.46273253298006,22.11877492692139],[105.49104263071291,22.15824405451957],[105.4682021691948,22.16170449017011],[105.43098986688892,22.212509958867543],[105.43425203080665,22.260377935993006],[105.48959639585706,22.2950203670963],[105.47726163461681,22.310634422540602],[105.51285469229026,22.35032990140388],[105.51752705343085,22.402109079570437],[105.56030064995508,22.40457736605265],[105.56940973277301,22.41976299166879],[105.55082356365659,22.413798472921258],[105.54724059267926,22.438611662997914],[105.59571933717774,22.489820653900097],[105.58886570368935,22.544832042265],[105.54822152640236,22.58149190272917],[105.5297843578619,22.634619763591274],[105.5664694569,22.667454257008387],[105.59899521215937,22.668439582121096],[105.59930371199675,22.68833373961047],[105.6449769071586,22.70069645627649],[105.6645167065808,22.725445116399044],[105.69879024927064,22.720754162674496],[105.73005152265972,22.7417171707109],[105.75661058730884,22.72573852561254],[105.75456544803706,22.702419327090297],[105.77450818240675,22.691836573798867],[105.7258334000914,22.636921129606492],[105.7514804982265,22.60941522543237],[105.74333856612196,22.595538179943105],[105.77705569736258,22.57505828770985],[105.76622417540545,22.556754559675255],[105.80253567717983,22.52458322183827],[105.86302186566661,22.52154401874151],[105.90419533624583,22.496610483187283],[105.93118333704143,22.52911771151321],[105.95495322091449,22.524866435437673],[106.04591540107498,22.5786621481397],[106.07925571098235,22.575075051972135],[106.0718753337797,22.555697388623628],[106.11762223467844,22.511454618236087],[106.11736990559672,22.47265753062061],[106.09222002463451,22.444958415198755],[106.10138442655011,22.40599279103452],[106.13823926273187,22.395631252080648],[106.16331606028803,22.41110280005421]]]}},{"type":"Feature","properties":{"Name":"Bac Lieu"},"geometry":{"type":"Polygon","coordinates":[[[105.34302810656192,9.594247293877572],[105.37994065493734,9.586553626148998],[105.4143354999834,9.603318579089205],[105.44780576462438,9.587989724746024],[105.4690621423041,9.597985538202067],[105.4874986291585,9.583324250613714],[105.53440499539425,9.598080201739947],[105.55383477085803,9.561366724594734],[105.5430718599784,9.45207860944032],[105.5787242108537,9.412384007416051],[105.59750131233574,9.424891586877266],[105.61310479085347,9.407921567826122],[105.63679975220685,9.410197707858003],[105.64846616967804,9.388780148285264],[105.70086513182042,9.37855780369972],[105.70480159481781,9.3979349040726],[105.77014142079003,9.41234946265763],[105.7834816015947,9.383950793394433],[105.81093154995114,9.371087829739622],[105.83927856665258,9.404568981573277],[105.85865335396915,9.367273905666252],[105.81072532641275,9.340398938860005],[105.82561763994221,9.245834438808345],[105.53283555791472,9.11591013194709],[105.42054679000239,9.020833490473251],[105.3909950432867,9.067969824148122],[105.36418553813212,9.060669097201128],[105.24525912780655,9.09802585041274],[105.27763155585166,9.174536767957534],[105.23095524159118,9.214573493671821],[105.29230442940593,9.28064376879496],[105.24653052636279,9.33647119658849],[105.29492731294522,9.387689632170861],[105.26034637118812,9.399935198650553],[105.27654890520785,9.434075361988391],[105.2937715339292,9.434963303113989],[105.29669698357901,9.503875604075915],[105.31468268166049,9.50432716356778],[105.3281683026251,9.529070941270959],[105.32249651680087,9.559179345850168],[105.30642133397743,9.55687980725736],[105.31118070722391,9.572789121820563],[105.28463473310649,9.600863665525765],[105.28476891105646,9.627147026813873],[105.29337536368217,9.638772769747561],[105.3066483309558,9.608757681521809],[105.32754696192279,9.599981427001296],[105.34027832238672,9.613759342919366],[105.34302810656192,9.594247293877572]]]}},{"type":"Feature","properties":{"Name":"Bac Ninh"},"geometry":{"type":"Polygon","coordinates":[[[106.29741229424206,21.12274617769401],[106.3096204354348,21.059728280735612],[106.27119910705323,20.991851607565707],[106.22939979556418,20.995915408269525],[106.16594197184457,20.96930609759835],[106.16638338338652,20.987796095013834],[106.13622286219538,21.001976758820433],[106.11481423738718,20.98407753864757],[106.08996569855822,21.00796332354861],[106.0046232082945,20.999594490693255],[106.01836448313446,21.042247828074835],[106.00097676856308,21.07306751095689],[105.93992566014117,21.085055579051755],[105.91102061231146,21.12554333006068],[105.92458957434945,21.144008680656157],[105.90438818596607,21.232054227220885],[105.9329284498881,21.24596275707563],[105.97551967918992,21.22416149905399],[105.99325652676737,21.264842776972614],[106.03366135668631,21.24649058447295],[106.0403822628312,21.20269595885145],[106.0520105139741,21.228998607000165],[106.11747620726123,21.199308844027996],[106.14239044876024,21.215086023900938],[106.17034356870079,21.180896159530164],[106.21817445958368,21.176791568276315],[106.20635582016502,21.15641417987058],[106.2521322242228,21.172677128546695],[106.27074757544034,21.133796294263618],[106.29741229424206,21.12274617769401]]]}},{"type":"Feature","properties":{"Name":"Ben Tre"},"geometry":{"type":"Polygon","coordinates":[[[106.7725438029542,10.191497607428687],[106.78795401086899,10.108646938005847],[106.7490421652638,10.05823789316429],[106.64755137369701,9.977149247439854],[106.68588532214994,9.875771013221708],[106.63616378742893,9.812266485010298],[106.5962072407716,9.800222477285558],[106.47976809801935,9.922308767135917],[106.30890199762916,10.024358642037726],[106.202192119171,10.166152264215668],[106.17342430069101,10.175918156098078],[106.11035578179394,10.237858167920137],[106.03647915299058,10.250936423876908],[106.02713459708406,10.286297202853689],[106.03270892967345,10.29983505644276],[106.07804422616016,10.278344650885003],[106.13656805617092,10.28448971302987],[106.20894387476005,10.316456437114937],[106.37961488701751,10.340285058408767],[106.5349923442214,10.268645254874684],[106.67864446756818,10.236576361509947],[106.73843353128251,10.196399884746938],[106.7725438029542,10.191497607428687]]]}},{"type":"Feature","properties":{"Name":"Binh Dinh"},"geometry":{"type":"MultiPolygon","coordinates":[[[[109.25357116857464,13.68009744973756],[109.2484829096586,13.68153934716321],[109.2504603776444,13.685843368476696],[109.25357116857464,13.68009744973756]]],[[[109.23949020990534,13.683054810930855],[109.2359882957233,13.686062991913616],[109.2388775989221,13.686917586177685],[109.23949020990534,13.683054810930855]]],[[[109.29904871982262,13.764765584264353],[109.29377468705223,13.76656577249247],[109.29468710772392,13.76845908371979],[109.29904871982262,13.764765584264353]]],[[[109.2288004741626,13.860564978491027],[109.23044797279579,13.878524813869092],[109.23363414130262,13.881432171857284],[109.24308856108826,13.868024253216788],[109.2288004741626,13.860564978491027]]],[[[108.92329527215912,14.698995575485469],[109.01553063423142,14.665675584860423],[109.04681213966859,14.604941932624115],[109.07962959273158,14.57950403568276],[109.06550456458405,14.559479131157048],[109.12083282907184,14.445643442091239],[109.11843979066384,14.37336937279838],[109.18430322261571,14.282665431164787],[109.1962812821555,14.233723846078703],[109.18136642621965,14.207002382753785],[109.22580459590546,14.138103169625651],[109.20148911672942,14.130756300263101],[109.17322500762805,14.175525766700844],[109.15928648088646,14.158481906115128],[109.17146184718655,14.126200614466825],[109.2078308929814,14.127480370422802],[109.21251820085433,14.085033405867023],[109.25196993196687,14.018335381472752],[109.25756828724673,13.964153916270277],[109.24125817092789,13.94341394909452],[109.2690865980681,13.895936278636384],[109.29594563788095,13.881073117530377],[109.28699091559832,13.755473690858196],[109.25132958229443,13.760032144767706],[109.25235459089174,13.78601087779981],[109.27724292831857,13.793649440469324],[109.2812265760457,13.815294422399745],[109.26200773566853,13.803802106482067],[109.24293127056177,13.897272261106025],[109.22095497479233,13.92502260820686],[109.21914483556577,13.786689632120897],[109.24920395369958,13.772759113842085],[109.21382224390152,13.746911388649721],[109.23165754655861,13.673874160064486],[109.19731707632207,13.695329465982127],[109.161309566983,13.68271293995025],[109.14931813182636,13.634802949196796],[109.11845835986549,13.640593339411112],[109.11589379915955,13.587169222981288],[109.05524211742983,13.566999740745473],[109.02361315712159,13.530034314931754],[108.99087434077825,13.517668290559186],[108.91139265494712,13.541929261825999],[108.87051955972998,13.53663694044252],[108.84895079804096,13.570419486570074],[108.81890716803144,13.66058282323877],[108.81532788787177,13.699872242909748],[108.83077494011144,13.70687068793194],[108.83348357041052,13.740672205258136],[108.82586970402366,13.793186114247817],[108.79881870481944,13.808545575218147],[108.79047726441428,13.852014532944395],[108.74402240730831,13.908253343017407],[108.76211840274215,13.994267646634626],[108.75514374658667,14.037447084715211],[108.72073430374519,14.067171754872618],[108.66512413956747,14.165964278128968],[108.67536061609962,14.223261269192278],[108.6001464373083,14.458629657832489],[108.63868507595555,14.454846195595508],[108.6261080256649,14.550113009507811],[108.64031098006774,14.550070811518765],[108.63848149732331,14.566316576848578],[108.70204396885413,14.615115732704965],[108.73429596418748,14.589704148127964],[108.76138847609735,14.600851546161948],[108.76703584892533,14.677910668842344],[108.80737128985322,14.671106064593232],[108.83632167160789,14.694867019097728],[108.88477653101216,14.685767176813783],[108.92329527215912,14.698995575485469]]],[[[109.2010047166944,14.232227927277052],[109.19671370587287,14.233958927962192],[109.19978834675487,14.235237155070706],[109.2010047166944,14.232227927277052]]],[[[109.20970716565324,14.246104023082239],[109.2054159362965,14.247835209927018],[109.20849084337777,14.249113319224364],[109.20970716565324,14.246104023082239]]],[[[109.20921688135405,14.251111263873781],[109.2049255413807,14.252842444423322],[109.20800052040778,14.254120564512505],[109.20921688135405,14.251111263873781]]],[[[109.37026614506658,13.592686542150261],[109.36620748758554,13.594857932747459],[109.36938794629674,13.595825932420894],[109.37026614506658,13.592686542150261]]],[[[109.36046392596944,13.61305844199353],[109.33795282586226,13.621079979157741],[109.3359607807655,13.634498133881834],[109.36046392596944,13.61305844199353]]],[[[109.30260320387481,13.879953529931527],[109.29832051268158,13.881686268106819],[109.30139045370652,13.882962799093946],[109.30260320387481,13.879953529931527]]],[[[109.34738719256495,13.897082437604467],[109.34310452385478,13.89881609578623],[109.34617500627161,13.90009199095266],[109.34738719256495,13.897082437604467]]],[[[109.35182469035726,13.89916729903166],[109.34754201535179,13.900901048045],[109.35061255622458,13.902176881158198],[109.35182469035726,13.89916729903166]]],[[[109.31780039567178,13.901110915636309],[109.31351738881648,13.902843981164835],[109.31658774622758,13.904120307106552],[109.31780039567178,13.901110915636309]]],[[[109.29729471987548,14.141297718914643],[109.29799427371682,14.145928718435641],[109.30127887841758,14.145314385250742],[109.29729471987548,14.141297718914643]]]]}},{"type":"Feature","properties":{"Name":"Binh Duong"},"geometry":{"type":"Polygon","coordinates":[[[106.9508441652261,11.324655398627783],[106.92981770102614,11.245219966728143],[106.90998757166915,11.24292650665302],[106.91578327058153,11.219110920132891],[106.89959345927076,11.209426948394992],[106.96437056235163,11.149239282666827],[106.95213382271783,11.13941457602192],[106.96387409341474,11.110429599146755],[106.94549549681977,11.089092844559161],[106.94731291785695,11.06068827214608],[106.92172085373448,11.05817975269349],[106.90574362237032,11.0227274910809],[106.87090121891617,11.021431909754881],[106.82624659770238,11.065083004477117],[106.800689797796,11.061049098137403],[106.80903014732348,11.028591340617936],[106.7729101471856,11.005880794263305],[106.79436341703814,10.973079513708626],[106.76118619918378,10.965820427171025],[106.7609714446765,10.953672242879748],[106.81541714058864,10.905173830208128],[106.83687921390464,10.903151500441425],[106.78567760193982,10.868453685489271],[106.7675464277255,10.895136318786115],[106.74652825257687,10.865499500701446],[106.7163766022984,10.897554130818548],[106.71048930293904,10.866927065631614],[106.68732910725254,10.882436435493162],[106.68333745286122,10.922598791101393],[106.64953861371612,10.93290021127575],[106.6473701099427,10.979940055788973],[106.6239010340056,10.981579923674587],[106.61771864909645,11.01038052154388],[106.5945696904389,11.020872953224284],[106.59923426614853,11.045890226452855],[106.58280614978406,11.037510485720361],[106.57124732360518,11.055913788490614],[106.5618666842002,11.045637824526011],[106.53098449933526,11.060633616748078],[106.53184421343974,11.091829298083667],[106.5144736165642,11.099729020278119],[106.52485068321255,11.121822551669482],[106.46060908504131,11.160661477545204],[106.43772216724426,11.138832264997063],[106.4277841433236,11.170083649440926],[106.38663255055184,11.186613912602013],[106.37551222031277,11.23609299099877],[106.34960676314165,11.250003869882732],[106.36232475878063,11.262437350603307],[106.34927601407685,11.263748061224078],[106.35253154009854,11.28990946994611],[106.33377306807267,11.296227892603213],[106.34271608298093,11.32464782903412],[106.32478170381262,11.342082959461038],[106.367094684672,11.450342122491008],[106.4320344418361,11.502083623560452],[106.49010198821622,11.498716672436558],[106.53867817965431,11.469113656270281],[106.55563699225343,11.48538398658178],[106.57246533480742,11.456863898050528],[106.54009067194704,11.42832691395597],[106.53780396128383,11.38935406373912],[106.56070405414886,11.37156464988874],[106.61185110784243,11.389212617468388],[106.61590231174233,11.363796484120485],[106.66810389607798,11.355523358016626],[106.68380101740308,11.395544278145962],[106.75413235412492,11.451219619789697],[106.75010015379911,11.475713407547744],[106.79543524883775,11.492609300878598],[106.804861625064,11.453773510039525],[106.7687470919048,11.427344375842324],[106.78333351722807,11.382076881043247],[106.85255907723968,11.377412293642465],[106.85497133236117,11.316498218518007],[106.87322144371473,11.308522705958183],[106.88470476731123,11.342942447835753],[106.94077560111316,11.351637409039256],[106.9508441652261,11.324655398627783]]]}},{"type":"Feature","properties":{"Name":"Binh Phuoc"},"geometry":{"type":"Polygon","coordinates":[[[107.38890201741424,11.767805685284202],[107.28670889310098,11.72982024480848],[107.28367700778773,11.688755227971455],[107.26403052718712,11.661330299653628],[107.26930989203794,11.637891234093217],[107.3026060299444,11.618073341811339],[107.30853084182496,11.55679052666153],[107.33478667756316,11.547771465081098],[107.14644066860205,11.506907067207408],[107.09587318839698,11.482497511750807],[107.06710370527185,11.44850525091664],[107.07418760837152,11.418724441479867],[107.05761035563347,11.377744240604272],[107.03920215155813,11.377660980469898],[107.00974151965545,11.339956330820087],[106.97655234801249,11.333620357893267],[106.98307791781173,11.314622832577697],[106.96513083482023,11.319018581142643],[106.95285836512153,11.30281818301279],[106.93476249199546,11.308900733282258],[106.9508441652261,11.324655398627783],[106.93568210004895,11.354110543766637],[106.88470476731123,11.342942447835753],[106.87322144371473,11.308522705958183],[106.85497133236117,11.316498218518007],[106.85255907723968,11.377412293642465],[106.78333351722807,11.382076881043247],[106.7687470919048,11.427344375842324],[106.804861625064,11.453773510039525],[106.79543524883775,11.492609300878598],[106.75010015379911,11.475713407547744],[106.75413235412492,11.451219619789697],[106.68380101740308,11.395544278145962],[106.66810389607798,11.355523358016626],[106.61590231174233,11.363796484120485],[106.61185110784243,11.389212617468388],[106.56070405414886,11.37156464988874],[106.53780396128383,11.38935406373912],[106.54009067194704,11.42832691395597],[106.57246533480742,11.456863898050528],[106.55563699225343,11.48538398658178],[106.53867817965431,11.469113656270281],[106.49010198821622,11.498716672436558],[106.4219188701598,11.498863550612441],[106.43211989181964,11.540305518285095],[106.4710916709439,11.54752517584626],[106.48808256505839,11.570758358711316],[106.41259523068538,11.766364622429421],[106.4466985928658,11.82636214269877],[106.43988486499461,11.860164682554114],[106.46398449608768,11.867520215985223],[106.40858427864163,11.976556963433154],[106.45452522266095,11.989620171933439],[106.48472794543841,11.972765559283175],[106.62564654525193,11.976049837530013],[106.63082277495118,11.962112761394849],[106.6394381479522,11.975946156489954],[106.65727250092522,11.965183295073075],[106.65607984700739,11.988892676156127],[106.69055157869246,11.966174276022059],[106.71556972876004,11.970351021682347],[106.79111019597883,12.08236750725473],[106.91808153123776,12.062657752153598],[106.99215748488007,12.095875545620004],[107.07667679959468,12.16373140398116],[107.0729201641343,12.188122549416164],[107.09044951833067,12.182096867776295],[107.1506945320271,12.271996909030179],[107.19227221638971,12.297019211267639],[107.20726386273714,12.28086525412823],[107.22222748710891,12.128563234605622],[107.23919895406851,12.115437131118767],[107.22816081826721,12.029635438025082],[107.24047463609566,12.039844400698598],[107.24746101581331,12.022643340417858],[107.29127757679879,12.02126993715791],[107.33477230639687,11.99310503766742],[107.35116623413444,11.940441843916005],[107.38432851335028,11.915841228390036],[107.40435862405133,11.869195815734372],[107.4253542936658,11.86183862485268],[107.38890201741424,11.767805685284202]]]}},{"type":"Feature","properties":{"Name":"Binh Thuan"},"geometry":{"type":"MultiPolygon","coordinates":[[[[108.90112295026398,10.048088974626523],[108.9069110615963,10.050702035770371],[108.90547966825216,10.04717211400191],[108.90112295026398,10.048088974626523]]],[[[108.93999695779343,10.508918286050118],[108.92066282073267,10.545586270989645],[108.92896930808718,10.554894372877072],[108.95444549006737,10.54980940997632],[108.9665351221982,10.516650763122243],[108.93999695779343,10.508918286050118]]],[[[108.95134072999076,10.554941325581751],[108.94981110729685,10.556609005900953],[108.95136130288188,10.556512464578645],[108.95134072999076,10.554941325581751]]],[[[108.87242645521678,10.62172268925076],[108.86820796932238,10.623440816140828],[108.87113542086303,10.624622765428342],[108.87242645521678,10.62172268925076]]],[[[107.8026539825953,10.651916460176551],[107.7984259818736,10.653613136437173],[107.80134766786063,10.65481005044353],[107.8026539825953,10.651916460176551]]],[[[107.99193409218469,10.694461051536337],[107.99011358287561,10.697970135113678],[107.99337168275702,10.696478944048067],[107.99193409218469,10.694461051536337]]],[[[108.30031066400602,10.909147919940608],[108.29822483580756,10.913182723803686],[108.30122351905021,10.911476119027725],[108.30031066400602,10.909147919940608]]],[[[108.64225491773033,11.551273028527476],[108.67990158179265,11.473499392682868],[108.75869114757847,11.471639708006194],[108.75546929127484,11.41258102959091],[108.87440080705164,11.349874317845547],[108.86449019716491,11.3336272790757],[108.78593195769378,11.314052440267972],[108.7543723665915,11.282399180277991],[108.72644177286958,11.184522790094718],[108.70291796059547,11.16526997512932],[108.66988319175596,11.192548411080338],[108.61510708582341,11.176791231230368],[108.58879228513592,11.185139273558661],[108.52247207042979,11.154075751195023],[108.47478777173836,11.048863949012059],[108.36167999933258,11.026502207411],[108.33655899739989,10.954322368182773],[108.30746384008421,10.957612342735501],[108.29317418833818,10.915210733688468],[108.27875796600739,10.918256438883589],[108.27593634218852,10.942711638531364],[108.22739716684583,10.956050537802128],[108.0878358382534,10.918011757636577],[108.04388878563901,10.850517196511476],[107.99198766479896,10.700425083750645],[107.8960320907085,10.723033727024927],[107.83048013624932,10.707435138121184],[107.75156924922152,10.642073973934771],[107.68249495517807,10.627032234450098],[107.57011156959334,10.570545663851362],[107.54064004510207,10.70860877857234],[107.50210202428906,10.748573442510406],[107.5041596704325,10.772723791769636],[107.55132267979792,10.795440948141277],[107.57428210183758,10.82999155846369],[107.55784273765227,10.869229393022124],[107.55838490923622,10.938472508699363],[107.50635276077134,11.01289330198432],[107.46968529923726,11.008905761092024],[107.39278426208409,11.050712916467944],[107.41497187425267,11.051391796694134],[107.42129625491827,11.078826283905926],[107.44321632057677,11.088484776051644],[107.45226875330036,11.113357737769434],[107.43251653670887,11.137443696469461],[107.45572308165498,11.152269688595311],[107.48650927738129,11.225095734780382],[107.49772214156366,11.221278575845645],[107.49532546180069,11.24335266389437],[107.5213443639513,11.25331919542458],[107.51659426361442,11.312859809732458],[107.54924193726566,11.37608364244619],[107.57370934610952,11.383177022601558],[107.60542151259278,11.347346141910975],[107.6821229326273,11.32657723994771],[107.71327794302272,11.339115765979841],[107.72226723794273,11.363567951999414],[107.76404483709962,11.37030055023024],[107.95943798037854,11.352255526571355],[108.02594458857197,11.32772442774018],[108.05116742163926,11.246713115617865],[108.04443576679728,11.216784784090578],[108.11390230734565,11.294303762508662],[108.12359341070737,11.285212452992369],[108.17994141376528,11.305615087166586],[108.30624209489685,11.416337895277707],[108.25749288378961,11.46898725116074],[108.28320773055236,11.516894895582993],[108.33959842622647,11.526765163681432],[108.35876706734632,11.50678231685049],[108.38006128220246,11.524013196851627],[108.43551647160791,11.516407666280827],[108.49055539091864,11.52969235711663],[108.53788213625165,11.508218531460102],[108.58225320302296,11.556813910833341],[108.64225491773033,11.551273028527476]]],[[[108.83096897064155,11.232383074419374],[108.82794807864099,11.223852145959825],[108.81938429434979,11.225471431061749],[108.83096897064155,11.232383074419374]]],[[[109.07795825936626,9.965302915197412],[109.08274299709171,9.96981295950053],[109.0810388258812,9.965287025975499],[109.07795825936626,9.965302915197412]]],[[[109.05178578538573,9.981640341228797],[109.0512094017925,9.987408974144898],[109.0544149560854,9.986311768873065],[109.05178578538573,9.981640341228797]]],[[[108.97325337084646,10.040938169161223],[108.97380058672775,10.04593593109837],[108.9754902977391,10.040927754112602],[108.97325337084646,10.040938169161223]]],[[[108.96847346427899,10.483404023177172],[108.9676112977233,10.485474202272655],[108.96898193466859,10.484877981433726],[108.96847346427899,10.483404023177172]]],[[[108.9683800274164,10.496512723883143],[108.95933006423115,10.489695502145764],[108.96385636378022,10.498770144526588],[108.9683800274164,10.496512723883143]]],[[[108.9619357248539,10.501665796039731],[108.96066675806452,10.503526585083875],[108.96231096967557,10.503249633463838],[108.9619357248539,10.501665796039731]]],[[[108.95665466028441,10.554415127755988],[108.95597535377959,10.556550999628996],[108.95726477205164,10.555848051746239],[108.95665466028441,10.554415127755988]]],[[[108.9512068443205,10.558636701022976],[108.95048561232119,10.560766805543665],[108.95180991709407,10.560084403572432],[108.9512068443205,10.558636701022976]]]]}},{"type":"Feature","properties":{"Name":"Ca Mau"},"geometry":{"type":"MultiPolygon","coordinates":[[[[104.88056068632665,8.38231626858095],[104.87696623370476,8.383099955798343],[104.87915318886866,8.384579077962144],[104.88056068632665,8.38231626858095]]],[[[104.84791481131953,8.419040914406708],[104.85413533108073,8.412801091597146],[104.84789391916911,8.41244805283543],[104.84791481131953,8.419040914406708]]],[[[104.84030104385818,8.45535127314281],[104.83702576602633,8.426316657287941],[104.8161236636762,8.427090170475026],[104.84030104385818,8.45535127314281]]],[[[104.56605273284742,8.883122938772658],[104.56172721593833,8.883297301129573],[104.56405436731524,8.884873418773282],[104.56605273284742,8.883122938772658]]],[[[104.53060315211383,8.949755946679659],[104.52047445303361,8.953636943090487],[104.52443799911441,8.960018086265734],[104.53060315211383,8.949755946679659]]],[[[104.94855167412055,9.540208775914323],[104.96116411902892,9.556659838480812],[104.99271382298463,9.539689272641851],[105.00111157713764,9.559517990063227],[105.29492731294522,9.387689632170861],[105.24653052636279,9.33647119658849],[105.29230442940593,9.28064376879496],[105.23098727814045,9.225750914673029],[105.23858921232232,9.201430413682715],[105.27763155585166,9.174536767957534],[105.24364599496676,9.100925853745196],[105.33301749116436,9.067604006020133],[105.3909950432867,9.067969824148122],[105.41732077613295,9.035554547004779],[105.32859212522646,8.835291296955859],[105.26886718407337,8.770078859951468],[105.1798076123315,8.74038276125549],[105.10714459524695,8.637094991140998],[105.00071857520214,8.598208723154073],[104.8315317761706,8.565021298893896],[104.72040453394214,8.603052973515958],[104.71147960709823,8.634937325097496],[104.72638429439974,8.648990950671873],[104.749377136146,8.63409052525759],[104.81558194714921,8.652860544578516],[104.78866499639253,8.679170579758477],[104.78831247833824,8.714535765413302],[104.86906481808694,8.750921356935123],[104.90032227205529,8.796995667715919],[104.8980727600499,8.808043939776041],[104.80898581204565,8.773421965551336],[104.77887990398443,8.817656553007566],[104.80048920980926,9.025599957572012],[104.81558859313913,9.035070910494198],[104.8018020671118,9.046517209002047],[104.80626584669153,9.182218780472397],[104.83289688588263,9.53189009375285],[104.8796583263707,9.495187691758645],[104.91535799777341,9.564121562060507],[104.94855167412055,9.540208775914323]]],[[[104.80099215386485,9.178757451795036],[104.79759687319722,9.180214126880514],[104.80019485720698,9.181070876819547],[104.80099215386485,9.178757451795036]]]]}},{"type":"Feature","properties":{"Name":"Can Tho city"},"geometry":{"type":"Polygon","coordinates":[[[105.62301441058662,10.187953876570191],[105.78285290084074,10.068213337875306],[105.84290347931216,9.983684873458174],[105.77444769760325,9.955640405780173],[105.72199873855101,9.976637310163767],[105.66889430592755,9.940264662584184],[105.65699410339522,9.951063163234437],[105.67090720810126,9.96589158622777],[105.64549000096281,9.976939760261757],[105.61737367835264,9.946540157002687],[105.5725738822789,9.995315159766847],[105.53089529578136,9.920140769680813],[105.36264212343531,10.074373405208519],[105.31532358261728,10.142346004564502],[105.29633321770388,10.139392305410638],[105.22400006924784,10.202041738435526],[105.29940895126214,10.27813549555674],[105.33457724294544,10.23528763121925],[105.43966488292807,10.27069919311333],[105.42489701308676,10.304089423488165],[105.49295568295844,10.327878607711625],[105.59810952383549,10.239508555175746],[105.62301441058662,10.187953876570191]]]}},{"type":"Feature","properties":{"Name":"Cao Bang"},"geometry":{"type":"Polygon","coordinates":[[[106.56468640235562,22.425843165030074],[106.533558341944,22.41982394322048],[106.5174445179502,22.39927997968738],[106.48926038016248,22.4030107731287],[106.48565854140861,22.3701249311207],[106.45193415803504,22.358256551099032],[106.39484233200807,22.374625145833875],[106.36004061837991,22.357999736198906],[106.33114743890326,22.41186213093266],[106.30903496329296,22.412019857630355],[106.24004129437031,22.460878833691254],[106.21292219760142,22.45107657682263],[106.18298356164212,22.38830094283429],[106.16331606028803,22.41110280005421],[106.13823926273187,22.395631252080648],[106.10720081526546,22.400206865954146],[106.09222002463451,22.444958415198755],[106.11736990559672,22.47265753062061],[106.11762223467844,22.511454618236087],[106.0718753337797,22.555697388623628],[106.07925571098235,22.575075051972135],[106.04591540107498,22.5786621481397],[105.95495322091449,22.524866435437673],[105.93118333704143,22.52911771151321],[105.90419533624583,22.496610483187283],[105.86302186566661,22.52154401874151],[105.80253567717983,22.52458322183827],[105.76622417540545,22.556754559675255],[105.77705569736258,22.57505828770985],[105.74333856612196,22.595538179943105],[105.7514804982265,22.60941522543237],[105.7258334000914,22.636921129606492],[105.77450818240675,22.691836573798867],[105.73793022320132,22.741653589541556],[105.61391694700956,22.69908095012579],[105.59899521215937,22.668439582121096],[105.54636832943493,22.65749526809219],[105.53542338677994,22.634648836874362],[105.4962973676295,22.634995204465156],[105.48628360100741,22.675247753081408],[105.50243963378216,22.698416841264248],[105.4758424189925,22.718448635496202],[105.46773588060648,22.75496955250287],[105.38298382134633,22.812234898222016],[105.34659477193122,22.814532374669398],[105.32213374018005,22.84518974700927],[105.26548338415091,22.866434374147104],[105.26625103735557,22.881452751043696],[105.3019537952315,22.877341310553106],[105.30601033390985,22.91324035715678],[105.35930211420128,22.940243517824115],[105.37346402174728,22.990665081228542],[105.48914054300172,23.008409836544786],[105.53000618193983,23.11249047055884],[105.56142269719976,23.120299087832677],[105.57602808023177,23.07008411758801],[105.64090736068619,23.083142319562455],[105.67468156290386,23.065092115808568],[105.72122456076494,23.065401474498515],[105.73035202212816,23.041852482106435],[105.77903865121283,23.022418722645966],[105.80109910284136,22.994989014431496],[105.82247646002065,23.000163916731424],[105.83481374385923,22.97759730687028],[105.85290984361444,22.981410054630373],[105.87687030641956,22.922269871557376],[105.9163888238852,22.95634051370382],[105.93659522598892,22.940691592443102],[105.9556637761624,22.95188933272658],[106.00042310724069,22.941568725516333],[105.99982427387118,22.99324746919541],[106.08196111271525,23.001661289736774],[106.10098908098138,22.988370504195473],[106.19542388530414,22.99192645594121],[106.25916891381439,22.918516400811313],[106.26092685818804,22.889626547926923],[106.3093473446043,22.86506759259538],[106.32217471938787,22.879217086799144],[106.3432876282215,22.858538589184604],[106.3719513411815,22.88571887042957],[106.40736708222511,22.875286233772727],[106.44703071969201,22.90474161183596],[106.49666999072753,22.906774576085866],[106.51114958018906,22.947786044590316],[106.56403686700787,22.920284021890154],[106.59071619889352,22.93422641391794],[106.64610892498695,22.86883294608367],[106.66737891030851,22.893735007164878],[106.70710082294471,22.890377787604848],[106.71651946230338,22.87578954924834],[106.70575252336033,22.866061350650853],[106.76659370303702,22.827763019847566],[106.76313588801088,22.810991748270624],[106.80855313431977,22.821573148082393],[106.83486889368453,22.80465918377439],[106.8173630342767,22.774661529805826],[106.78651214491964,22.768677579406813],[106.76393533314916,22.743526715485586],[106.77786843877749,22.70881590353116],[106.75134481371225,22.69700828350551],[106.75564574585457,22.675486720935453],[106.73524842937155,22.663847823618198],[106.72949344276822,22.59451536838958],[106.7045139698439,22.57751300072448],[106.65331185695669,22.576804113718936],[106.62956470434767,22.605888212970683],[106.60598938430269,22.60222139999769],[106.57913514057435,22.520128866254197],[106.58282528375992,22.476672628539006],[106.55808013189261,22.451444492169628],[106.56468640235562,22.425843165030074]]]}},{"type":"Feature","properties":{"Name":"Dak Lak"},"geometry":{"type":"Polygon","coordinates":[[[108.67843282431545,12.997335878248236],[108.70408035232646,12.965473767800177],[108.70240194759185,12.944693384192362],[108.74951578832304,12.94313930173746],[108.79298213441803,12.868798313391494],[108.81162722981287,12.876919325466531],[108.8436605073266,12.858817847765522],[108.86837881622944,12.817760478763148],[108.93799263515206,12.806584147740296],[108.96516478292847,12.817255552601694],[108.98566946407459,12.781978749619668],[108.98120592821107,12.688147321142026],[108.94073636419193,12.69583912187801],[108.90340735596476,12.678483644404707],[108.90964050040884,12.642852471664298],[108.86362294584234,12.614949550981066],[108.86191656409824,12.596074649125796],[108.89417728375469,12.567326295572116],[108.85728765460163,12.494697685649726],[108.8769618271267,12.480118112261096],[108.86829258473506,12.454852554202091],[108.77838484528445,12.506374875200379],[108.75049163278271,12.498799849633428],[108.73880340855055,12.477234990102772],[108.71445141060417,12.48485238992589],[108.66796147094522,12.424452771977883],[108.68680128305283,12.37549882750892],[108.68315196009496,12.32519835781801],[108.6648017631909,12.300670186280115],[108.59539698628197,12.278658075010185],[108.54097639224676,12.29846442359434],[108.53564902518241,12.28303981573498],[108.50860879176241,12.278659871855666],[108.48020335420148,12.309602872474613],[108.45958008395377,12.277849393834515],[108.44025403719411,12.27552802509831],[108.4370744948921,12.251373369885187],[108.33339435866276,12.2484847618623],[108.3382880285697,12.229163869117315],[108.26516362510125,12.207647446172757],[108.24001771644453,12.16220591367204],[108.22448967935526,12.184304536125467],[108.18657265390493,12.174416249210594],[108.16423856915469,12.19782463619805],[108.11904627566514,12.176619456922424],[108.03873768569571,12.28939365189558],[108.00847469934797,12.305214503746413],[107.97270839357753,12.29894614185099],[107.93167971294844,12.345481038619084],[107.9108714998199,12.399284382967949],[107.91988761971794,12.427809067934163],[107.9771419613325,12.445279886157891],[107.99905147164816,12.478726225235164],[107.94752683759356,12.525834162816409],[107.88503384973245,12.542533145987932],[107.8925841205608,12.567074918872436],[107.93007208395954,12.582975917404724],[107.93207178588426,12.598295968284333],[107.91826670414514,12.647570062408477],[107.90289094116406,12.64924220156638],[107.91071462028356,12.693565600672002],[107.89345078282741,12.716637099822321],[107.9083072367896,12.741346885850135],[107.85843108882375,12.757548954920367],[107.84822573782759,12.81289950820576],[107.78387316691317,12.779736241534351],[107.62527078312019,12.803221882084244],[107.55911705990445,12.797471190642966],[107.49954286131407,12.875356239898622],[107.48354367030419,12.951495920900072],[107.50486932276112,12.975545264602317],[107.4889031926283,13.03828492211153],[107.60542687614947,13.3052745566755],[107.64859403128958,13.327194242820099],[107.6491675766224,13.343507710912206],[107.69608726361639,13.374183629071297],[107.76315215025159,13.365854710826284],[107.83446513655684,13.399945933058405],[107.94105827132222,13.374481911710916],[107.98219026337,13.394639005785564],[108.00894931565847,13.382901871024558],[108.05278881115476,13.41468530518273],[108.14235811503505,13.408677337489166],[108.1764466959583,13.38453818299081],[108.26270648931308,13.373214087060546],[108.3440499102752,13.340318440643557],[108.37353458195543,13.268794192797827],[108.41894294566049,13.241047479857343],[108.42350444827173,13.19677449944362],[108.46232924220084,13.156407524687552],[108.45991705362917,13.119997333110462],[108.4831957952498,13.11334531323564],[108.51360649614293,13.072080252102012],[108.50979247134552,13.037041926843472],[108.56516693220823,13.021198567659837],[108.59034038260262,13.030688072696421],[108.67843282431545,12.997335878248236]]]}},{"type":"Feature","properties":{"Name":"Dak Nong"},"geometry":{"type":"Polygon","coordinates":[[[108.1114077813441,12.18528757696015],[108.1105212422616,12.146937317503273],[108.07082623104577,12.133909635821112],[108.0279689759875,12.14384851139971],[107.98617651463451,12.120650956076815],[107.96059762378138,12.067281630842615],[108.00915271712427,12.052394396684122],[108.00643802629395,12.02852970448231],[108.04552548161575,11.951497468833168],[108.0656456792048,11.949260657053742],[108.0825086942209,11.913084800922888],[108.10903149640649,11.903072724126957],[108.06478221672597,11.835124615108953],[107.97566686003762,11.79126482011543],[107.94587328832165,11.824239641945951],[107.91910782206838,11.797922467947615],[107.88707143559833,11.822238889613118],[107.89260175356816,11.87137494409842],[107.82853094474734,11.878025834424761],[107.7703615105753,11.849980738120621],[107.724642941019,11.871222439763812],[107.73154262789001,11.907132309708402],[107.70665607921472,11.923261075937944],[107.67158931109788,11.914409258580463],[107.6737744343427,11.887710704585402],[107.62730452258569,11.866176464272485],[107.61664250394847,11.839760650833398],[107.54961276911405,11.791957468062776],[107.48324564487069,11.795609069003376],[107.46320703557632,11.762897222428933],[107.43114286365227,11.76697020251288],[107.41426146739286,11.750164654175478],[107.38890201741424,11.767805685284202],[107.4253542936658,11.86183862485268],[107.40435862405133,11.869195815734372],[107.38432851335028,11.915841228390036],[107.35116623413444,11.940441843916005],[107.33477230639687,11.99310503766742],[107.29127757679879,12.02126993715791],[107.24746101581331,12.022643340417858],[107.24047463609566,12.039844400698598],[107.22816081826721,12.029635438025082],[107.23919895406851,12.115437131118767],[107.22222748710891,12.128563234605622],[107.20290421385846,12.298844461802503],[107.22893638100925,12.297335796010202],[107.26861197766073,12.325996833487125],[107.34631818863357,12.328858736141797],[107.39762861766661,12.261845779059513],[107.41617187113502,12.247986271249488],[107.43502956356355,12.254686157540164],[107.44437559525755,12.291304229206844],[107.54321357924334,12.353868402904538],[107.54585121616077,12.416374110776644],[107.5757807788599,12.482441587209507],[107.56434037630737,12.527712388815758],[107.58782526592336,12.558935297126311],[107.56740214519289,12.646366952073208],[107.57442647809955,12.682697075209887],[107.55784515772791,12.713680903251145],[107.55911705990445,12.797471190642966],[107.62527078312019,12.803221882084244],[107.78387316691317,12.779736241534351],[107.84822573782759,12.81289950820576],[107.85843108882375,12.757548954920367],[107.9083072367896,12.741346885850135],[107.89345078282741,12.716637099822321],[107.91071462028356,12.693565600672002],[107.90289094116406,12.64924220156638],[107.91826670414514,12.647570062408477],[107.93207178588426,12.598295968284333],[107.93007208395954,12.582975917404724],[107.8925841205608,12.567074918872436],[107.88503384973245,12.542533145987932],[107.94752683759356,12.525834162816409],[107.99905147164816,12.478726225235164],[107.9771419613325,12.445279886157891],[107.91988761971794,12.427809067934163],[107.9108714998199,12.399284382967949],[107.929763941153,12.349516141057109],[107.97270839357753,12.29894614185099],[108.00847469934797,12.305214503746413],[108.03873768569571,12.28939365189558],[108.1114077813441,12.18528757696015]]]}},{"type":"Feature","properties":{"Name":"Dien Bien"},"geometry":{"type":"Polygon","coordinates":[[[103.45220222855005,22.009821007933226],[103.50388310991764,21.956076890236318],[103.47836521288434,21.91258598455562],[103.53855853804617,21.828602754813346],[103.53912801664472,21.778182995448958],[103.59613833441665,21.683184585999868],[103.57128241305298,21.682207043620224],[103.54068310813898,21.64847911691777],[103.5570931877005,21.62485044549169],[103.52719857175674,21.585584048465137],[103.51482803728413,21.534442827774342],[103.44977806640469,21.502644888450902],[103.44770151471317,21.43787391694775],[103.33505437326079,21.421559718606204],[103.3370929627701,21.40238519502077],[103.38526308961997,21.367913577549587],[103.3679071418012,21.334656664473528],[103.42599140477955,21.313686373727194],[103.43726814960547,21.28693564286567],[103.43282735939516,21.17372219922015],[103.3955160983893,21.15150500385289],[103.42224291807628,21.070713544494538],[103.37910790920273,21.062420703452744],[103.28922690929448,21.097871930844974],[103.3018783002434,21.063381846694938],[103.27264065704077,21.053661802250417],[103.29041832394654,21.022916096700555],[103.29593836176605,20.950459195235737],[103.27269685117881,20.93479872488132],[103.28593970915034,20.908080717651046],[103.21422058181446,20.895441760728716],[103.16562307644386,20.91546354820423],[103.11419530926617,20.896988755626637],[103.03063987892733,21.05873763703238],[102.96934655699806,21.06891101623046],[102.95801675217143,21.113632132417024],[102.93756188177548,21.127989776507036],[102.94546691896318,21.143246239022744],[102.9033523528289,21.1664005378546],[102.90863722422858,21.230587372709124],[102.86264416089938,21.25712189306097],[102.81898151708339,21.247226636400228],[102.80573360402269,21.26450145457852],[102.85293920977676,21.300391484579393],[102.89592503910933,21.306661302477153],[102.89442452207408,21.38423900212831],[102.94079714517216,21.456876682612858],[102.86875745359367,21.428408952611107],[102.89217282561549,21.46168738916174],[102.88500047868922,21.47744378480286],[102.90452543210307,21.479651089826007],[102.98968749857926,21.5864390132499],[102.97785581179636,21.652156031975323],[102.98648090377077,21.72378554096997],[102.96625332533074,21.747674309821605],[102.95061535601394,21.729248080634477],[102.87496084037053,21.705427170127848],[102.85516955722932,21.722539984432785],[102.84964926759966,21.83936586893975],[102.8229503089097,21.83965872147286],[102.80829942467875,21.818803413546732],[102.82278600816778,21.73510610076596],[102.74469555285754,21.663681968148353],[102.67473264319699,21.65762159605987],[102.6460097719335,21.73465591363953],[102.65925103900429,21.786670495646888],[102.64312842773484,21.859595737053667],[102.60935242777236,21.87702176004626],[102.60901215758508,21.91956442505824],[102.50526715685385,21.9741219111973],[102.4861438739407,22.007680293211024],[102.51766270057323,22.029700902174966],[102.4397763086298,22.075028486075837],[102.4328326377161,22.11778862964161],[102.3828388278497,22.130112816653195],[102.38043151630148,22.151256020948665],[102.33329592186936,22.167253280214766],[102.3128601467784,22.212188067225554],[102.27721774060632,22.20572787454182],[102.27074230711185,22.23738817442478],[102.23869275366769,22.239968618956652],[102.23204703893975,22.284078126004772],[102.175411179982,22.30617523489923],[102.1933620716024,22.33756000678892],[102.16635758443505,22.35000345919235],[102.168635813592,22.372538077470324],[102.14208323305485,22.401780832419547],[102.15729857227137,22.430951241406717],[102.18435904943067,22.43655504388022],[102.2609925427717,22.415995729819144],[102.24669649864455,22.461837278967323],[102.31930596469857,22.5493444275034],[102.34702274820131,22.49233711976234],[102.38982281537068,22.46078643194835],[102.38905292195483,22.404701620883145],[102.44721313987458,22.3588694174897],[102.51491293618312,22.260000958177727],[102.54416674200161,22.243324141495975],[102.58047841194923,22.257553507188675],[102.61777043375855,22.2347999426633],[102.61710840233098,22.19887969993823],[102.67174100164596,22.16865115672556],[102.69568050035485,22.210076280995622],[102.6599272167677,22.25507515549407],[102.67554014805944,22.26346156110219],[102.72782671203322,22.238683300693822],[102.75138698731968,22.20874794546137],[102.73527136827909,22.16880762527171],[102.74117313143495,22.13494842722821],[102.7793913182548,22.10125658942013],[102.77502805679944,22.088588584395723],[102.81737493670403,22.067162313989627],[102.88916004370111,22.075672491492355],[102.92394082920595,22.092610366075576],[102.92402511097015,22.107851078764327],[102.92803516908782,22.07035259059961],[102.98481791161737,22.027837184038844],[102.99820915322988,22.052861898258072],[103.09165322301789,22.058689325252203],[103.09959997705738,22.10322251011081],[103.14009239284974,22.069422133124988],[103.16962759743575,22.081464444728397],[103.28119196683588,22.039605304041572],[103.28879230831842,22.051289055945233],[103.27122790664265,22.076290496609204],[103.2861624946035,22.110681892755224],[103.30524494289983,22.11525215296456],[103.33078621331316,22.154743241107724],[103.38667038562983,22.157275323697263],[103.42204171365421,22.06841017099265],[103.46680846593802,22.03132640968613],[103.45220222855005,22.009821007933226]]]}},{"type":"Feature","properties":{"Name":"Dong Nai"},"geometry":{"type":"Polygon","coordinates":[[[107.54215712315278,11.367187572148794],[107.51659426361442,11.312859809732458],[107.5213443639513,11.25331919542458],[107.49532546180069,11.24335266389437],[107.49772214156366,11.221278575845645],[107.48650927738129,11.225095734780382],[107.45572308165498,11.152269688595311],[107.43251653670887,11.137443696469461],[107.45226875330036,11.113357737769434],[107.44321632057677,11.088484776051644],[107.42129625491827,11.078826283905926],[107.41497187425267,11.051391796694134],[107.39278426208409,11.050712916467944],[107.46968529923726,11.008905761092024],[107.50240326300025,11.015222905812493],[107.54069956313441,10.978585460050965],[107.57450350683143,10.834304984887183],[107.55867941472326,10.801585196399742],[107.49012461316045,10.769425292543247],[107.44199784532435,10.804649446514816],[107.35909949114864,10.728791273098807],[107.35025245278854,10.679020238793044],[107.31831709795574,10.669664013283636],[107.29742764367086,10.687842854264375],[107.29857695925932,10.755708285009405],[107.20507040907216,10.760368489114512],[107.20477771212177,10.776482834715125],[107.13483453088895,10.746999806096198],[107.13123600433818,10.686312959975169],[107.0938599570714,10.653474906142037],[107.04412249265897,10.658700818887723],[106.99545968481664,10.63192197072243],[107.0242094799836,10.592643483210225],[107.00924781343588,10.555229311883295],[107.02538070305707,10.540060040438561],[107.0114540095949,10.52501654008131],[106.9848770772154,10.532886617923111],[106.98206191502544,10.580033727274724],[106.91045673718872,10.60882400992017],[106.88007923297027,10.648974794850972],[106.8270549928937,10.627994205967866],[106.75942626461051,10.689832741887585],[106.74994822233265,10.718740933747142],[106.76823972678204,10.74548998377577],[106.81719416767675,10.781602228160352],[106.82333029415781,10.7608895302277],[106.84388728796802,10.77614903155262],[106.87095579607319,10.767379497665729],[106.8628280552706,10.789713827031562],[106.88056236586056,10.809758613769077],[106.83708424494199,10.902995610159337],[106.81541714058864,10.905173830208128],[106.7609714446765,10.953672242879748],[106.76118619918378,10.965820427171025],[106.79436341703814,10.973079513708626],[106.77373491003812,11.008941490257598],[106.80903014732348,11.028591340617936],[106.800689797796,11.061049098137403],[106.82624659770238,11.065083004477117],[106.87090121891617,11.021431909754881],[106.90574362237032,11.0227274910809],[106.92172085373448,11.05817975269349],[106.94731291785695,11.06068827214608],[106.94549549681977,11.089092844559161],[106.96387409341474,11.110429599146755],[106.95213382271783,11.13941457602192],[106.96475868366639,11.147505035429106],[106.93202557891738,11.189004423915094],[106.90387230136565,11.194663478936434],[106.9091835453844,11.241826535965913],[106.92981770102614,11.245219966728143],[106.9372283503082,11.309614029663805],[106.98227123672825,11.313921541246202],[106.97655234801249,11.333620357893267],[107.00974151965545,11.339956330820087],[107.03920215155813,11.377660980469898],[107.05761035563347,11.377744240604272],[107.07418760837152,11.418724441479867],[107.06710370527185,11.44850525091664],[107.09587318839698,11.482497511750807],[107.14644066860205,11.506907067207408],[107.34435417990153,11.544055478977214],[107.36011910920956,11.582936034470436],[107.3592006307046,11.556244830634455],[107.37727562517,11.542884607538667],[107.36547202511395,11.518562691914724],[107.40756636369679,11.52966239260536],[107.46900035668119,11.480816685141974],[107.42903598322408,11.4263381540826],[107.4505413112326,11.420820584902117],[107.47302573385059,11.437061778977977],[107.48705380518902,11.399567570686884],[107.53358198222276,11.356058594928243],[107.54215712315278,11.367187572148794]]]}},{"type":"Feature","properties":{"Name":"Dong Thap"},"geometry":{"type":"Polygon","coordinates":[[[105.49763023214956,10.95393547893923],[105.51408688130459,10.923734016112007],[105.58144194588914,10.893149946612823],[105.61067840918128,10.833056313997758],[105.59393264687424,10.831725452267847],[105.77716819895329,10.661236318901047],[105.83255684662123,10.639377227277294],[105.90827359265222,10.539464897886774],[105.94102262979061,10.537294438987203],[105.94006767478345,10.495707251488511],[105.8579379675632,10.40915411906741],[105.8428215276914,10.367037125662875],[105.81402711625844,10.371632128020337],[105.82004801980031,10.311384191527281],[105.89217103986164,10.276922649160952],[105.87520414235735,10.265432577051854],[105.91787734576297,10.211943824547916],[105.91157692213733,10.193498655638507],[105.87449176058635,10.190391519553032],[105.86880257198118,10.155336689037028],[105.79955032818515,10.156479625734164],[105.77308929503499,10.190582014848133],[105.7629459711797,10.179523707253338],[105.7259899513752,10.206036678949602],[105.68084312041373,10.135048279554496],[105.66012520191657,10.14855903926832],[105.59810952383549,10.239508555175746],[105.48583479703831,10.33554503407612],[105.51910577281325,10.364345198472165],[105.5222364801295,10.40097643081765],[105.54947769943635,10.416885503463277],[105.55204544464164,10.435671544206457],[105.57208441186617,10.430849497206566],[105.55233871266154,10.515849634453104],[105.51197945228995,10.547714181164565],[105.47828097388788,10.53585795368167],[105.36863023319876,10.575542896987145],[105.34091219873903,10.639764221741473],[105.34754429863051,10.722543838427441],[105.2763355932131,10.724771926783035],[105.30064429689685,10.760657812707962],[105.26030027373872,10.772066580708156],[105.25714550685973,10.802097796476176],[105.22955048616609,10.8088461868021],[105.18878089122524,10.859323835526652],[105.18712386607365,10.913173942823278],[105.26132864759904,10.899118906212607],[105.33608302281328,10.858311138648162],[105.4038292987832,10.930727060705351],[105.42417860405936,10.974106511606294],[105.44962844040026,10.955906314424908],[105.47142999879549,10.96556734805472],[105.49763023214956,10.95393547893923]]]}},{"type":"Feature","properties":{"Name":"Gia Lai"},"geometry":{"type":"Polygon","coordinates":[[[108.5455370701797,14.589654467779496],[108.59441711375888,14.56416056196042],[108.60509610979767,14.53533845050913],[108.62615821143237,14.545373495090757],[108.6324890654181,14.528077856707796],[108.63760840040743,14.452421778941982],[108.6001464373083,14.458629657832489],[108.67536061609962,14.223261269192278],[108.66466033310797,14.167332196423786],[108.72073430374519,14.067171754872618],[108.75514374658667,14.037447084715211],[108.76211840274215,13.994267646634626],[108.7432135336777,13.910874894660708],[108.79047726441428,13.852014532944395],[108.79881870481944,13.808545575218147],[108.82586970402366,13.793186114247817],[108.83348357041052,13.740672205258136],[108.83077494011144,13.70687068793194],[108.81532788787177,13.699872242909748],[108.81890716803144,13.66058282323877],[108.85021262331395,13.578723954047291],[108.84000163266927,13.565445969455993],[108.7863578730175,13.578742509759081],[108.7469730307808,13.566590668824347],[108.70187803944003,13.48820126267816],[108.71264849113504,13.465058460779403],[108.73887841290849,13.459277405527871],[108.79191660236938,13.475294422000047],[108.80830770623572,13.359657640887463],[108.87092527088458,13.277463142909767],[108.83780990390403,13.163178986221283],[108.76012849713248,13.135235534892047],[108.75392127384777,13.033540988425898],[108.6919095743674,13.017471365211406],[108.67843282431545,12.997335878248236],[108.59034038260262,13.030688072696421],[108.56516693220823,13.021198567659837],[108.51118613633116,13.035673101132772],[108.51360649614293,13.072080252102012],[108.4831957952498,13.11334531323564],[108.45991705362917,13.119997333110462],[108.46232924220084,13.156407524687552],[108.42350444827173,13.19677449944362],[108.41894294566049,13.241047479857343],[108.37353458195543,13.268794192797827],[108.3440499102752,13.340318440643557],[108.26270648931308,13.373214087060546],[108.1764466959583,13.38453818299081],[108.14235811503505,13.408677337489166],[108.05278881115476,13.41468530518273],[108.00894931565847,13.382901871024558],[107.98219026337,13.394639005785564],[107.94105827132222,13.374481911710916],[107.83446513655684,13.399945933058405],[107.76315215025159,13.365854710826284],[107.69608726361639,13.374183629071297],[107.60542687614947,13.3052745566755],[107.62993605670374,13.36170422267179],[107.61599748139872,13.529135937173805],[107.53186103595812,13.74382965751272],[107.4488595196512,13.794418696265893],[107.47034217215361,13.851450689497767],[107.45247829084053,13.87079508422579],[107.46918629331287,13.892778681590926],[107.47095432178457,13.9180413231486],[107.4578354767259,13.924641428759003],[107.46745492390568,13.953496761166662],[107.52466886887328,13.985452634931221],[107.51974579743069,14.014875089713655],[107.58979009034044,14.023480469448145],[107.61218752243627,14.064421044395715],[107.63130796798839,14.055191010856504],[107.64936243722678,14.070516182475899],[107.65657229937216,14.166964695664205],[107.68629213567357,14.222247203545635],[107.75767144518113,14.203304377694906],[107.78147510309361,14.226680499705367],[107.81454744021227,14.214863699400269],[107.83659132542937,14.237201454283763],[107.83609595276607,14.270453069453652],[107.88083392314712,14.283009377780616],[107.9586268890198,14.229744371205811],[108.01156169331756,14.24159115670659],[108.03592839877666,14.276662532050238],[108.05794747889308,14.266636453709395],[108.08564229555554,14.320132499715157],[108.07629990611582,14.334008209711158],[108.10546378872294,14.340186692461941],[108.11330304320097,14.364233892180437],[108.15099926260592,14.35017487427109],[108.21994948168327,14.392126606457794],[108.29444318660381,14.392025218688957],[108.2961626759668,14.420068161116774],[108.38000776894341,14.513187522586122],[108.35559224468642,14.572954259731375],[108.37289372416609,14.60094281655779],[108.39973462375394,14.599623033576165],[108.43485691871189,14.558709712583209],[108.49352510969612,14.544817362431388],[108.52587025141105,14.556482101767642],[108.5455370701797,14.589654467779496]]]}},{"type":"Feature","properties":{"Name":"Ha Giang"},"geometry":{"type":"Polygon","coordinates":[[[105.56142269719976,23.120299087832677],[105.53000618193983,23.11249047055884],[105.48914054300172,23.008409836544786],[105.37346402174728,22.990665081228542],[105.35930211420128,22.940243517824115],[105.30601033390985,22.91324035715678],[105.3019537952315,22.877341310553106],[105.26625103735557,22.881452751043696],[105.26548338415091,22.866434374147104],[105.32213374018005,22.84518974700927],[105.34659477193122,22.814532374669398],[105.38298382134633,22.812234898222016],[105.46773588060648,22.75496955250287],[105.4758424189925,22.718448635496202],[105.50243963378216,22.698416841264248],[105.48628360100741,22.675247753081408],[105.49637952879226,22.635550695907966],[105.48528417722304,22.619853088948958],[105.44048332804323,22.60573386592523],[105.3363668704348,22.640401905223825],[105.31434925981057,22.605279903444853],[105.2857348791614,22.617532802996493],[105.27459148580846,22.646267442788314],[105.14649051842275,22.69649393784499],[105.12885516383483,22.670293012912282],[105.15770845028482,22.623696698743686],[105.13932346760402,22.624981226502427],[105.11383684989079,22.57724739405205],[105.12542727195108,22.539228015860317],[105.1061957736161,22.494224554819425],[105.11599081702263,22.457660902928353],[105.08624668193886,22.439924462743818],[105.0980527866069,22.41374148558117],[105.0706853978129,22.385702680934003],[105.08332570371829,22.357072749208044],[105.03917999266258,22.35323923790054],[105.05863605800772,22.331915843641298],[105.0445922692179,22.289009540457982],[105.01104319788533,22.267603448140676],[104.98261306584038,22.324418320748975],[104.95005155173777,22.321388467004226],[104.89741969396374,22.350893845574547],[104.88975628302609,22.32427961471251],[104.91990700790217,22.291382108497544],[104.89021495975265,22.274102763132078],[104.91627056323597,22.24127074374985],[104.89470049303338,22.186815824390806],[104.86369702739597,22.2035210425621],[104.83815232157247,22.181186307602047],[104.81572296804057,22.18684156298781],[104.77614618260031,22.166739457060373],[104.72229925080984,22.201007922177894],[104.71482982993274,22.262024614444442],[104.6079994477164,22.29096790864213],[104.58500687576674,22.25175782086677],[104.54965167258666,22.24388771604532],[104.54141965269486,22.278224545826163],[104.57631026160936,22.302594515824296],[104.56368324138856,22.332670792123395],[104.57887848705258,22.349134454191756],[104.46510887477478,22.425602260036328],[104.44685007417166,22.46069181607453],[104.47240793437874,22.484671304936796],[104.41263702617789,22.52899943807364],[104.42294840634395,22.574392900012356],[104.4642893675603,22.57564799206125],[104.4579993400975,22.61313625853154],[104.41063077179274,22.638611586155832],[104.396628728633,22.681389520110315],[104.35771358521384,22.674391565218627],[104.33228507089939,22.692545065102706],[104.33937797891065,22.71147020218814],[104.35270245575379,22.692806385606275],[104.39792624709867,22.703010011702702],[104.4076282079755,22.726718913447144],[104.4680935753583,22.75811248969967],[104.54515011068912,22.841472596283324],[104.5735021896744,22.85325228696354],[104.59121118884536,22.851559680135153],[104.59794428889785,22.817252116092334],[104.6213084346366,22.828974797848673],[104.62316787020109,22.848103032429037],[104.67059881368436,22.819055163265205],[104.72927420284225,22.82403358258381],[104.72257607562545,22.85111905370144],[104.75618600857752,22.860297163982978],[104.77212192508682,22.90266822126148],[104.85910675007653,22.943209865942606],[104.8593765296032,22.979466456012176],[104.83697310892188,22.985074452024378],[104.80003450179089,23.12543490020056],[104.82559897111571,23.109252277170924],[104.8667608287493,23.125845784255603],[104.88117962224186,23.168373735459568],[104.90953850459834,23.18252444464747],[104.94889144518413,23.1511029255596],[104.95658259481098,23.20141459181002],[105.02311937615832,23.22034469675043],[105.08020893589372,23.269633446226635],[105.10898014122063,23.247124873214375],[105.1719954436349,23.289995554251504],[105.22854873763418,23.263844244016695],[105.25626149577147,23.3175508087229],[105.25143585867801,23.339490826740303],[105.28093585210797,23.342874604179713],[105.32188750940111,23.39390213527537],[105.36852567621906,23.321147761460054],[105.40939800161652,23.28853136802826],[105.4393467297678,23.30190885091281],[105.4889785589134,23.238679840802035],[105.49878725043135,23.202744601881932],[105.55141927727789,23.188419193091363],[105.57030463105394,23.15896754181864],[105.56142269719976,23.120299087832677]]]}},{"type":"Feature","properties":{"Name":"Ha Nam"},"geometry":{"type":"Polygon","coordinates":[[[106.1185573884128,20.618132503712104],[106.13137902012573,20.57530351974168],[106.17066198626173,20.54554395588889],[106.18363298007802,20.483660998856067],[106.1452435191731,20.469703194247074],[106.1276369087164,20.50046674324568],[106.09824665955574,20.488069733631335],[106.09715931085356,20.456217442880757],[106.04314131182213,20.471269786271648],[106.0184734917583,20.41899232703429],[106.02669323230691,20.403050788862856],[105.9949659437234,20.397249581602978],[105.99248699757692,20.429543856763644],[105.9762472388191,20.44215367745028],[105.97218932867463,20.424312431173803],[105.92379047365148,20.398590964501466],[105.93332932718675,20.368352498169315],[105.922640738979,20.364324942841904],[105.8667419265987,20.411500804418665],[105.84997857625035,20.477834966710418],[105.8048436568094,20.500040963719528],[105.76797789296546,20.565141829931576],[105.7940863073373,20.56990946524968],[105.81149104517567,20.635376993153784],[105.8320341741379,20.64865168802504],[105.8245820733041,20.666401971473874],[105.87616064959434,20.644197770410813],[105.89488593843538,20.653148526683196],[105.8940835453194,20.669410038242745],[105.94153928221215,20.68253713548046],[105.94180161984895,20.65763661493787],[105.95638109161416,20.651466845718403],[105.99598857900975,20.678731482472017],[106.0012623563727,20.705280123079262],[106.03175444141442,20.68562243242934],[106.03211556508131,20.640190363494526],[106.05453355118249,20.610173333632474],[106.1185573884128,20.618132503712104]]]}},{"type":"Feature","properties":{"Name":"Ha Noi city"},"geometry":{"type":"Polygon","coordinates":[[[105.8950247523905,21.327552114738353],[105.8971480976067,21.306654779694384],[105.92923361763741,21.29507297673655],[105.92065254927581,21.2730322697235],[105.93650940458542,21.24745956800473],[105.9033111461925,21.22702070014526],[105.92458957434945,21.144008680656157],[105.91102061231146,21.12554333006068],[105.93992566014117,21.085055579051755],[106.00097676856308,21.07306751095689],[106.01805086615462,21.048380966108766],[105.99900933791065,21.001745331781706],[105.96047301411835,20.9920755855199],[105.96223765844127,20.96507241226209],[105.91009466044028,20.974605425599975],[105.91095375221397,20.918891868165247],[105.89372878885257,20.90012701814743],[105.93438769703465,20.86438567395976],[105.90938156370828,20.833921614490976],[105.91950612590705,20.79512267697004],[105.96597614738135,20.773329257439343],[105.97322398969544,20.700777770677632],[106.0012623563727,20.705280123079262],[105.99598857900975,20.678731482472017],[105.95638109161416,20.651466845718403],[105.94180161984895,20.65763661493787],[105.94153928221215,20.68253713548046],[105.8940835453194,20.669410038242745],[105.89488593843538,20.653148526683196],[105.87616064959434,20.644197770410813],[105.8245820733041,20.666401971473874],[105.8320341741379,20.64865168802504],[105.81149104517567,20.635376993153784],[105.7940863073373,20.56990946524968],[105.76797789296546,20.565141829931576],[105.74127428298186,20.60009309542005],[105.7061505940747,20.60037692055846],[105.69788933182724,20.622669511488823],[105.66477475804868,20.620591412064073],[105.68315868222749,20.63556720696107],[105.66774559828082,20.67990407791092],[105.68213070406881,20.69533177044491],[105.64189714283896,20.746189212762033],[105.64683639488379,20.793713004951258],[105.627668778991,20.79548637000005],[105.6346840503287,20.84007925994996],[105.59854536137937,20.841821056096933],[105.58122466608552,20.813316499756695],[105.56112631033102,20.81065154593216],[105.58330468916012,20.85913469261203],[105.54115557916668,20.882341488468967],[105.5780405840058,20.92923976890029],[105.5137375810246,20.94050837216372],[105.5011327488773,20.93037807318956],[105.47924001631378,20.95113836954016],[105.45919961197256,20.948500069822387],[105.41615132112662,20.99764520656106],[105.39117540232303,21.00400208063155],[105.38537026592508,21.02514627597992],[105.35415674293938,21.008944074709348],[105.32511119132846,21.0098681128232],[105.32484319156009,21.022202016110214],[105.31504305978945,21.01252494756835],[105.29203326672194,21.053348035983106],[105.3179311947689,21.114707904146485],[105.28501903589984,21.16803305018516],[105.33965143376673,21.209776090194453],[105.36083811488714,21.29242573865696],[105.42320319217362,21.289907547895098],[105.46689485981,21.178246576018694],[105.55684129708823,21.15326155247874],[105.62544112770593,21.1738370354509],[105.61479423206822,21.20512411308738],[105.65629932315528,21.221587100664237],[105.64416247481842,21.23706536657346],[105.68639660941608,21.235315800284013],[105.69618963294528,21.213718043552944],[105.69627906242886,21.225866881651314],[105.73549628542531,21.2373645512331],[105.72155815798266,21.267554994667307],[105.78832818479793,21.346237616672738],[105.798327181854,21.38597431955924],[105.85462507468753,21.377445094415634],[105.86311577287466,21.33097892473762],[105.8950247523905,21.327552114738353]]]}},{"type":"Feature","properties":{"Name":"Ha Tinh"},"geometry":{"type":"MultiPolygon","coordinates":[[[[106.462411402864,18.102930515431012],[106.45229349205107,18.10379304441352],[106.46173520171823,18.108642196080552],[106.462411402864,18.102930515431012]]],[[[105.74035208218288,18.743949849106286],[105.77598926599188,18.757714522507285],[105.81826584679146,18.61172493166032],[105.91036442287987,18.45668973394413],[105.92515233411297,18.45055560395798],[105.94073940360067,18.472178367237916],[105.98834768259951,18.386056737628394],[106.1135347620197,18.268041551876195],[106.08116017470235,18.249604020908862],[106.10445959803207,18.2418468214737],[106.12248476735817,18.26648908190566],[106.15743318379447,18.268235881880514],[106.24768052613541,18.215743367762286],[106.35412309280656,18.113723798214778],[106.30510455722958,18.114357260878933],[106.34145019726884,18.100315725790153],[106.31728473490267,18.08692045341627],[106.33466736380785,18.07646643267975],[106.32640950279637,18.054914661882208],[106.36104270865417,18.108431154873927],[106.40280083928735,18.09923387014703],[106.41055502239641,18.123653045651565],[106.43287844658312,18.124100444879673],[106.42026454657162,18.09165199714198],[106.43985908682748,18.045123655532336],[106.49030361891693,17.96644325755034],[106.50845944085057,17.96102258762238],[106.44826328282431,17.95109660562389],[106.43548598319165,17.972672400011277],[106.3439035496092,17.990501752753744],[106.28387591194382,17.942461032950348],[106.27797383222662,17.916493009045155],[106.22288596911227,17.930903784182362],[106.19699609089696,17.917502914427985],[106.12996917363853,17.922174396031608],[106.04391420537632,17.94730864767598],[106.07581419077235,17.990057182792782],[106.05655318388239,18.016425380726787],[106.01857933566788,18.02651065514266],[105.98359688438876,18.065156420132723],[105.95072366616432,18.058707964501025],[105.93052957218208,18.090142637073086],[105.81802638880686,18.06162086860826],[105.82749241973943,18.033511230658803],[105.776772204074,18.018157363471573],[105.73055727529805,18.036155021637],[105.70381973659164,17.993308546752075],[105.63142266702255,17.992541766789145],[105.61096932367542,18.013116582464363],[105.59554946333714,18.003553130672515],[105.57988860897217,18.013890349260237],[105.56825103455765,18.08666659548703],[105.5387329665532,18.08297937419883],[105.53541515978185,18.114921070151297],[105.50335259404704,18.12741333505744],[105.51054279341525,18.150529312877552],[105.50000578234102,18.188982765941944],[105.48537176399577,18.181322622241282],[105.48965192000014,18.20339837583441],[105.44028787208771,18.205170203042485],[105.43742887424321,18.18210393165117],[105.41708095122499,18.18253373654278],[105.40831380503812,18.155594692141392],[105.38028775637491,18.171135620112807],[105.3632007157405,18.163772894803287],[105.31827853092955,18.200791054163858],[105.32747227322687,18.264745532080667],[105.30814533613841,18.26685481010145],[105.29825045899156,18.237662854257394],[105.29671637835821,18.25645071253041],[105.25441624971023,18.26095756963616],[105.24105065496383,18.297541439186148],[105.18283383191584,18.328028651700947],[105.18114540693506,18.389435693802284],[105.1502495235967,18.389140680198295],[105.13897279585791,18.42033986079599],[105.10529699206262,18.440145687773338],[105.11380499860184,18.53752548940986],[105.13837006033009,18.56359237308959],[105.1325398310484,18.59205789795368],[105.15705692833461,18.61424336523919],[105.22668078099332,18.589437094546327],[105.25517453107983,18.61615099906942],[105.293063977021,18.62308168017546],[105.37734130755535,18.579972529508666],[105.43302012417945,18.588673858811603],[105.47645491036587,18.615665893066534],[105.50233988817536,18.61122098216265],[105.54144013365533,18.554612244059854],[105.5997078313514,18.57753099246139],[105.63519198382306,18.5677713310821],[105.68007121611379,18.58316199762811],[105.71519141475204,18.66870340174063],[105.76591469710564,18.67559207101732],[105.74035208218288,18.743949849106286]]]]}},{"type":"Feature","properties":{"Name":"Hai Duong"},"geometry":{"type":"Polygon","coordinates":[[[106.49952394517402,21.225476055175875],[106.48360519492388,21.130685034786552],[106.43928589492816,21.117647246523234],[106.43885343074129,21.079413024791336],[106.51520079488085,21.061010003508898],[106.5136465667357,21.04739978147478],[106.5731728728299,21.05844188328632],[106.59800840476413,21.03997493639423],[106.60985597807098,21.022247933695212],[106.56306415578621,21.02025998680898],[106.55315384987034,21.000285289634462],[106.59294940708952,20.946808908204616],[106.57383672988124,20.93174738453422],[106.56973229690806,20.95307204503888],[106.55796093844663,20.933253159006142],[106.54199270839683,20.9459874332735],[106.52564321796018,20.908955279562576],[106.55003822958071,20.875781703962502],[106.52864141287097,20.853757366409354],[106.47916506841324,20.869021771737437],[106.49480256918326,20.841278086814327],[106.48631604564906,20.822675151636986],[106.51402872014938,20.816641764605777],[106.48337492801056,20.80107031094616],[106.4961600832213,20.76105686598163],[106.47089499370907,20.754501913532522],[106.45980047131474,20.72444388717571],[106.41203732905956,20.73602833414037],[106.35473273692634,20.70171892918529],[106.3331961430876,20.712145422573258],[106.30079982725027,20.69047649709273],[106.26154798035509,20.70480912024476],[106.24702089140106,20.696502008760774],[106.26765557314627,20.6855486979141],[106.24709598569126,20.687524547120177],[106.22333759785192,20.71001167220095],[106.21287504974379,20.75128260500827],[106.12964081677035,20.807568951446],[106.13886351543897,20.81837918285305],[106.12543022332619,20.84963749567396],[106.14515692615129,20.884955297848762],[106.13487819137549,20.904220341795394],[106.15329101167089,20.918505835975623],[106.15593723261725,20.94996910249216],[106.13347524268835,20.960901683965574],[106.12945721298007,21.000026795700137],[106.16549626693921,20.988616857681905],[106.16594197184457,20.96930609759835],[106.22939979556418,20.995915408269525],[106.27119910705323,20.991851607565707],[106.3096204354348,21.059728280735612],[106.29369585038324,21.110536481573433],[106.32110058622311,21.149021592572467],[106.31129572491784,21.194510736980988],[106.34515547694377,21.167078739991894],[106.42306267020615,21.232128306176435],[106.48731183707167,21.23818324006453],[106.49952394517402,21.225476055175875]]]}},{"type":"Feature","properties":{"Name":"Hai Phong city"},"geometry":{"type":"MultiPolygon","coordinates":[[[[106.8148674884439,20.666478071206086],[106.81380746294411,20.670110771994587],[106.8168346169241,20.668121252194112],[106.8148674884439,20.666478071206086]]],[[[107.04150405626723,20.70422703764774],[107.03371850570454,20.708355974448693],[107.03424369539027,20.71120122255843],[107.04150405626723,20.70422703764774]]],[[[107.02033462414363,20.710126405908966],[107.01917030336688,20.71703367316553],[107.02349222208846,20.711203862068658],[107.02033462414363,20.710126405908966]]],[[[107.00978231919873,20.719331308792903],[107.0121357964299,20.723063895482426],[107.01333888698014,20.71971945169139],[107.00978231919873,20.719331308792903]]],[[[107.0549495620727,20.756167039777097],[107.05406049229794,20.761544097082492],[107.0620595922764,20.758227891104355],[107.0549495620727,20.756167039777097]]],[[[106.83932794103174,20.769804181218035],[106.83604021028754,20.775982462520687],[106.83759451397572,20.77656550559368],[106.83932794103174,20.769804181218035]]],[[[106.95002224333194,20.88006227185639],[106.95316805835927,20.855841296138976],[106.9736975167271,20.85123505765182],[106.98037975292334,20.85845015565019],[106.97787412029447,20.846818349487307],[106.99403569379228,20.862230060169168],[107.01342263274836,20.840576004978686],[107.00712829573433,20.86088008424855],[107.03348561007289,20.86256459088321],[107.04408893265816,20.81742256050279],[107.0577649284088,20.834663841163376],[107.06376520779816,20.81399966165509],[107.074869754036,20.82538755369268],[107.10646751596317,20.801914428108432],[107.10685485306908,20.78800777064214],[107.10088146340888,20.796511232007788],[107.076548763115,20.80818695926081],[107.10036311306726,20.780215002120713],[107.0822430472789,20.779023658515086],[107.05140702911115,20.81919647144008],[107.07128926968409,20.779637739889836],[107.04465923593506,20.77576774578489],[107.04709020325032,20.764001472989662],[107.0329582512224,20.78566598279889],[107.03269141517671,20.774192777474752],[107.07076943366252,20.741512742619022],[107.05455148706153,20.74926151001074],[107.04787515131721,20.71364649269151],[107.01224067896425,20.732730073234336],[107.03841525466032,20.740155798751175],[106.99923637515866,20.752096732478265],[106.99755147372161,20.728698127416692],[106.95435195827633,20.7894446435555],[106.91560935069106,20.799091444514602],[106.94978938996843,20.796433735628455],[106.93260673970934,20.81611932144955],[106.94657348987471,20.821389245217517],[106.93669380407584,20.82795881794516],[106.94501884804146,20.835712421890833],[106.94848303296567,20.84472410183588],[106.95002224333194,20.88006227185639]]],[[[106.56273177804917,21.02000435361805],[106.74029569898738,21.0001520244964],[106.76536889116147,20.97828140806058],[106.76658509832367,20.91084375783322],[106.75213499313548,20.881563029909955],[106.72138539082317,20.868309982619678],[106.75159223969018,20.852286072844038],[106.76109541711986,20.811785217813622],[106.73145822671586,20.781973016641473],[106.79900992896512,20.723286912960702],[106.79023335518525,20.70274335682052],[106.80620287666147,20.67689072852437],[106.76494732405979,20.7142959219193],[106.69061629570552,20.689004896858535],[106.70212362760338,20.670732686464362],[106.66539461466976,20.63620498906903],[106.61835907790919,20.626024971974914],[106.59724224443409,20.64032075889594],[106.56669470000048,20.621273289730595],[106.54579376317167,20.628676939589127],[106.52907284103884,20.60470284486047],[106.49093946568388,20.617365422476325],[106.4701373499588,20.599381878271117],[106.44081236459903,20.658417724698268],[106.39922709265625,20.689990535834625],[106.41441072087815,20.71511362599307],[106.40507668973748,20.73310313809941],[106.45778997482756,20.7237052065301],[106.47089499370907,20.754501913532522],[106.4961600832213,20.76105686598163],[106.48337492801056,20.80107031094616],[106.50658530226997,20.80214335143455],[106.51386628909802,20.82130690598899],[106.48631604564906,20.822675151636986],[106.49480256918326,20.841278086814327],[106.47916506841324,20.869021771737437],[106.52864141287097,20.853757366409354],[106.55003822958071,20.875781703962502],[106.52564321796018,20.908955279562576],[106.54199270839683,20.9459874332735],[106.55796093844663,20.933253159006142],[106.56973229690806,20.95307204503888],[106.57383672988124,20.93174738453422],[106.59294940708952,20.946808908204616],[106.58351097185391,20.97446251972957],[106.55433085558457,20.993655496504005],[106.56273177804917,21.02000435361805]]],[[[106.8692562851495,20.832561211830523],[106.90149689326705,20.801622836424826],[106.84713327488078,20.793377032623994],[106.84783611304624,20.824091121608035],[106.8692562851495,20.832561211830523]]],[[[106.93769462810468,20.82268416554183],[106.93905416112068,20.824891699892078],[106.94016188036653,20.822337099177844],[106.93769462810468,20.82268416554183]]],[[[106.93458730855752,20.827531884588836],[106.93376729682336,20.831548264940523],[106.93683603275679,20.83114931219103],[106.93458730855752,20.827531884588836]]],[[[106.93876191203265,20.847263004883814],[106.92934087328274,20.835294561794626],[106.9250095197736,20.84194684966741],[106.93876191203265,20.847263004883814]]],[[[107.04767776271865,20.839748929969176],[107.04934680371207,20.84435226904202],[107.05080787918035,20.84020434575399],[107.04767776271865,20.839748929969176]]],[[[106.9550113241134,20.85927395802679],[106.9586791686088,20.863301484575913],[106.95725291219219,20.859419461139282],[106.9550113241134,20.85927395802679]]],[[[106.98141812364753,20.86437178393072],[106.98514865808414,20.867268878855725],[106.98569850987838,20.865784986687856],[106.98141812364753,20.86437178393072]]],[[[106.99598570817398,20.865002749177563],[106.9923084891455,20.8686564302501],[106.99466354918349,20.86966818194111],[106.99598570817398,20.865002749177563]]],[[[106.9567851127428,20.879114894536826],[106.97518224076788,20.86598833059702],[106.96271702477094,20.859966464780598],[106.96133373886101,20.872887912247393],[106.9567851127428,20.879114894536826]]],[[[106.95669205539411,20.866162007670596],[106.95697924489627,20.87354086951558],[106.96044705139036,20.86883280169252],[106.95669205539411,20.866162007670596]]],[[[106.9417932037934,20.868595461611335],[106.94106348669061,20.87392467948041],[106.942674264206,20.868856537499255],[106.9417932037934,20.868595461611335]]],[[[106.94310304387045,20.87224959504283],[106.94615813079315,20.87297807018183],[106.94369104670449,20.871263975851832],[106.94310304387045,20.87224959504283]]],[[[107.71814823685173,20.135142514815243],[107.73171031727736,20.144848285220235],[107.73702291927236,20.144668384838155],[107.72799526107252,20.1280745620914],[107.71814823685173,20.135142514815243]]],[[[107.14885406676183,20.613936365071254],[107.14694693115598,20.618090131254576],[107.1498986077346,20.61506323987669],[107.14885406676183,20.613936365071254]]],[[[107.20473483604388,20.614058098202747],[107.20219790071263,20.619128805050366],[107.20740364616142,20.61461589370856],[107.20473483604388,20.614058098202747]]],[[[107.1393958338507,20.616937939634283],[107.13895568315831,20.62155968153411],[107.14120297024095,20.61965301717305],[107.1393958338507,20.616937939634283]]],[[[107.15469258959138,20.62280945769038],[107.15641120481331,20.629883252410195],[107.15924259526963,20.6222984557092],[107.15469258959138,20.62280945769038]]],[[[107.07241311017697,20.702916256879803],[107.07272130874145,20.7054853735512],[107.07508511198841,20.705148157461565],[107.07241311017697,20.702916256879803]]],[[[107.06217066304572,20.71264161901553],[107.0650622307374,20.71691827126125],[107.06605476301695,20.71235349871506],[107.06217066304572,20.71264161901553]]],[[[107.06029566831052,20.721263897011283],[107.0648202717382,20.72239997098194],[107.06278658263471,20.719142322560174],[107.06029566831052,20.721263897011283]]],[[[107.07546925829968,20.728536708102638],[107.0789021117431,20.732510743875764],[107.07958326005945,20.725304919686323],[107.07546925829968,20.728536708102638]]],[[[107.06555049605862,20.727581155046323],[107.06130786606525,20.735076375674225],[107.06842299812291,20.735918760742265],[107.06555049605862,20.727581155046323]]],[[[107.0819948271996,20.732370263476923],[107.08190532936754,20.738013122607583],[107.08369196301373,20.733030747171313],[107.0819948271996,20.732370263476923]]],[[[107.08454933078707,20.74735744379103],[107.06919347699744,20.75531383946219],[107.0694943640737,20.76008682574644],[107.08454933078707,20.74735744379103]]],[[[107.08413459493568,20.757628018118567],[107.07945283587975,20.766745809971212],[107.08704297635234,20.75855380541384],[107.08413459493568,20.757628018118567]]],[[[107.06679596626088,20.760380005632783],[107.06138061132623,20.764824152112965],[107.06851668409774,20.76150405656699],[107.06679596626088,20.760380005632783]]],[[[107.07136743066246,20.767010483147317],[107.07880166826243,20.769072119582688],[107.07180861017929,20.76498184643509],[107.07136743066246,20.767010483147317]]],[[[107.07933868403308,20.77718416271898],[107.08684176833299,20.764626380403172],[107.0775093991395,20.776161301702757],[107.07933868403308,20.77718416271898]]],[[[107.0963150172243,20.769030925237075],[107.0998479993857,20.774933729807856],[107.09804536140439,20.76812428001159],[107.0963150172243,20.769030925237075]]],[[[107.07222076767437,20.771812354756435],[107.07179705389098,20.777706663431843],[107.07608687221142,20.77429150325031],[107.07222076767437,20.771812354756435]]],[[[107.1006451485548,20.789251589689172],[107.09976280391032,20.793410330922086],[107.1027918185876,20.791696822950087],[107.1006451485548,20.789251589689172]]],[[[107.06564891606467,20.8238984067861],[107.07012918741214,20.829316796932687],[107.07298049515379,20.82761307178589],[107.06564891606467,20.8238984067861]]]]}},{"type":"Feature","properties":{"Name":"Hau Giang"},"geometry":{"type":"Polygon","coordinates":[[[105.84290347931216,9.983684873458174],[105.89537092123106,9.939078379463695],[105.8733034072265,9.916978166109516],[105.84123306685262,9.749818794202042],[105.6676750311778,9.634000705268363],[105.60487881440582,9.620781796242966],[105.59337525066735,9.60389778475502],[105.57429996726972,9.616145161569989],[105.54381931261128,9.586281326721917],[105.53352658438445,9.598501873162945],[105.50827969265373,9.585201435198144],[105.47422392889126,9.58545239191443],[105.4690621423041,9.597985538202067],[105.44780576462438,9.587989724746024],[105.4143354999834,9.603318579089205],[105.37552642620369,9.588067377607445],[105.3734797203129,9.61140290961663],[105.39752428591714,9.6230870913962],[105.40482854360249,9.653162483661731],[105.33746737981579,9.67709444605191],[105.32685432566666,9.702254101745439],[105.41361840216757,9.75587703309867],[105.40312033893258,9.770281124474366],[105.43243497399493,9.792174571099622],[105.42893364437225,9.817240380739008],[105.51868210489528,9.85999788119733],[105.56099014577865,9.98782069546877],[105.58156418443963,9.99144086060727],[105.61737367835264,9.946540157002687],[105.64549000096281,9.976939760261757],[105.6584285841119,9.971763357892712],[105.67194330443999,9.965207544792406],[105.65699410339522,9.951063163234437],[105.66889430592755,9.940264662584184],[105.72199873855101,9.976637310163767],[105.77444769760325,9.955640405780173],[105.84290347931216,9.983684873458174]]]}},{"type":"Feature","properties":{"Name":"Hoa Binh"},"geometry":{"type":"Polygon","coordinates":[[[104.91141317467833,21.11320316839158],[104.92392850629557,21.08604587201944],[104.91015765275353,21.066928981487365],[105.00771487174399,21.03867595473156],[105.01660132918806,21.01608196411138],[105.05299596429239,21.011204058420617],[105.12037775313087,20.942834327442313],[105.19752196426731,20.957206557636596],[105.20255264768662,20.918077401650805],[105.24097084462886,20.946011236529387],[105.27836092761476,20.92545247015545],[105.34284447489267,20.942649957429637],[105.31504305978945,21.01252494756835],[105.32484319156009,21.022202016110214],[105.32511119132846,21.0098681128232],[105.35415674293938,21.008944074709348],[105.38537026592508,21.02514627597992],[105.39117540232303,21.00400208063155],[105.41615132112662,20.99764520656106],[105.45919961197256,20.948500069822387],[105.47924001631378,20.95113836954016],[105.5011327488773,20.93037807318956],[105.5137375810246,20.94050837216372],[105.57733543098539,20.929887359913778],[105.54117321217404,20.88094236279983],[105.58330468916012,20.85913469261203],[105.56145572929853,20.81027333424703],[105.58122466608552,20.813316499756695],[105.59854536137937,20.841821056096933],[105.6346840503287,20.84007925994996],[105.627668778991,20.79548637000005],[105.64683639488379,20.793713004951258],[105.64189714283896,20.746189212762033],[105.68213070406881,20.69533177044491],[105.66774559828082,20.67990407791092],[105.68315868222749,20.63556720696107],[105.66477475804868,20.620591412064073],[105.69873711642487,20.62241311387413],[105.7061505940747,20.60037692055846],[105.74127428298186,20.60009309542005],[105.76210285676149,20.579147340877114],[105.79364205663569,20.512953087914752],[105.84997857625035,20.477834966710418],[105.85960912556078,20.422457148678518],[105.8224492357437,20.418737229839337],[105.78992887461794,20.455534038165354],[105.78021889808372,20.437904316930712],[105.75015199361968,20.440714444715923],[105.75746344768004,20.378579041689477],[105.74447453936858,20.367283249222623],[105.72944241903247,20.40010699753998],[105.68425383074975,20.411302379801043],[105.72703790527515,20.33996099200624],[105.67729141886394,20.306872650552407],[105.58047677997945,20.370027575412337],[105.50537215659983,20.361318288907967],[105.42440871359133,20.3878147301657],[105.4029083849141,20.374573263445427],[105.34490239532931,20.391637392951395],[105.25677717692525,20.43539460947369],[105.26462340204841,20.455733789282988],[105.22780504326818,20.505356842844094],[105.16763101485952,20.51654193326368],[105.1032518357037,20.57365842319774],[105.02008697103696,20.55966974666154],[104.97960947859463,20.575324742842668],[104.95794605336772,20.629046634694475],[104.89609874995739,20.67036464521226],[104.84521873555627,20.651771295908645],[104.83338260792107,20.698905682551242],[104.84669465613354,20.703840268014005],[104.8433250403184,20.75483813946863],[104.87953961226333,20.767979534128244],[104.9958890692252,20.723958347699636],[105.01239473772705,20.741823329782903],[104.99019326430778,20.756040897269656],[105.02269801140415,20.802651771462138],[104.99594321830494,20.81595229396322],[105.00443978187047,20.845272591157197],[104.97378474057336,20.909524799529947],[104.93709287683487,20.934656383785125],[104.86599256670365,21.02911783052349],[104.85075191067222,21.07738669124285],[104.91141317467833,21.11320316839158]]]}},{"type":"Feature","properties":{"Name":"Hung Yen"},"geometry":{"type":"Polygon","coordinates":[[[106.08996569855822,21.00796332354861],[106.15592828256428,20.95091551843649],[106.15329101167089,20.918505835975623],[106.13487819137549,20.904220341795394],[106.14515692615129,20.884955297848762],[106.12543022332619,20.84963749567396],[106.13886351543897,20.81837918285305],[106.12964081677035,20.807568951446],[106.21287504974379,20.75128260500827],[106.22539295612012,20.706778747940916],[106.26755176710043,20.6836871759225],[106.21619055065344,20.65678777723417],[106.22199312488289,20.64225127147904],[106.13479345905097,20.65972678416381],[106.1081713546244,20.642106988746605],[106.12546042435918,20.622922275842427],[106.0666744806428,20.604833356274412],[106.03451222056259,20.63411677946584],[106.02562248329104,20.69357163262481],[105.9722119106512,20.701898772910113],[105.96597614738135,20.773329257439343],[105.92357211376208,20.79026364894827],[105.90952075807661,20.820926951417732],[105.933348615846,20.86795433582398],[105.89372878885257,20.90012701814743],[105.91095375221397,20.918891868165247],[105.91009466044028,20.974605425599975],[105.96223765844127,20.96507241226209],[105.96047301411835,20.9920755855199],[105.97508357994332,20.99916826240542],[106.07836410511942,20.997041665240715],[106.08996569855822,21.00796332354861]]]}},{"type":"Feature","properties":{"Name":"Kien Giang"},"geometry":{"type":"MultiPolygon","coordinates":[[[[103.4359257109029,9.264693584541362],[103.43856777068612,9.267513969993786],[103.43909732478176,9.263941369098973],[103.4359257109029,9.264693584541362]]],[[[103.45849351236575,9.29011897820834],[103.46230676284688,9.29342108821271],[103.46258434039504,9.289617813911036],[103.45849351236575,9.29011897820834]]],[[[103.47609321602914,9.303942567095817],[103.48043512398186,9.305776874703042],[103.48061583015652,9.304221258004702],[103.47609321602914,9.303942567095817]]],[[[103.4793099381032,9.317767569717603],[103.44828457667194,9.29281772495807],[103.43080375798712,9.314572987153667],[103.4517672237784,9.32738685591869],[103.4793099381032,9.317767569717603]]],[[[103.41860703368769,9.309386586122116],[103.42459817416648,9.31425589339483],[103.42523543286899,9.310858462448152],[103.41860703368769,9.309386586122116]]],[[[103.48667919698744,9.321788023098861],[103.49115276119102,9.324131909060384],[103.49106485515898,9.321903509539368],[103.48667919698744,9.321788023098861]]],[[[103.49707848858145,9.3252021364695],[103.50341278966857,9.32551944786428],[103.50372212227819,9.321549020171176],[103.49707848858145,9.3252021364695]]],[[[104.02843108802438,9.797622731503907],[104.02555738356648,9.801112072264345],[104.02886387686647,9.800736920972156],[104.02843108802438,9.797622731503907]]],[[[103.99304669105203,9.902647823638176],[103.98945242728774,9.90540233914669],[103.99284048100344,9.905758272826063],[103.99304669105203,9.902647823638176]]],[[[104.02194249924702,9.906991784743127],[104.019067158023,9.910481718156802],[104.02237541939013,9.910106595642901],[104.02194249924702,9.906991784743127]]],[[[103.98876397827502,9.909860469185332],[103.98802319501448,9.915519027780931],[103.99324719400283,9.913825476664442],[103.98876397827502,9.909860469185332]]],[[[104.01458352770771,9.91126669949864],[104.00903310269558,9.913276191443117],[104.01616689028981,9.9154241169295],[104.01458352770771,9.91126669949864]]],[[[104.0214458720294,9.916902488159337],[104.02043448006725,9.92153162608372],[104.02402611781116,9.917470740981969],[104.0214458720294,9.916902488159337]]],[[[103.9983469651404,9.918433632506208],[103.99997768782009,9.923764079748537],[104.00137061805964,9.916309927561144],[103.9983469651404,9.918433632506208]]],[[[103.98134446797286,9.918651011235227],[103.97798966219324,9.921689057803803],[103.9813583759883,9.9218152902435],[103.98134446797286,9.918651011235227]]],[[[103.99309396841198,9.92790157899475],[103.99021784567708,9.931391243511143],[103.99352649555141,9.931016565262325],[103.99309396841198,9.92790157899475]]],[[[104.01629874619022,9.928865546108113],[104.01875065242075,9.934797765704388],[104.02130298324613,9.931955122031297],[104.01629874619022,9.928865546108113]]],[[[104.02393149923938,9.94607945140558],[104.00768294511187,9.965852162647252],[104.01166960916521,9.970065703169723],[104.02393149923938,9.94607945140558]]],[[[104.01725219123568,9.974341965109659],[104.01188126370943,9.985616171149445],[104.02489117388865,9.969591016712116],[104.01725219123568,9.974341965109659]]],[[[104.03690571802451,9.993874580747331],[104.04015284527765,9.994697603411737],[104.04096793502225,9.992237830811291],[104.03690571802451,9.993874580747331]]],[[[104.00629533795956,9.993948883634118],[104.01134869688491,9.99755844396708],[104.0109257933907,9.992168400451362],[104.00629533795956,9.993948883634118]]],[[[104.03305235058559,9.99960881099787],[104.02974686182824,10.006781441210592],[104.03429770027873,9.999727596151672],[104.03305235058559,9.99960881099787]]],[[[104.03898380036213,10.416394187641686],[104.07859327615881,10.356068856392653],[104.07966584989913,10.247931601861978],[104.01610971589076,10.082996283052069],[104.04118655211772,10.070335541851819],[104.02822700936906,10.032763083549526],[104.05003009930971,10.00635837673775],[104.00733368799933,10.012006552660353],[103.95170500498205,10.228408977692197],[103.9149944371436,10.288508071890078],[103.85468322794867,10.308622715266154],[103.8319392016329,10.36846778875747],[103.84386130625433,10.379036700583299],[103.9258958337258,10.362523349173273],[103.98938414626139,10.452165051176223],[104.03898380036213,10.416394187641686]]],[[[103.81383255283009,10.358673847919817],[103.81022790909077,10.361427421838073],[103.81362316997337,10.361786534620933],[103.81383255283009,10.358673847919817]]],[[[104.33588522072642,9.702796052995495],[104.33647984436936,9.71602653179906],[104.33705547163277,9.701819697720907],[104.33588522072642,9.702796052995495]]],[[[104.34572763682104,9.719941979438829],[104.3483387230537,9.728192501083129],[104.3470949570667,9.719612952575744],[104.34572763682104,9.719941979438829]]],[[[104.33712515020557,9.728743809779019],[104.33353852528279,9.731503365987578],[104.33692430910963,9.731853622246945],[104.33712515020557,9.728743809779019]]],[[[104.04403182900575,9.819819184907487],[104.0446578057132,9.825232545145866],[104.04731234538849,9.824200154913285],[104.04403182900575,9.819819184907487]]],[[[104.09379622091893,9.843682833895741],[104.09268139343163,9.852007812210786],[104.09710735472072,9.852019674268604],[104.09379622091893,9.843682833895741]]],[[[104.33192449312094,10.287286459802317],[104.32257265810176,10.288279081114752],[104.33232779858912,10.288036972828081],[104.33192449312094,10.287286459802317]]],[[[104.3134738329511,10.290321678902387],[104.31176271088049,10.294493664451124],[104.31478613806985,10.29339968774542],[104.3134738329511,10.290321678902387]]],[[[104.33573992355866,10.291708741964896],[104.34130671443336,10.297216766640531],[104.33756424959051,10.290536070982967],[104.33573992355866,10.291708741964896]]],[[[104.3144282438684,10.300959564232528],[104.31764638777065,10.307735783179908],[104.31927553034149,10.305869399453286],[104.3144282438684,10.300959564232528]]],[[[104.32097731565068,10.311808856793334],[104.31926616660036,10.31598105188408],[104.32228986988167,10.3148869276896],[104.32097731565068,10.311808856793334]]],[[[104.32209711369092,10.323251020218436],[104.33677433097068,10.32195209071648],[104.32652072415215,10.313778107673556],[104.32209711369092,10.323251020218436]]],[[[104.27335221932952,10.35425197045214],[104.27359132028329,10.357965346723404],[104.27601737370287,10.353913246199397],[104.27335221932952,10.35425197045214]]],[[[104.31793060231553,10.354487006470208],[104.31949145306817,10.36157640622622],[104.3190915011719,10.354283577125443],[104.31793060231553,10.354487006470208]]],[[[104.30816096026018,10.362072501944454],[104.30528411626904,10.365569067858246],[104.30846131313916,10.365197907757306],[104.30816096026018,10.362072501944454]]],[[[104.075773956403,10.387348948994827],[104.07278068797842,10.390752682390428],[104.07607120032571,10.390502074611106],[104.075773956403,10.387348948994827]]],[[[104.32849094180358,10.39458814073015],[104.32891261682386,10.40255955328081],[104.33094593630597,10.402729652851235],[104.32849094180358,10.39458814073015]]],[[[104.33477630088566,10.40157377940642],[104.33306468418789,10.405746698451424],[104.33617376730558,10.404447251839258],[104.33477630088566,10.40157377940642]]],[[[104.33020049455723,10.40418650870049],[104.32818022963397,10.40822951797793],[104.33120495274642,10.407134316395627],[104.33020049455723,10.40418650870049]]],[[[104.06244238930486,10.406913119145202],[104.0591801741258,10.4100580429444],[104.06252066000053,10.410113203761398],[104.06244238930486,10.406913119145202]]],[[[104.05377836388044,10.413167522663116],[104.05080740763583,10.416588365660573],[104.05397717430719,10.416348112675337],[104.05377836388044,10.413167522663116]]],[[[104.04844081559122,10.415584255509032],[104.04490601769862,10.418434539822215],[104.0481292175894,10.41875079901024],[104.04844081559122,10.415584255509032]]],[[[104.3405643456681,10.424028424572157],[104.34308237994793,10.427809116897265],[104.34233247126662,10.423310729606555],[104.3405643456681,10.424028424572157]]],[[[104.31230801210512,10.433900226014657],[104.32028046337274,10.44591599053058],[104.33172275630022,10.43975675686886],[104.32337489383633,10.430395607571256],[104.31230801210512,10.433900226014657]]],[[[104.3329252559958,10.451250578251631],[104.32973014732852,10.45445773243847],[104.33294649708324,10.454278790733667],[104.3329252559958,10.451250578251631]]],[[[104.39359977421026,9.635351899770399],[104.3861101536607,9.639631789575503],[104.39831667877178,9.643782447701824],[104.39359977421026,9.635351899770399]]],[[[104.35697395308551,9.644545903770506],[104.35713536430569,9.647993623906643],[104.35893581423647,9.643148354612947],[104.35697395308551,9.644545903770506]]],[[[104.39383650275244,9.647924181855558],[104.39097107925198,9.651417578558437],[104.39413711373686,9.651045584785948],[104.39383650275244,9.647924181855558]]],[[[104.35243984742107,9.650364655004864],[104.35500446118698,9.649946876747038],[104.35281495014988,9.647407260536681],[104.35243984742107,9.650364655004864]]],[[[104.38050970925576,9.652262831564485],[104.38405993861534,9.657056036407027],[104.38205361678104,9.651728144138588],[104.38050970925576,9.652262831564485]]],[[[104.35549194499731,9.653607067112489],[104.3567912621071,9.657526888155417],[104.35868086093302,9.654985351892549],[104.35549194499731,9.653607067112489]]],[[[104.38828753014548,9.66020807744087],[104.39224445901465,9.677110605969744],[104.39819033841343,9.675499005574693],[104.38828753014548,9.66020807744087]]],[[[104.38012784632309,9.677820162970193],[104.37678284585172,9.680863271822602],[104.38014785983592,9.680983035438771],[104.38012784632309,9.677820162970193]]],[[[104.39680053062006,9.679709008164252],[104.39393471501512,9.683202649482723],[104.39710123423464,9.682830589160403],[104.39680053062006,9.679709008164252]]],[[[104.3552548036663,9.65937042280683],[104.33851235895827,9.6851662328354],[104.34787563964909,9.71188521313212],[104.3552548036663,9.65937042280683]]],[[[104.398410622852,9.684417853900868],[104.39554476857626,9.687911549178693],[104.39871135704357,9.687539460078085],[104.398410622852,9.684417853900868]]],[[[104.38449405755478,9.6837974071247],[104.38524924435723,9.692960559881953],[104.38912777932364,9.69302753779067],[104.38449405755478,9.6837974071247]]],[[[104.37621635929759,9.698989408034777],[104.38081071504251,9.707457332689785],[104.37704137755759,9.698254870565847],[104.37621635929759,9.698989408034777]]],[[[104.36006853643386,9.70932102474552],[104.35672272927059,9.712363988807112],[104.36008824597582,9.712484081575155],[104.36006853643386,9.70932102474552]]],[[[104.35347390589612,9.738855106977667],[104.35919335758746,9.741008417604462],[104.35391470410036,9.73664118654159],[104.35347390589612,9.738855106977667]]],[[[104.49536696521335,9.976247524203927],[104.49249869355992,9.979744375202813],[104.4956695978737,9.979370624155024],[104.49536696521335,9.976247524203927]]],[[[104.50204145464949,10.084892114179752],[104.50513682400526,10.089419965958712],[104.50639198170467,10.08905999252471],[104.50204145464949,10.084892114179752]]],[[[104.50337093861799,10.108729243060168],[104.49452238759818,10.103532208444733],[104.49937964305616,10.113624677436974],[104.50337093861799,10.108729243060168]]],[[[104.49325786166105,10.126153144552006],[104.49691124775592,10.128424510083107],[104.49711449273968,10.122936664395581],[104.49325786166105,10.126153144552006]]],[[[104.49425764697287,10.13569790753246],[104.49305640183155,10.138867163388909],[104.49531989919404,10.137943042537415],[104.49425764697287,10.13569790753246]]],[[[104.49784102264516,10.138604108992467],[104.49497052876694,10.142101972627984],[104.49814393229667,10.141728079487336],[104.49784102264516,10.138604108992467]]],[[[104.49176826869069,10.139002784750744],[104.49325989322955,10.144829562434381],[104.49401945073714,10.144727207894391],[104.49176826869069,10.139002784750744]]],[[[104.50590125493903,10.15104158360225],[104.50255041876687,10.15408925111808],[104.5059232505576,10.154207091084459],[104.50590125493903,10.15104158360225]]],[[[104.34423360929367,10.29807525856637],[104.35007469609042,10.29768139597968],[104.34483592933475,10.297011851615707],[104.34423360929367,10.29807525856637]]],[[[104.64918405729844,9.799032840593156],[104.61171572160333,9.798246372671997],[104.6159411367741,9.81355292562705],[104.65526279714044,9.81921729384311],[104.64918405729844,9.799032840593156]]],[[[104.83704776794019,9.949894637227771],[104.82686675889386,9.968505509821455],[104.85147147083177,9.978832807987772],[104.83704776794019,9.949894637227771]]],[[[104.77922018586293,10.509671685899661],[104.77653037387773,10.488620295190515],[104.8633921464305,10.356093276583522],[105.01593693793939,10.31821775754355],[105.12447345098906,10.253943935764084],[105.20419283483153,10.184550852739733],[105.22580298511974,10.214216641584812],[105.29633321770388,10.139392305410638],[105.31532358261728,10.142346004564502],[105.36264212343531,10.074373405208519],[105.53754861427717,9.913886081977125],[105.51868210489528,9.85999788119733],[105.42893364437225,9.817240380739008],[105.43243497399493,9.792174571099622],[105.40312033893258,9.770281124474366],[105.41361840216757,9.75587703309867],[105.32685432566666,9.702254101745439],[105.33746737981579,9.67709444605191],[105.40482854360249,9.653162483661731],[105.39752428591714,9.6230870913962],[105.37933754259359,9.62028602877723],[105.3722636075795,9.596911101066496],[105.34430467891787,9.593635865502847],[105.34027832238672,9.613759342919366],[105.32590852126128,9.600039485433967],[105.28680668038407,9.631669134622939],[105.28463473310649,9.600863665525765],[105.31118070722391,9.572789121820563],[105.30642133397743,9.55687980725736],[105.32249651680087,9.559179345850168],[105.3281683026251,9.529070941270959],[105.31468268166049,9.50432716356778],[105.29669698357901,9.503875604075915],[105.2937715339292,9.434963303113989],[105.27654890520785,9.434075361988391],[105.26034637118812,9.399935198650553],[105.00111157713764,9.559517990063227],[104.99271382298463,9.539689272641851],[104.96116411902892,9.556659838480812],[104.94406286011298,9.53399919370787],[104.91535799777341,9.564121562060507],[104.8796583263707,9.495187691758645],[104.83289688588263,9.53189009375285],[104.85611415164686,9.720667798879845],[104.89305780397456,9.845246227931113],[104.95425523838861,9.855223882276391],[105.05794320591428,9.948075368983154],[105.10130812916691,9.930375737150598],[105.10722793811891,9.951741911260228],[105.07226255687158,10.013808626766775],[104.98226260363629,10.099562872528566],[104.87878199729141,10.092475609561802],[104.80744257181732,10.191902832050118],[104.7466604937868,10.226439693537088],[104.69667384342318,10.210309829235257],[104.64220066872593,10.137298475943965],[104.60046125208515,10.14396893461867],[104.60812527096454,10.16395674480799],[104.58792111176996,10.186819764920244],[104.58566790624894,10.24769582570184],[104.56579346099949,10.277595784517871],[104.54308484458994,10.292633316974047],[104.52911950636019,10.278091730948688],[104.52529388300638,10.324821629514645],[104.48216483124202,10.38027071702004],[104.44047714000806,10.36673142361633],[104.45076151623107,10.400656794675399],[104.43693743631371,10.422998745795553],[104.50955738306686,10.42153358470722],[104.59649243417857,10.540821722144813],[104.69170241093758,10.539325159428586],[104.77922018586293,10.509671685899661]]],[[[104.54851028811936,10.016517444124815],[104.55313088788023,10.038710773283583],[104.55675083718143,10.017813051531164],[104.54851028811936,10.016517444124815]]],[[[104.51058285481497,10.089247906765536],[104.50723309513131,10.092295328766454],[104.51060491698337,10.092413079699895],[104.51058285481497,10.089247906765536]]],[[[104.50922221293484,10.099128365082038],[104.51468013817788,10.106068690517702],[104.51092975480441,10.096286904017461],[104.50922221293484,10.099128365082038]]],[[[104.53836175808874,10.125590784087478],[104.54401242423404,10.133203449879375],[104.5409730286824,10.12346509973463],[104.53836175808874,10.125590784087478]]],[[[104.55370644769448,10.133438032639162],[104.55011567419905,10.136203270764383],[104.55350848892567,10.136550269679276],[104.55370644769448,10.133438032639162]]],[[[104.54573874574658,10.135827192271165],[104.54238874774256,10.138875418265968],[104.54576135290415,10.138992613418395],[104.54573874574658,10.135827192271165]]],[[[104.52163757591347,10.139666292865172],[104.51729074866915,10.144220852710248],[104.51830250305812,10.145185481724639],[104.52163757591347,10.139666292865172]]],[[[104.5319921846916,10.140750362639153],[104.52864190430051,10.14379839527976],[104.53201458230717,10.143915812564728],[104.5319921846916,10.140750362639153]]],[[[104.54558042010035,10.141357155008734],[104.55150658366199,10.145910055604645],[104.5483009439335,10.139967800473642],[104.54558042010035,10.141357155008734]]],[[[104.54983098121488,10.14967603052446],[104.54911042460645,10.154196953926316],[104.55324174101361,10.14901839228503],[104.54983098121488,10.14967603052446]]],[[[104.58779785518692,10.152909697624523],[104.58598531836782,10.155865295247224],[104.59096268637893,10.15491312454111],[104.58779785518692,10.152909697624523]]],[[[104.51929808583805,10.14873079898723],[104.52278077161537,10.160947341646533],[104.5246275744031,10.160357719133458],[104.51929808583805,10.14873079898723]]],[[[104.57346267706095,10.153774371490101],[104.57609463026301,10.15806463047835],[104.58042201596334,10.156068095066587],[104.57346267706095,10.153774371490101]]],[[[104.53025925765866,10.161535951522978],[104.5266676783707,10.164300919851598],[104.530060916678,10.164648314468195],[104.53025925765866,10.161535951522978]]],[[[104.57813135008178,10.16831672463718],[104.5756805653059,10.172117647211678],[104.57867586799699,10.17155249255353],[104.57813135008178,10.16831672463718]]],[[[104.57790770397742,10.173427373974164],[104.57510855331714,10.176976078083612],[104.57821188077372,10.176551411918183],[104.57790770397742,10.173427373974164]]],[[[104.59086769818578,10.176756824268068],[104.58947048897193,10.180613403186044],[104.59191364569824,10.18098258118124],[104.59086769818578,10.176756824268068]]],[[[104.53163754963327,10.17067772469727],[104.52210336807605,10.186239912641895],[104.52511147081776,10.189916075866279],[104.53163754963327,10.17067772469727]]],[[[104.57133484332843,10.178706406075833],[104.56846503923026,10.182205515272358],[104.5717766586659,10.181821532637684],[104.57133484332843,10.178706406075833]]]]}},{"type":"Feature","properties":{"Name":"Kon Tum"},"geometry":{"type":"Polygon","coordinates":[[[108.23671048120383,15.03273522245263],[108.39540460393937,14.82609852922377],[108.45586563838856,14.791327679428889],[108.49193914987194,14.801402607144666],[108.51733753959581,14.771556940400501],[108.52685115455722,14.74662151986729],[108.49503640240812,14.70145078222788],[108.51110807967422,14.685937974258138],[108.47886718467288,14.632147411074186],[108.52611385796826,14.622970865613013],[108.5455370701797,14.589654467779496],[108.52728854433093,14.558184155974061],[108.49352510969612,14.544817362431388],[108.44046176439895,14.556135829504967],[108.39973462375394,14.599623033576165],[108.37289372416609,14.60094281655779],[108.35559224468642,14.572954259731375],[108.38000776894341,14.513187522586122],[108.2961626759668,14.420068161116774],[108.29444318660381,14.392025218688957],[108.21994948168327,14.392126606457794],[108.15099926260592,14.35017487427109],[108.11330304320097,14.364233892180437],[108.10546378872294,14.340186692461941],[108.07629990611582,14.334008209711158],[108.08564229555554,14.320132499715157],[108.05794747889308,14.266636453709395],[108.03592839877666,14.276662532050238],[108.01156169331756,14.24159115670659],[107.9586268890198,14.229744371205811],[107.88083392314712,14.283009377780616],[107.83609595276607,14.270453069453652],[107.83659132542937,14.237201454283763],[107.81454744021227,14.214863699400269],[107.78147510309361,14.226680499705367],[107.75767144518113,14.203304377694906],[107.68629213567357,14.222247203545635],[107.65657229937216,14.166964695664205],[107.64936243722678,14.070516182475899],[107.63130796798839,14.055191010856504],[107.61218752243627,14.064421044395715],[107.58979009034044,14.023480469448145],[107.51974579743069,14.014875089713655],[107.52466886887328,13.985452634931221],[107.47137261175669,13.958609356636543],[107.4578354767259,13.924641428759003],[107.44522836839457,13.997715834418273],[107.38345717820624,13.9901687310022],[107.35476738670559,14.020096316991498],[107.36159785185941,14.062232361634244],[107.38044986596861,14.079231356841717],[107.33084929995528,14.108853131067178],[107.40263134566015,14.233726724808548],[107.40723729906216,14.276101396462309],[107.38916490273812,14.32398060791877],[107.41966645044641,14.373190717977309],[107.41795645792428,14.41127197582108],[107.4458261783355,14.42714938603541],[107.45904300003451,14.407778357884979],[107.48673731757322,14.407692907002115],[107.52994165698192,14.55434272343797],[107.51582644133725,14.58702678905513],[107.54341366131149,14.612302672230612],[107.55524716742292,14.72021533726803],[107.52006153411259,14.726758395283753],[107.53908637004002,14.751008909233803],[107.50536329428064,14.790655850786948],[107.58585594489602,14.86380923850561],[107.58616655364358,14.88209789210407],[107.47814342128191,14.955522271635573],[107.46537609782871,15.00950967663033],[107.53913253673721,15.050577207971799],[107.58154402573626,15.030022950798582],[107.59387177226455,15.049859577757331],[107.61938910542295,15.052192664659799],[107.59780094625671,15.090119205836743],[107.62102862077427,15.10819662667302],[107.60774719357818,15.130141218642393],[107.6241788002115,15.150407307851026],[107.58165693831711,15.201784315493796],[107.63121489894849,15.230964225818411],[107.61382194312824,15.288495575710328],[107.6328770763161,15.319492197506975],[107.60765411104842,15.337660398608534],[107.59751266857484,15.38584435073625],[107.62794917191684,15.417928333825614],[107.65180325211844,15.398881963631766],[107.66151839975441,15.355944780427308],[107.69101496586802,15.318740249163227],[107.72701664670092,15.309086636738925],[107.73510073531077,15.230264183645204],[107.86869989778211,15.210927858533921],[107.88964097674972,15.194312529399781],[107.92651160862391,15.210291588186294],[107.94938522724652,15.17638832156382],[107.99590482474792,15.155757426863829],[107.99590099543462,15.117657757199765],[107.95059037184825,15.051417436465556],[107.98787629355616,15.000155694929447],[108.04253900666987,14.994540871264235],[108.10348770479379,14.95302086402171],[108.15741540919385,14.974636255558778],[108.14563544961635,15.04722288782608],[108.1596942786681,15.061121699606815],[108.23671048120383,15.03273522245263]]]}},{"type":"Feature","properties":{"Name":"Lai Chau"},"geometry":{"type":"Polygon","coordinates":[[[103.4818917010412,22.623891584529076],[103.57000206983969,22.579080152127347],[103.59366423291806,22.527113302536918],[103.55330930368149,22.471240396926817],[103.60102841782731,22.412031192685447],[103.62474850443999,22.397002961017904],[103.74463841782875,22.40912352982707],[103.77886330359865,22.348365505963386],[103.76542396534381,22.312558858404657],[103.82527512634607,22.269501451131134],[103.8402441916162,22.22675486844247],[103.87101386589723,22.198017419168593],[103.86387897303626,22.18169019864382],[103.93607102865514,22.140402409843375],[103.96363670716835,22.01413049172885],[103.95447655185143,21.999832635467783],[103.98290270169838,21.96794078084241],[103.94185364243174,21.919401549741792],[103.91704068168218,21.93267597121917],[103.88467632685104,21.90691622040731],[103.88803610318365,21.866137322879183],[103.96497970434996,21.7706982833991],[103.95147508610643,21.742256812701783],[103.91422763469762,21.735977297414422],[103.91458758834659,21.69781026852911],[103.880083017917,21.70959919614603],[103.8774269583875,21.687298523008508],[103.85135929589484,21.69250381519896],[103.8310703711008,21.744289874078504],[103.80327743570513,21.740636500574112],[103.77671887107908,21.780259801648583],[103.75262820083088,21.780729614680013],[103.75645316767958,21.809773317284794],[103.72203080517755,21.807464693740656],[103.69483063542555,21.82579590505702],[103.7208881014048,21.880611609937887],[103.70263477497497,21.886366275483283],[103.6813299652058,21.92187225899761],[103.68637298012897,21.94332970979832],[103.66424806059956,21.951721860275654],[103.64825399302742,21.994914951863564],[103.5425916089157,22.030872512856206],[103.51123592559753,22.01242704087531],[103.49495658138119,21.971102826834056],[103.47449435543024,21.97980687748543],[103.45135091141549,22.012500569445763],[103.46680846593802,22.03132640968613],[103.42204171365421,22.06841017099265],[103.38667038562983,22.157275323697263],[103.33078621331316,22.154743241107724],[103.30524494289983,22.11525215296456],[103.2861624946035,22.110681892755224],[103.27122790664265,22.076290496609204],[103.28879230831842,22.051289055945233],[103.28119196683588,22.039605304041572],[103.16962759743575,22.081464444728397],[103.14009239284974,22.069422133124988],[103.09959997705738,22.10322251011081],[103.09165322301789,22.058689325252203],[102.99820915322988,22.052861898258072],[102.98481791161737,22.027837184038844],[102.92803516908782,22.07035259059961],[102.92402511097015,22.107851078764327],[102.92322971637839,22.092029752970745],[102.85443595415603,22.064725314921418],[102.77563169704524,22.088053350182008],[102.7793913182548,22.10125658942013],[102.73725827464972,22.145269077605917],[102.75138698731968,22.20874794546137],[102.73638398613213,22.23127142023992],[102.67554014805944,22.26346156110219],[102.66045170768024,22.255589440000733],[102.69568050035485,22.210076280995622],[102.67174100164596,22.16865115672556],[102.61710840233098,22.19887969993823],[102.61777043375855,22.2347999426633],[102.58047841194923,22.257553507188675],[102.54416674200161,22.243324141495975],[102.5180620481251,22.25721905111834],[102.44721313987458,22.3588694174897],[102.38905292195483,22.404701620883145],[102.38982281537068,22.46078643194835],[102.34702274820131,22.49233711976234],[102.31915534084635,22.55099860720003],[102.35348067369421,22.567831864548964],[102.3461475486705,22.59106168574823],[102.41638298528659,22.637165526667786],[102.38212649644072,22.684834168162354],[102.43178447067686,22.700770037007658],[102.45687062657822,22.7660133054697],[102.49684641602931,22.780721918082122],[102.5470157187005,22.747690208736174],[102.56645637326307,22.705887759512564],[102.60405014999446,22.734613120099482],[102.65357266924337,22.691591601171524],[102.6865475810061,22.704987187408847],[102.7849435536022,22.6450671869012],[102.7854229030446,22.62735746557462],[102.86001406659597,22.609186999980125],[102.92687686657422,22.48484289648252],[102.98335149867279,22.48166826987483],[103.02787962034824,22.444403868943425],[103.07156467796756,22.449218701581856],[103.08078861230467,22.511896919207516],[103.1811713383866,22.56111520949935],[103.15591505593517,22.595590565452312],[103.18252199959068,22.644701831924067],[103.22489382129288,22.648056958761686],[103.28174673162641,22.686531696080976],[103.28375294194478,22.738419962910996],[103.3075725349446,22.76352972151949],[103.3177871804341,22.817432760213762],[103.41281616503403,22.77975118716762],[103.43869121972409,22.75444675051716],[103.42983837444149,22.703969899491312],[103.4571970847777,22.68313834625775],[103.45417476915031,22.662049852218956],[103.4818917010412,22.623891584529076]]]}},{"type":"Feature","properties":{"Name":"Lam Dong"},"geometry":{"type":"Polygon","coordinates":[[[108.72705052216395,12.163277455889954],[108.67169030656248,12.122901728931708],[108.70959189155263,12.056385435039829],[108.65957726687742,11.961060836088791],[108.65238703603296,11.849126737409051],[108.61718801811259,11.807068216125344],[108.67138483564173,11.783150355104851],[108.66515458971259,11.753168371822937],[108.69957335942308,11.702260973065506],[108.68120820859201,11.675276744026576],[108.55133024109779,11.631683165445793],[108.55067323058518,11.602370488207498],[108.58225320302296,11.556813910833341],[108.54204575720598,11.509571122609259],[108.49055539091864,11.52969235711663],[108.43551647160791,11.516407666280827],[108.38006128220246,11.524013196851627],[108.35876706734632,11.50678231685049],[108.33959842622647,11.526765163681432],[108.28320773055236,11.516894895582993],[108.25749288378961,11.46898725116074],[108.30624209489685,11.416337895277707],[108.17994141376528,11.305615087166586],[108.12359341070737,11.285212452992369],[108.11390230734565,11.294303762508662],[108.10511743102467,11.271366810929635],[108.05871002934441,11.245264229560576],[108.052240409967,11.218691964662469],[108.02594458857197,11.32772442774018],[107.95943798037854,11.352255526571355],[107.76404483709962,11.37030055023024],[107.72226723794273,11.363567951999414],[107.7095877027104,11.33593045722489],[107.67219283443183,11.32724347570587],[107.60542151259278,11.347346141910975],[107.5681641263734,11.384074413803205],[107.53358198222276,11.356058594928243],[107.48705380518902,11.399567570686884],[107.48235421437556,11.431134716993654],[107.42903598322408,11.4263381540826],[107.46900035668119,11.480816685141974],[107.4506795739033,11.502620571881948],[107.40621970897246,11.529953701002569],[107.36547202511395,11.518562691914724],[107.37727562517,11.542884607538667],[107.3592006307046,11.556244830634455],[107.36011910920956,11.582936034470436],[107.34435417990153,11.544055478977214],[107.31025598972224,11.554536889465908],[107.29619119276941,11.584706832854124],[107.3026060299444,11.618073341811339],[107.2675099637139,11.640709405414782],[107.284713278595,11.726988744634923],[107.30018816934859,11.74062893567691],[107.38037150893803,11.773124231797908],[107.41426146739286,11.750164654175478],[107.43114286365227,11.76697020251288],[107.45531495492128,11.759119837810317],[107.49239849589395,11.798290191739],[107.54961276911405,11.791957468062776],[107.61664250394847,11.839760650833398],[107.62730452258569,11.866176464272485],[107.6737744343427,11.887710704585402],[107.67114986007806,11.91393742477237],[107.68737772170454,11.920732639199969],[107.72527629756314,11.916860380602145],[107.724642941019,11.871222439763812],[107.7703615105753,11.849980738120621],[107.82853094474734,11.878025834424761],[107.89260175356816,11.87137494409842],[107.88707143559833,11.822238889613118],[107.91910782206838,11.797922467947615],[107.94587328832165,11.824239641945951],[107.97566686003762,11.79126482011543],[108.06478221672597,11.835124615108953],[108.10903149640649,11.903072724126957],[108.0825086942209,11.913084800922888],[108.0656456792048,11.949260657053742],[108.04552548161575,11.951497468833168],[108.00643802629395,12.02852970448231],[108.00915271712427,12.052394396684122],[107.96059762378138,12.067281630842615],[107.98617651463451,12.120650956076815],[108.0279689759875,12.14384851139971],[108.07082623104577,12.133909635821112],[108.1105212422616,12.146937317503273],[108.1114077813441,12.18528757696015],[108.12139100609011,12.176618120529895],[108.16423856915469,12.19782463619805],[108.18657265390493,12.174416249210594],[108.22448967935526,12.184304536125467],[108.24001771644453,12.16220591367204],[108.26516362510125,12.207647446172757],[108.3382880285697,12.229163869117315],[108.33339435866276,12.2484847618623],[108.4370744948921,12.251373369885187],[108.44025403719411,12.27552802509831],[108.45958008395377,12.277849393834515],[108.48020335420148,12.309602872474613],[108.5065637118459,12.279168201051675],[108.53564902518241,12.28303981573498],[108.54097639224676,12.29846442359434],[108.59539698628197,12.278658075010185],[108.6578292528178,12.29657062043782],[108.67842301091326,12.317935486033889],[108.70222512828713,12.305665350075913],[108.69881402674599,12.24101488502896],[108.7175909960277,12.222335786267593],[108.70894104499331,12.193802122470004],[108.72705052216395,12.163277455889954]]]}},{"type":"Feature","properties":{"Name":"Lang Son"},"geometry":{"type":"Polygon","coordinates":[[[106.56468640235562,22.425843165030074],[106.58534163271025,22.379556252718942],[106.55804561591248,22.34951822368714],[106.65099583828737,22.339001753128457],[106.6646826699693,22.290279393978892],[106.68985226137283,22.27767895412046],[106.70023519879544,22.220744961810567],[106.66878451469364,22.185544761281733],[106.70434101222799,22.160152460867437],[106.68820746070583,22.139861278775072],[106.71021730028826,22.09775747572695],[106.69533492067012,22.04690823073031],[106.70644713003111,22.026249144982103],[106.68146064419341,21.99798474539972],[106.69678499023519,21.961162416112643],[106.73583639623274,22.00928956795923],[106.76364788374292,22.01340545020139],[106.80857229797323,21.975200880016644],[106.8593184141136,21.986026777613745],[106.91531586593453,21.976706696756708],[106.9283914787838,21.932487681960993],[106.95018534977413,21.934991796534234],[106.9587284415644,21.920750457267843],[106.99203156360585,21.954506639769647],[107.05924063674604,21.932086322625764],[107.06295613271942,21.895118227624152],[107.0164836183244,21.864369043496595],[107.00385215635197,21.833181763627522],[107.08469833406093,21.809670525674278],[107.23157484170565,21.708192025141898],[107.29542783562619,21.74371427199611],[107.32034264729538,21.726637978260158],[107.35829808638766,21.66485078103875],[107.3605219677147,21.600674227233867],[107.29477287466847,21.595103772521156],[107.27924083559617,21.56704631593476],[107.20249951983703,21.542807558821835],[107.23221479837429,21.519375038527244],[107.24430945411808,21.483998720164834],[107.23650913398939,21.46072550667685],[107.26291080289133,21.40031079091034],[107.25116421715495,21.367853235738266],[107.2122689226727,21.38876844300927],[107.16738938011588,21.364253727127846],[107.09838180407706,21.376232559185325],[107.02959771676126,21.325289991539933],[106.98554953718144,21.361292220059966],[106.98431175888061,21.40313544994109],[107.00198336693887,21.421814211456763],[106.98864776997868,21.437479979717352],[106.95317655425464,21.424460914439692],[106.94146143939395,21.436029003635667],[106.92796366678988,21.42721219688542],[106.92496899362419,21.441966545419803],[106.90973368316298,21.431362553738893],[106.88950936386613,21.453004922239415],[106.90047112923929,21.47234013399003],[106.88806639714659,21.491177933414917],[106.84072302155028,21.495883772718003],[106.837853010608,21.513577371898236],[106.86398143219742,21.53490917122133],[106.84219550761662,21.560549615272578],[106.80451434466136,21.560349804799728],[106.78432146026722,21.577777409699763],[106.75938552981842,21.57248940955867],[106.75551742428974,21.544189627049718],[106.74084860038266,21.542933232782502],[106.69776063144803,21.57285878990126],[106.70004576200239,21.594596625034285],[106.66747932321226,21.61009286299526],[106.55362438685603,21.593690820674908],[106.50567761293155,21.52497798844348],[106.51888134140086,21.499315551471568],[106.49256512697906,21.483177410709004],[106.48068229575142,21.449295307832244],[106.41605025871252,21.437811237798428],[106.40330717108912,21.427902144168684],[106.41295715205098,21.40845519974772],[106.37724949376917,21.39470254578589],[106.32511941273077,21.408382838497232],[106.32642845331054,21.448353457745952],[106.28091509195798,21.453965623914485],[106.28591956823357,21.492385394670293],[106.24202521768973,21.483567195769524],[106.16710035439792,21.513074873906362],[106.16714400838936,21.596255028846542],[106.19551870622337,21.620195283885266],[106.18987145570316,21.64793662697383],[106.22375393809381,21.680336728057625],[106.2359530563885,21.72121470119754],[106.14998540060583,21.760160610423895],[106.13473942238647,21.786310615742366],[106.10471125442092,21.789907492936493],[106.093016186348,21.823105299869724],[106.11579681417169,21.84391139779285],[106.1119486663979,21.891214998173666],[106.13031091601601,21.91945269508585],[106.09678380702712,21.939207050265225],[106.11247740031183,21.994095264784676],[106.09407913734236,22.03679852982833],[106.09914044987192,22.072916359002818],[106.15514573478788,22.082851419657345],[106.1893249961517,22.144421239048995],[106.23248377860358,22.181575500009387],[106.21989912184705,22.20932084328234],[106.24359155700483,22.268415864200847],[106.19843243770691,22.312355903901903],[106.21835171236171,22.3514475680509],[106.18298356164212,22.38830094283429],[106.19163423303348,22.417042443553953],[106.21416122865782,22.45256167857866],[106.24004129437031,22.460878833691254],[106.30903496329296,22.412019857630355],[106.33114743890326,22.41186213093266],[106.36004061837991,22.357999736198906],[106.39484233200807,22.374625145833875],[106.45193415803504,22.358256551099032],[106.48565854140861,22.3701249311207],[106.48926038016248,22.4030107731287],[106.5174445179502,22.39927997968738],[106.533558341944,22.41982394322048],[106.56468640235562,22.425843165030074]]]}},{"type":"Feature","properties":{"Name":"Lao Cai"},"geometry":{"type":"Polygon","coordinates":[[[104.33937797891065,22.71147020218814],[104.3336845688878,22.689529408055762],[104.36034662659563,22.673952089917066],[104.396628728633,22.681389520110315],[104.41063077179274,22.638611586155832],[104.4579993400975,22.61313625853154],[104.4642893675603,22.57564799206125],[104.42294840634395,22.574392900012356],[104.41263702617789,22.52899943807364],[104.47240793437874,22.484671304936796],[104.44685007417166,22.46069181607453],[104.46510887477478,22.425602260036328],[104.57887848705258,22.349134454191756],[104.56368324138856,22.332670792123395],[104.57631026160936,22.302594515824296],[104.54141965269486,22.278224545826163],[104.54653207909223,22.252018810419827],[104.58500687576674,22.25175782086677],[104.58962923640019,22.221243277954954],[104.6268252582791,22.220224764261502],[104.61354768018134,22.207408084215785],[104.62414180989668,22.173174194433557],[104.58155804137056,22.17810715482136],[104.58238874874183,22.113326694571356],[104.56043288107264,22.08808078579966],[104.45136462677618,22.18649973787268],[104.41526253483818,22.201375887886968],[104.38270806782316,22.177389359131666],[104.40473689209398,22.11820034916684],[104.37773912106366,22.092102127711087],[104.37802218627496,22.069216650627993],[104.41393555638086,22.02630340377914],[104.43062197332546,21.94820283649176],[104.35388309382978,21.877518153440064],[104.32298432276832,21.919194997051534],[104.28190393381954,21.941194033977524],[104.2553825516635,21.932693458536335],[104.2151553774188,21.94993506115418],[104.22824150424208,21.902494672990827],[104.19631435212568,21.889831456856314],[104.0921860216676,21.916862294159614],[104.07805174489215,21.90505144017186],[104.00921693041704,21.919800510585162],[103.95447655185143,21.999832635467783],[103.96363670716835,22.01413049172885],[103.93607102865514,22.140402409843375],[103.86387897303626,22.18169019864382],[103.87101386589723,22.198017419168593],[103.8402441916162,22.22675486844247],[103.82527512634607,22.269501451131134],[103.76542396534381,22.312558858404657],[103.7799896729851,22.33897513589386],[103.76189026012747,22.39294384488261],[103.7279211874129,22.417167085992276],[103.62474850443999,22.397002961017904],[103.555387396811,22.466884053056674],[103.59366423291806,22.527113302536918],[103.57000206983969,22.579080152127347],[103.52530537204535,22.59677552656933],[103.57839916299105,22.665182771867478],[103.56066085581392,22.70406401804007],[103.61747725637036,22.786260304769314],[103.65628956501149,22.791306626499647],[103.87254808412683,22.56785117838922],[103.8879745284018,22.57071932953346],[103.97280805095085,22.507592362797368],[104.01026538344075,22.524371651830336],[104.00344040235274,22.57703396874274],[104.04367463717483,22.732532507069607],[104.11925193792666,22.8137389585861],[104.25709349207108,22.845654416817922],[104.27122495936442,22.834491921864753],[104.25495957262626,22.779737672155875],[104.26727604615269,22.742275219825558],[104.31983260638975,22.732221769718933],[104.33937797891065,22.71147020218814]]]}},{"type":"Feature","properties":{"Name":"Long An"},"geometry":{"type":"Polygon","coordinates":[[[106.15896165895344,10.98278151505491],[106.17694173357421,10.963829881244067],[106.23732562327893,10.987008838587087],[106.27155704801942,10.982076939399292],[106.28487941954961,10.992774330171244],[106.27168559171673,11.024440647417975],[106.29489614943782,11.025109083817199],[106.3495188607069,10.99957159954971],[106.37126384994679,10.970392207234624],[106.40934935079196,10.975172129989858],[106.53406871080244,10.902945431586431],[106.49897278036957,10.786469270040811],[106.46369449890204,10.758865678808093],[106.48736219101238,10.729022450126024],[106.51817048488005,10.724637832470023],[106.55554734873124,10.650687161583278],[106.60404422086418,10.660320014057447],[106.63878272834029,10.626006593629427],[106.68338539931676,10.656931348802743],[106.72779322767536,10.635916379737182],[106.71858741018087,10.599097974192205],[106.74403146388102,10.577240776540634],[106.74587508936395,10.52091256486301],[106.68500777089196,10.44432300610191],[106.66201859568173,10.44279954826061],[106.6455978771404,10.484806304567371],[106.62560848684228,10.45291815065218],[106.58295083181548,10.436753214589203],[106.58253045541625,10.417647178874233],[106.55740458275534,10.413442060502746],[106.52782505778026,10.434473357659385],[106.47828217608162,10.397833950476468],[106.45020757931638,10.397399501485836],[106.45401277636859,10.411038802199016],[106.42526474657086,10.412639741131215],[106.41223051782418,10.433412647775526],[106.4522172844002,10.451955606266267],[106.41524860124201,10.489246672096272],[106.40140685414309,10.494813784928283],[106.38936447868781,10.476117196151733],[106.36786781474791,10.490017772402325],[106.3678706862832,10.518606027746046],[106.34616553071476,10.52910022569489],[106.34662159041414,10.54537050924165],[106.28496766732405,10.588056121492855],[106.0996871504417,10.576599839610935],[106.10054156664006,10.52367699090047],[105.90827359265222,10.539464897886774],[105.83255684662123,10.639377227277294],[105.77716819895329,10.661236318901047],[105.59393264687424,10.831725452267847],[105.61067840918128,10.833056313997758],[105.58144194588914,10.893149946612823],[105.51408688130459,10.923734016112007],[105.49763023214956,10.95393547893923],[105.66687060829202,10.98889172397395],[105.72442377663606,11.02587863009478],[105.77539517384827,11.033268060772457],[105.86239715520463,10.902429183859795],[105.85131762091152,10.862712688739634],[105.92976728703076,10.840766480688558],[105.92510049089498,10.86235456970769],[105.94823905338967,10.884216728918943],[105.9416015377808,10.917522108258765],[106.07310958314082,10.814264141676858],[106.15981951326,10.815620682648444],[106.18878904877562,10.790987249062368],[106.18528523432616,10.842020372142485],[106.13398050519623,10.915784261934164],[106.14776412281606,10.941947566427075],[106.14134439512782,10.97777016526095],[106.15896165895344,10.98278151505491]]]}},{"type":"Feature","properties":{"Name":"Nam Dinh"},"geometry":{"type":"MultiPolygon","coordinates":[[[[106.10884003384052,19.892775426644675],[106.10687623465054,19.8954937966015],[106.12601374393921,19.906887273428993],[106.10884003384052,19.892775426644675]]],[[[106.12808870023338,19.9112772447491],[106.13506325656408,19.920759007522236],[106.13682657888359,19.921066465944705],[106.13738257484601,19.91831343251897],[106.12808870023338,19.9112772447491]]],[[[106.14073206203511,19.92365468601497],[106.14684238336935,19.938755723198142],[106.14907960344101,19.939235069942583],[106.14836704000697,19.933076885789717],[106.14073206203511,19.92365468601497]]],[[[106.57330440407503,20.214816871401524],[106.56378818197908,20.212033251133676],[106.57317784787944,20.21606382098861],[106.57330440407503,20.214816871401524]]],[[[106.59766203177742,20.219989263693606],[106.59568193057669,20.223101842476126],[106.59631805703276,20.223476094446255],[106.59766203177742,20.219989263693606]]],[[[106.14240776790422,20.471495400992012],[106.18363298007802,20.483660998856067],[106.2175803647421,20.4751101854867],[106.2145514346011,20.41593506914819],[106.28279129538203,20.395981525826812],[106.25081929587384,20.350064956132883],[106.25868780889533,20.329110113940658],[106.3379643530725,20.378243209656432],[106.44015431896673,20.295181852460587],[106.47405072825859,20.292305703645354],[106.52487735170848,20.317432896511036],[106.57618444065946,20.26151743767963],[106.5509538464429,20.224996083602434],[106.54458610316618,20.23988834227322],[106.51724218487897,20.240006106696512],[106.35321923008348,20.178880770930903],[106.1866502460121,20.000326459898247],[106.17813290810727,19.971674573922485],[106.1561177337465,19.953146881423493],[106.13661442791357,19.9684510098063],[106.09809786042797,19.945090227532035],[106.11243212304413,20.046843127408465],[106.13897289997942,20.06604322501488],[106.16598089540207,20.13136942985534],[106.1502073415956,20.224608717718183],[106.10549306385388,20.218092993696757],[106.08999159183855,20.256482308012153],[106.04812400112183,20.218360952096305],[106.02782561456053,20.237419627713678],[106.04691632762649,20.243409769945004],[106.04287357195784,20.255738409500054],[105.98423591385642,20.261544251865757],[105.97978046109944,20.297859700764604],[105.93562771914401,20.327677690872804],[105.9517014522603,20.353302770906225],[105.93576679929839,20.357877098749157],[105.92281122885521,20.394450357198252],[105.97218932867463,20.424312431173803],[105.9762472388191,20.44215367745028],[105.99248699757692,20.429543856763644],[105.9949659437234,20.397249581602978],[106.02669323230691,20.403050788862856],[106.0184734917583,20.41899232703429],[106.04314131182213,20.471269786271648],[106.09715931085356,20.456217442880757],[106.09661023787226,20.48393670221708],[106.11247028667447,20.496746599575943],[106.1285341380401,20.50015753204451],[106.14240776790422,20.471495400992012]]],[[[106.57471073331374,20.215350751236258],[106.58274909769278,20.229320706585384],[106.58495723279015,20.23889579200727],[106.58393764530615,20.22645455013742],[106.57471073331374,20.215350751236258]]]]}},{"type":"Feature","properties":{"Name":"Nghe An"},"geometry":{"type":"MultiPolygon","coordinates":[[[[105.98830266343725,18.796951454146324],[105.98575313310067,18.79743309416199],[105.98679683320734,18.799059335519985],[105.98830266343725,18.796951454146324]]],[[[105.77987673482352,18.802076609547953],[105.76763285187468,18.801850519985578],[105.77636241539324,18.80815357053092],[105.77987673482352,18.802076609547953]]],[[[105.96480348809058,18.80350280211269],[105.95363278412577,18.807136573993716],[105.95262732319247,18.81207792325762],[105.96480348809058,18.80350280211269]]],[[[104.91447787355509,19.99688251151872],[105.04464825381393,19.932584014141014],[105.09178204510533,19.940338725152117],[105.17086326282936,19.915112154502367],[105.18580744835509,19.86324390478245],[105.14777010980276,19.85643600451806],[105.12870841516127,19.825277618067673],[105.1320047434242,19.744248602790833],[105.16031971458324,19.72344614082681],[105.16285747369352,19.686106837160878],[105.23281979339879,19.646403581859886],[105.24433645306493,19.657841621893397],[105.2816596993357,19.60307197219379],[105.26627165701143,19.53003019573697],[105.291419039657,19.475954052837324],[105.34905570375776,19.539770409277025],[105.39326465513977,19.451370106245463],[105.47815349318921,19.446184985848447],[105.52186183065902,19.464965699907168],[105.5882735450881,19.371634679397005],[105.62491978262193,19.382170925148102],[105.6850120986295,19.302285595703722],[105.74019586814484,19.324163033497257],[105.76620508369774,19.29287472199087],[105.79957030122847,19.30175930794576],[105.765466707023,19.2329396632349],[105.75592126685302,19.22665717568816],[105.74896680137687,19.24217519882643],[105.73457990593795,19.217989976556225],[105.73576650022386,19.105385699490512],[105.65179310636682,19.085408168552192],[105.61119243738113,18.983346057474648],[105.6338526738619,18.8990350419337],[105.7180721582036,18.84936635497337],[105.71493471316654,18.8226097362504],[105.75717269686254,18.768234892526323],[105.74035208218288,18.743949849106286],[105.76591469710564,18.67559207101732],[105.71273882503681,18.66649622801856],[105.6748768264045,18.579288772259076],[105.6317672908279,18.567370491554982],[105.5997078313514,18.57753099246139],[105.54324868827638,18.554105944633704],[105.50233988817536,18.61122098216265],[105.47645491036587,18.615665893066534],[105.43302012417945,18.588673858811603],[105.37734130755535,18.579972529508666],[105.27811414824941,18.625398769037986],[105.22888640068692,18.58972871590754],[105.18867436742818,18.601071996175733],[105.19475600128851,18.646827285950508],[105.13722450570646,18.681834382250997],[105.13176118003452,18.71590176615365],[105.0502239857484,18.706951312053434],[105.05640014465104,18.725137399771256],[105.0203397866519,18.730514259225743],[105.01934418318757,18.749455522054745],[104.94075706738482,18.73957136572602],[104.93665846741442,18.773697317976882],[104.9112977143181,18.791641738975102],[104.85512073173646,18.77466388682899],[104.79530365414041,18.784111686705046],[104.7821704693917,18.803388831029793],[104.73684081165419,18.801850800574016],[104.7115352229722,18.84157464045734],[104.67516366177364,18.838573136940795],[104.62651539866675,18.88878820521154],[104.57736121924495,18.90279591410018],[104.52824244703135,18.98644394043555],[104.51061534102524,18.98286853005868],[104.48708071979945,19.006643280163303],[104.44631373469116,18.987468931046408],[104.41955208426134,19.007841201410372],[104.39810976005742,19.058462738964295],[104.30978882669308,19.089096331430596],[104.28067947357891,19.120213083766828],[104.21408550074534,19.11979332520184],[104.22432985533862,19.154708000873597],[104.19868007542522,19.16363596472803],[104.17961657134776,19.198680105902213],[104.12900228412815,19.204086012559458],[104.11164672391726,19.22344654742028],[104.10153329802336,19.21400067928795],[104.06956786806273,19.247656258229767],[103.9977135699254,19.231506920907748],[103.91446337308628,19.303370359754354],[103.87290517883099,19.308000621831297],[103.88231265130787,19.32690849373205],[103.9502211946525,19.3589829431084],[103.9732251763009,19.399701854956675],[104.04834516189976,19.426907598706748],[104.06754693134587,19.417259102525634],[104.07434208282092,19.449265305049835],[104.06359932574833,19.454255732116394],[104.09134115537006,19.489973873795293],[104.12138282485756,19.49902755657655],[104.1018397842787,19.524722468966843],[104.10637709242894,19.569370852482905],[104.05997495268196,19.615024229284813],[104.06941134016125,19.683630592577856],[104.10520698721274,19.661668571747214],[104.13540790595016,19.662722797519166],[104.15436158481936,19.67040307344314],[104.15968057739678,19.696729086877895],[104.23484570806306,19.708514940612076],[104.30360025444827,19.697765944942432],[104.31822473997983,19.668094709803086],[104.3503400401608,19.693258640873637],[104.41445332306245,19.707542400261616],[104.42415608883249,19.673609717714328],[104.44391247468104,19.673307996966514],[104.46218411400571,19.64994456618882],[104.48979834781557,19.654012636873745],[104.52581109480622,19.614191735859947],[104.60940149618216,19.634798833599348],[104.6404676616533,19.623551402175508],[104.66885734129335,19.68531369447146],[104.66145293240697,19.702557816090405],[104.69949129798505,19.73780012017943],[104.72531641961712,19.756673844822103],[104.75484316517998,19.75088153545454],[104.76190729038922,19.776196964518363],[104.79566279929878,19.790484421918563],[104.83105738558993,19.792706492011064],[104.84761431634769,19.843645117028586],[104.83415073686706,19.85328163873669],[104.8485018671675,19.871879535911887],[104.8426021787476,19.92648133884279],[104.89672055560919,19.96135515921327],[104.91447787355509,19.99688251151872]]]]}},{"type":"Feature","properties":{"Name":"Ninh Binh"},"geometry":{"type":"Polygon","coordinates":[[[105.85960912556078,20.422457148678518],[105.89835324400707,20.376299024680293],[105.95124690522056,20.355146748923346],[105.93562771914401,20.327677690872804],[105.97978046109944,20.297859700764604],[105.98057077002505,20.264319964394872],[106.04541444811832,20.253393892214376],[106.0279216081957,20.239006451786395],[106.0396381439852,20.22215986918269],[106.06786114507582,20.226077923057744],[106.08999159183855,20.256482308012153],[106.10549306385388,20.218092993696757],[106.1502073415956,20.224608717718183],[106.16598089540207,20.13136942985534],[106.13897289997942,20.06604322501488],[106.11359453366089,20.04981558102429],[106.09809786042797,19.945090227532035],[106.07996126959699,19.922426059215297],[106.06360300897177,19.91833670967145],[106.02318011437086,19.97091052969722],[106.07153602137038,20.066100086449865],[105.95897640193948,20.067258391661483],[105.91992016928043,20.10496162397982],[105.74012889833006,20.185571664001145],[105.59612948558737,20.313973077795367],[105.56238391418634,20.317235257001585],[105.5425765682541,20.354411469513764],[105.59729773730078,20.364657106540278],[105.68497981027008,20.30670348447825],[105.72703790527515,20.33996099200624],[105.68425383074975,20.411302379801043],[105.72944241903247,20.40010699753998],[105.74447453936858,20.367283249222623],[105.75746344768004,20.378579041689477],[105.75015199361968,20.440714444715923],[105.78021889808372,20.437904316930712],[105.78992887461794,20.455534038165354],[105.8224492357437,20.418737229839337],[105.85960912556078,20.422457148678518]]]}},{"type":"Feature","properties":{"Name":"Ninh Thuan"},"geometry":{"type":"MultiPolygon","coordinates":[[[[109.1449976816977,11.5844866338511],[109.14218827337015,11.581396540817764],[109.14088465030642,11.584797835251948],[109.1449976816977,11.5844866338511]]],[[[109.17651379327702,11.649949666943598],[109.1736451915724,11.651792785208897],[109.1779160872577,11.653890747060359],[109.17651379327702,11.649949666943598]]],[[[108.7811511320192,12.167684995466232],[108.80714779123764,12.061023583271776],[108.79733813744514,12.045854497986738],[108.8525271194311,12.015518384166171],[108.84826803184427,11.96609509970915],[109.03726766267255,11.90861853022102],[109.09096307488608,11.816512827904717],[109.19324777626395,11.812743931087596],[109.18501243787375,11.794042067787245],[109.22907675039176,11.748407968852746],[109.22796396616417,11.72345815826742],[109.19334198474485,11.724257866907067],[109.20203725081853,11.708374606602888],[109.12718074589475,11.564333996816572],[109.09064558992208,11.588669450834516],[109.05485988937244,11.5853976102116],[109.0335757244402,11.640716178209118],[109.00930674471056,11.63131289207638],[109.04203381141133,11.592227658079992],[109.02345827767743,11.57458923050865],[109.03035317835656,11.54016385617706],[109.02748444625024,11.550790268855849],[109.0033782608981,11.543056555215912],[109.02400449531126,11.537421766601312],[109.01042019623515,11.514320490898001],[109.00533370088965,11.409981514035678],[109.01915044413772,11.36385300201448],[108.93115061011264,11.308089014196696],[108.88454321719576,11.338229782678354],[108.86449019716491,11.3336272790757],[108.87440080705164,11.349874317845547],[108.84241618196131,11.37794678051955],[108.75546929127484,11.41258102959091],[108.75869114757847,11.471639708006194],[108.68474345614567,11.470302872079913],[108.64225491773033,11.551273028527476],[108.58225320302296,11.556813910833341],[108.55067323058518,11.602370488207498],[108.56119020116694,11.64324683897047],[108.67297089978723,11.6673491536406],[108.69922286574274,11.701239430455416],[108.66515458971259,11.753168371822937],[108.67035014314467,11.785199266133247],[108.61718801811259,11.807068216125344],[108.65238703603296,11.849126737409051],[108.65957726687742,11.961060836088791],[108.70959189155263,12.056385435039829],[108.67169030656248,12.122901728931708],[108.72705052216395,12.163277455889954],[108.76415122759715,12.154958521018955],[108.7811511320192,12.167684995466232]]]]}},{"type":"Feature","properties":{"Name":"Phu Tho"},"geometry":{"type":"Polygon","coordinates":[[[105.32294190784285,21.507734553906573],[105.34125151384637,21.42230849683972],[105.38702221170576,21.42897548862794],[105.3934026084437,21.360541042435216],[105.45477054082784,21.310022676905078],[105.44712022671717,21.26583769245559],[105.40203409279923,21.297588206930243],[105.36083811488714,21.29242573865696],[105.33965143376673,21.209776090194453],[105.28501903589984,21.16803305018516],[105.31830476235496,21.11216904606465],[105.2920862790586,21.049533210789093],[105.34284447489267,20.942649957429637],[105.27836092761476,20.92545247015545],[105.24097084462886,20.946011236529387],[105.20107257583874,20.918491740001855],[105.19752196426731,20.957206557636596],[105.12037775313087,20.942834327442313],[105.05299596429239,21.011204058420617],[105.01660132918806,21.01608196411138],[105.00771487174399,21.03867595473156],[104.91015765275353,21.066928981487365],[104.92392850629557,21.08604587201944],[104.90950069260293,21.118844640767634],[104.85162656071725,21.151456891922066],[104.86233007587236,21.208413092090552],[104.84273718227519,21.22701592474516],[104.85320254256334,21.23435767246866],[104.84167605600521,21.310376544841745],[104.81166618294804,21.334421545717817],[104.84784553294503,21.33991492223595],[104.85272551606977,21.365443288277163],[104.8817354140582,21.3430670828796],[104.8986129108572,21.351228724526038],[104.88038886725246,21.389142690482856],[104.91073573336746,21.441037541249557],[104.86626836899012,21.54975117307822],[104.89590228766053,21.565267856226626],[104.88672479791114,21.61131993576646],[104.90385068116404,21.610049593913686],[104.90647797857594,21.633003222520756],[104.95203201176798,21.661875038602204],[104.983755140987,21.66194817147101],[104.97845041615386,21.67409299409644],[105.03003516269268,21.701813321827387],[105.09640035069566,21.68322090691936],[105.09043881230139,21.720620960688848],[105.23243638812886,21.65978619857424],[105.2234142886386,21.63054660744001],[105.24724672215854,21.612523833008538],[105.24733579371195,21.584148207973442],[105.27275114015305,21.560341273830772],[105.26502310213453,21.547103161581674],[105.29173724677656,21.53806685460171],[105.2995192531111,21.51021446322693],[105.32294190784285,21.507734553906573]]]}},{"type":"Feature","properties":{"Name":"Phu Yen"},"geometry":{"type":"MultiPolygon","coordinates":[[[[109.39530914610026,12.832545397951776],[109.39100366069044,12.834884387104808],[109.39497837185445,12.834228037593903],[109.39530914610026,12.832545397951776]]],[[[109.32185067956527,13.168024518117079],[109.31727642816469,13.168626069237746],[109.31991735839944,13.170672761638684],[109.32185067956527,13.168024518117079]]],[[[109.31230407387397,13.175184342883142],[109.30802403298281,13.17905202662979],[109.31142321401018,13.181214443791589],[109.31230407387397,13.175184342883142]]],[[[109.22370636425734,13.644293200670745],[109.25723576561813,13.589158331791623],[109.29612922908069,13.56900377650311],[109.27629693865288,13.55471667793239],[109.27744559773623,13.52758777315728],[109.26944937289034,13.557837566450587],[109.24620286477045,13.57334142077002],[109.20356640676431,13.65167851155411],[109.19226014888682,13.616703565117461],[109.22154010968836,13.607098584432151],[109.24416602264387,13.5556360710479],[109.26757213524593,13.55516637312968],[109.24506658935167,13.52595889588639],[109.28143007104103,13.510443043711575],[109.29290253262582,13.527527265870674],[109.29451529764293,13.478076517017712],[109.32855265228312,13.464816207701858],[109.3144533924102,13.458280195874408],[109.30951366372466,13.41567541019208],[109.26582748914734,13.413609912067841],[109.25697375803259,13.430357860626827],[109.29021744208137,13.457170413583754],[109.23904586927154,13.493490797062691],[109.2180289189995,13.44848244101189],[109.23701150927377,13.429741552530686],[109.2180737421096,13.418137081261364],[109.22544054944188,13.397907974873192],[109.211495454052,13.405323504775993],[109.26099038299986,13.35840339869793],[109.23836618505146,13.365876156959132],[109.22995423869725,13.352163763846647],[109.29328608808254,13.363869066204472],[109.29745903590583,13.335597945089148],[109.27713573542593,13.329024375774395],[109.28875528832594,13.286939230960797],[109.26454317902454,13.31755749178484],[109.26382409820366,13.294209180409382],[109.24608626586854,13.2904995947805],[109.28057398300297,13.232073391573806],[109.27603439057475,13.283768162970375],[109.2894831006646,13.283906847423111],[109.2935343018666,13.293223093570987],[109.31446597482494,13.258176178887595],[109.29160693601136,13.217628981792132],[109.30451266422813,13.188233025533748],[109.29091035982532,13.155039180114102],[109.32754060471518,13.090461436945816],[109.30064284818894,13.068707978790258],[109.33343584868555,13.070848487567673],[109.3330923058653,13.0834953908996],[109.36502430712613,13.022289510052872],[109.39043897098179,12.984056540177221],[109.41797357611972,12.952492151191848],[109.40920000157888,12.9532493156035],[109.40627312020837,12.950299863048315],[109.42585002475892,12.946249088124944],[109.39118478325122,12.989494130849494],[109.45399590808478,12.91456778097836],[109.45782318169455,12.883014203642631],[109.4515315246602,12.861195322506205],[109.42529410074224,12.848350455908871],[109.43308648525317,12.882882881939508],[109.38692560213491,12.844282622644982],[109.36462514573395,12.868159167011981],[109.31765746911697,12.836827930864388],[109.25375793528053,12.839150383283595],[109.22603844931507,12.813714528702576],[109.20229056285928,12.82955104764278],[109.16447924911813,12.827600926241814],[109.14119242259227,12.781538106998084],[109.11466202833003,12.799427121664394],[109.08343311524612,12.743844887731427],[109.04008590593986,12.747247832421579],[108.99027054494974,12.706969813206342],[108.98566946407459,12.781978749619668],[108.96516478292847,12.817255552601694],[108.93799263515206,12.806584147740296],[108.86837881622944,12.817760478763148],[108.8436605073266,12.858817847765522],[108.78811220481447,12.872912361016688],[108.74951578832304,12.94313930173746],[108.70418452439634,12.943225401930817],[108.70210657875566,12.96857335587572],[108.67230830718267,12.989384813758193],[108.6919095743674,13.017471365211406],[108.75392127384777,13.033540988425898],[108.76012849713248,13.135235534892047],[108.83780990390403,13.163178986221283],[108.87092527088458,13.277463142909767],[108.80830770623572,13.359657640887463],[108.79191660236938,13.475294422000047],[108.73887841290849,13.459277405527871],[108.71264849113504,13.465058460779403],[108.70187803944003,13.48820126267816],[108.7469730307808,13.566590668824347],[108.7863578730175,13.578742509759081],[108.84895079804096,13.570419486570074],[108.87051955972998,13.53663694044252],[108.91139265494712,13.541929261825999],[108.99087434077825,13.517668290559186],[109.02361315712159,13.530034314931754],[109.05524211742983,13.566999740745473],[109.11589379915955,13.587169222981288],[109.11845835986549,13.640593339411112],[109.14931813182636,13.634802949196796],[109.161309566983,13.68271293995025],[109.20034985106486,13.694629279917365],[109.23099947124865,13.672844307718663],[109.22370636425734,13.644293200670745]]],[[[109.3382950179008,13.27737906709035],[109.32840499439504,13.289687224585805],[109.34010506809449,13.283923524451154],[109.3382950179008,13.27737906709035]]]]}},{"type":"Feature","properties":{"Name":"Quang Binh"},"geometry":{"type":"MultiPolygon","coordinates":[[[[105.89346246182322,18.090823480519248],[105.93174185380354,18.089580643531917],[105.95072366616432,18.058707964501025],[105.98425047837696,18.06489019202877],[106.02028413640386,18.02538939480479],[106.04504528990827,18.029119862691573],[106.07581419077235,17.990057182792782],[106.04391420537632,17.94730864767598],[106.12996917363853,17.922174396031608],[106.19699609089696,17.917502914427985],[106.22288596911227,17.930903784182362],[106.27797383222662,17.916493009045155],[106.28387591194382,17.942461032950348],[106.3439035496092,17.990501752753744],[106.43548598319165,17.972672400011277],[106.44826328282431,17.95109660562389],[106.50845944085057,17.96102258762238],[106.51385939939183,17.942342856637595],[106.44674237725894,17.87742298348394],[106.44149155059466,17.83496932167691],[106.46248657089859,17.75751358718236],[106.52433660465067,17.644003423019626],[106.51580589742429,17.635820216529794],[106.5447585553631,17.619831908216042],[106.62864885456105,17.483125980179864],[106.75107633460522,17.34742588269836],[106.98956204505242,17.165070406274253],[106.93440564280621,17.110852697494067],[106.85941510472338,17.07812544283496],[106.87327960736803,17.05562268753704],[106.85587932926768,17.036014325600718],[106.80868155840727,17.035502534014768],[106.80287097841301,16.993654190588472],[106.77034976293129,16.96201518575225],[106.77029175935729,16.93158022744558],[106.74153782191303,16.923025002901625],[106.6845882947141,16.95770512908848],[106.6582493661154,16.937490893889674],[106.60561425459423,16.940298231977863],[106.58448575331494,16.97381673625341],[106.59135293778792,16.987270835081006],[106.56122774826201,16.98886156580869],[106.54720934193762,17.010282442980383],[106.51460155321917,16.972668480965694],[106.43705869240478,16.996493285536758],[106.40045557826238,17.053222148783163],[106.4147888417317,17.07935607872008],[106.37233478512229,17.11158930700094],[106.32554798015519,17.199637094676234],[106.30168087327377,17.20912952520746],[106.33294065198953,17.23315533275246],[106.3072478458115,17.240695076116936],[106.31688742971119,17.247511939024832],[106.30244643195732,17.29583988520261],[106.2755196812883,17.29695796194045],[106.27411082855195,17.26362629811524],[106.2322802656218,17.251715082485134],[106.0878057347469,17.363614908001637],[105.85207018079427,17.634280082559826],[105.83415690871442,17.630522466838443],[105.82688795031873,17.655615429708348],[105.81534359962745,17.645097426704922],[105.78834876758162,17.67166668966604],[105.74883470265945,17.670252901450283],[105.72803287471743,17.745754171717692],[105.6743824519886,17.794841897535605],[105.68139144605846,17.834171774108142],[105.6071710657921,17.892077862503413],[105.64173520371673,17.991198917995746],[105.70414262018585,17.993430672887314],[105.73691327342891,18.037758987687198],[105.77588445000742,18.018059806814676],[105.8079007060528,18.02701960217297],[105.83302473510349,18.04031143092783],[105.81802638880686,18.06162086860826],[105.87053440723719,18.06796419439212],[105.89346246182322,18.090823480519248]]],[[[106.47267976126204,17.87820645216607],[106.46447076491393,17.87825845096677],[106.47049926862638,17.88556057456094],[106.47267976126204,17.87820645216607]]],[[[106.4961233324259,17.90927797040206],[106.48902778490441,17.913738238129213],[106.4930863749363,17.916076275799526],[106.4961233324259,17.90927797040206]]],[[[106.53221044435656,17.932073066518853],[106.523631154854,17.939164066168757],[106.53378358164701,17.9367582088243],[106.53221044435656,17.932073066518853]]],[[[106.52077834524448,17.940574476530912],[106.52010948436526,17.94557435547216],[106.52276835337688,17.943227749960727],[106.52077834524448,17.940574476530912]]]]}},{"type":"Feature","properties":{"Name":"Quang Nam"},"geometry":{"type":"MultiPolygon","coordinates":[[[[108.64510264976752,15.478408736074357],[108.63794768044119,15.482103115966083],[108.64736130607946,15.48150979364209],[108.64510264976752,15.478408736074357]]],[[[108.62436112226806,15.481374047274528],[108.60997183912912,15.486312858651559],[108.61173922908222,15.489389285587094],[108.62436112226806,15.481374047274528]]],[[[108.67281083125494,15.516835535931307],[108.6775371184433,15.475230974429962],[108.6491471033562,15.49577221481593],[108.67281083125494,15.516835535931307]]],[[[107.81362051707328,16.054180846069244],[107.86159636428084,16.062000872142562],[107.90047001388012,16.03505579239095],[107.96098999888937,16.06574602955567],[107.9570868305928,16.03892741606745],[107.98164973214949,16.008875336027984],[107.94891495016486,15.949693824610392],[107.98163469458552,15.920725517568656],[108.03797781882133,15.935212177500034],[108.08102111663129,15.927082576000146],[108.10577998765638,15.947045224057888],[108.14336889276024,15.933151275810758],[108.15167507164728,15.954817474546871],[108.17727430876238,15.941591971692162],[108.18299584957884,15.966224838705386],[108.20132512825211,15.965308586921822],[108.20909481567327,15.943813247683295],[108.24520864466331,15.975825590778413],[108.26986292903104,15.960921792007127],[108.28756393502766,15.968486016716327],[108.4035697844181,15.871156681435764],[108.42090666391147,15.795387971677599],[108.50641996690803,15.65587812927231],[108.58764390394305,15.547221979410892],[108.64395691258153,15.500311537447544],[108.62994782503216,15.481632807408175],[108.60660036891198,15.496667366705651],[108.59799013643573,15.490583682391105],[108.6250457131892,15.474230287098123],[108.62197275943538,15.453520137844123],[108.65065550564714,15.439559367271045],[108.6409477306533,15.448755275135909],[108.65349157527606,15.476154457662119],[108.67535649810395,15.445133497512927],[108.66743005255495,15.464433413571214],[108.68372625456306,15.47428688862908],[108.68785642163658,15.486783082673185],[108.6977516432238,15.438406451696437],[108.7368287563421,15.400675583211637],[108.71228496807686,15.372091221033088],[108.65018676730551,15.369424100741696],[108.48403547335846,15.310241171992516],[108.4426410096749,15.311296405005123],[108.43235629800483,15.326887050197286],[108.39446073397573,15.300004248497316],[108.31327454778221,15.299125216055927],[108.3016619709233,15.260779320109577],[108.2794517021344,15.243590527480933],[108.30562847127698,15.224999534401036],[108.28972307236194,15.198760613111858],[108.29974988904621,15.174809291016004],[108.25691215017565,15.120509216926848],[108.25393526470077,15.090386971781356],[108.23363726035137,15.079354838954714],[108.2397477318724,15.036785398427469],[108.21039684333971,15.033133657192593],[108.16971213630609,15.063010641927633],[108.14993244812405,15.053415675193321],[108.1585889147467,14.978807975807513],[108.14830599182812,14.964274545733758],[108.08784860502914,14.951615609472867],[108.04253900666987,14.994540871264235],[107.98514822171313,15.001889809966826],[107.950753831724,15.054129700025669],[107.97455014127604,15.07048704064448],[107.99815936486289,15.153221088682358],[107.94938522724652,15.17638832156382],[107.92651160862391,15.210291588186294],[107.88964097674972,15.194312529399781],[107.86869989778211,15.210927858533921],[107.73510073531077,15.230264183645204],[107.72701664670092,15.309086636738925],[107.69101496586802,15.318740249163227],[107.63656973490538,15.415839948854625],[107.60130953430763,15.421950557971911],[107.55962260569873,15.395761567942031],[107.51708362520918,15.416563734029125],[107.52536073620905,15.440575200085448],[107.51235238365564,15.47368002970967],[107.47749304956466,15.47878967540322],[107.46927020905298,15.498592619154124],[107.38046012543452,15.49481640185553],[107.36283015598696,15.570452659462717],[107.3413260348687,15.575713974920063],[107.35125701799706,15.590672532511405],[107.34105765828434,15.61459821583503],[107.27386904112342,15.63530241787231],[107.26485903661529,15.72149000376072],[107.25000990043662,15.721518003253323],[107.24541396098556,15.746063350043642],[107.21136819678492,15.741694219612612],[107.2276675212392,15.78539886806334],[107.20871770675683,15.828557253914198],[107.3257702482984,15.89050331997231],[107.3983503119174,15.896785116839737],[107.4264447288412,15.932843430679839],[107.44144286379719,15.991871443112643],[107.48656441391665,16.041567014406212],[107.50818620413008,16.018826310186114],[107.54456138779784,16.011509297416183],[107.55862097138078,16.02268769058452],[107.55397009414457,16.04691240658235],[107.61808984137315,16.06495746711346],[107.61932082799387,16.0333484375804],[107.7008926003133,15.996001433019785],[107.77210521868096,16.06775584615542],[107.81362051707328,16.054180846069244]]],[[[108.69424796097468,15.811683608911494],[108.68969524204186,15.819478830783453],[108.69651355735488,15.814884019981605],[108.69424796097468,15.811683608911494]]],[[[108.53911108500864,15.90406249019179],[108.53285981203078,15.91233633305535],[108.5407614479825,15.914910059651561],[108.53911108500864,15.90406249019179]]],[[[108.48048442561583,15.940783651144613],[108.47535180044531,15.946596303176875],[108.48375034780037,15.950331253284787],[108.48048442561583,15.940783651144613]]],[[[108.53608306588086,15.951367125692343],[108.53177851216867,15.923258976120906],[108.4816950129146,15.967875994881297],[108.5018189858576,15.979568780474892],[108.53608306588086,15.951367125692343]]],[[[108.44709644894203,15.969315868832325],[108.44535857114118,15.980512385138525],[108.44994368815077,15.981321806456265],[108.44709644894203,15.969315868832325]]]]}},{"type":"Feature","properties":{"Name":"Quang Ngai"},"geometry":{"type":"MultiPolygon","coordinates":[[[[108.7942902001327,15.424445587593823],[108.82686776803314,15.417666967456626],[108.83377571787514,15.367412186922934],[108.88202054691078,15.329861824963302],[108.86803047732474,15.302042739980493],[108.88886547496173,15.269120992539797],[108.93867470527351,15.2416598629124],[108.933615671626,15.216945193565891],[108.89406541978337,15.191749680103726],[108.90192404925551,15.077828696637084],[108.97780212017176,14.863397961446822],[109.0747658468664,14.705722768790793],[109.081681904996,14.673041496467931],[109.07326921220442,14.666680341624499],[109.0646416587856,14.692840552449582],[109.06300958802211,14.652166609401547],[109.07989437742361,14.579759392781796],[109.04681213966859,14.604941932624115],[109.04038591257984,14.637147625462603],[109.00713755565374,14.671310395058754],[108.93216040487886,14.698417357275275],[108.84782368131789,14.684298325807163],[108.83632167160789,14.694867019097728],[108.81143940100759,14.672169924802233],[108.76137807004199,14.671635000854678],[108.75712562125051,14.596639566862564],[108.73244630605222,14.590176456778124],[108.70204396885413,14.615115732704965],[108.60868058084418,14.534197138886896],[108.52611385796826,14.622970865613013],[108.47920276669441,14.629199285918332],[108.51110807967422,14.685937974258138],[108.49503640240812,14.70145078222788],[108.52685115455722,14.74662151986729],[108.51733753959581,14.771556940400501],[108.49193914987194,14.801402607144666],[108.45586563838856,14.791327679428889],[108.38262002339542,14.83946041066946],[108.36441191757598,14.880378886576409],[108.32170566588383,14.91227860577311],[108.31262157792355,14.945782326093536],[108.23671048120383,15.03273522245263],[108.23363726035137,15.079354838954714],[108.25393526470077,15.090386971781356],[108.25691215017565,15.120509216926848],[108.29974988904621,15.174809291016004],[108.28972307236194,15.198760613111858],[108.30562847127698,15.224999534401036],[108.2794517021344,15.243590527480933],[108.3016619709233,15.260779320109577],[108.31327454778221,15.299125216055927],[108.39446073397573,15.300004248497316],[108.43235629800483,15.326887050197286],[108.4426410096749,15.311296405005123],[108.48403547335846,15.310241171992516],[108.65018676730551,15.369424100741696],[108.71228496807686,15.372091221033088],[108.7368287563421,15.400675583211637],[108.76904380123051,15.386364515909747],[108.78005643495658,15.340617376690659],[108.77661474657333,15.387216163095502],[108.80519801427698,15.401927765054381],[108.7942902001327,15.424445587593823]]],[[[109.14112919485655,15.388664304514066],[109.11385216364647,15.369902837745826],[109.09027758913948,15.384902739869574],[109.14112919485655,15.388664304514066]]],[[[109.08419865144668,15.427794563068687],[109.07719206576127,15.432539194628191],[109.08521031770204,15.432839937812957],[109.08419865144668,15.427794563068687]]]]}},{"type":"Feature","properties":{"Name":"Quang Ninh"},"geometry":{"type":"MultiPolygon","coordinates":[[[[107.12023822471434,20.76101014170473],[107.12480590027212,20.761552798922594],[107.12247670473619,20.758973500126956],[107.12023822471434,20.76101014170473]]],[[[107.12871862566408,20.758998229684607],[107.12399529364797,20.768315581998536],[107.13299155111923,20.7631585968918],[107.12871862566408,20.758998229684607]]],[[[107.1337239553963,20.799434347017552],[107.13342855238585,20.78090568594871],[107.12159191573437,20.769827062668867],[107.11091880755697,20.80776971160293],[107.1337239553963,20.799434347017552]]],[[[107.11899094507612,20.807281822198377],[107.11659799210372,20.813139471809222],[107.12196231141161,20.809194306971733],[107.11899094507612,20.807281822198377]]],[[[107.1249584100027,20.812356557109467],[107.12880077513574,20.813839615605843],[107.12682438273913,20.810936850455334],[107.1249584100027,20.812356557109467]]],[[[107.08031158860899,20.83067376957888],[107.07684588742785,20.84089243054126],[107.08572486700905,20.833728308814443],[107.08031158860899,20.83067376957888]]],[[[107.12342227711645,20.840008383480153],[107.11533736832496,20.83485960828432],[107.11115154760591,20.841728008640757],[107.12342227711645,20.840008383480153]]],[[[107.09756715589958,20.85939094453653],[107.10451319023161,20.828057031107164],[107.08179898363625,20.845611550132958],[107.09756715589958,20.85939094453653]]],[[[107.05273627296071,20.847228892699263],[107.05394627570013,20.85252846891376],[107.05592610980216,20.85008344879219],[107.05273627296071,20.847228892699263]]],[[[107.10988889855389,20.85410347679408],[107.11638582764391,20.854887549820603],[107.11747519622338,20.8511019741768],[107.10988889855389,20.85410347679408]]],[[[107.04307775833195,20.853200690559447],[107.04775793368174,20.857021497144444],[107.0458041007787,20.85299151814411],[107.04307775833195,20.853200690559447]]],[[[106.89600214977946,20.858062050523245],[106.87807888263438,20.85183529216505],[106.88745037323622,20.874056538978152],[106.89600214977946,20.858062050523245]]],[[[107.12803621020299,20.86100309351798],[107.13013619103248,20.8647101097838],[107.1369918866663,20.85995773865875],[107.12803621020299,20.86100309351798]]],[[[107.06528325082144,20.857710538810352],[107.06592649541147,20.866752587062308],[107.07041121300716,20.862122731478905],[107.06528325082144,20.857710538810352]]],[[[107.08065060334275,20.865384973637674],[107.08607283809107,20.866733926129825],[107.08501416966828,20.863823986188038],[107.08065060334275,20.865384973637674]]],[[[107.0226935170922,20.86950325257311],[107.02724250563716,20.865972202155433],[107.02443057561061,20.865378698168456],[107.0226935170922,20.86950325257311]]],[[[107.03673667815525,20.868951577853068],[107.04363767983511,20.875760965596157],[107.04395786816116,20.86646487685266],[107.03673667815525,20.868951577853068]]],[[[107.00218307578837,20.872672128016347],[107.01241739304834,20.878625850402727],[107.01033120961768,20.870287568416586],[107.01289728837924,20.865198329239547],[107.00218307578837,20.872672128016347]]],[[[107.11421885361727,20.871696002068916],[107.1179543037482,20.873500583485168],[107.11710242004074,20.86991790928414],[107.11421885361727,20.871696002068916]]],[[[107.01617447007578,20.8688286567172],[107.01565250625822,20.877026162427512],[107.01965091995407,20.873815683447106],[107.01617447007578,20.8688286567172]]],[[[107.05801746073729,20.869559902667447],[107.0658232199657,20.873983522121875],[107.06378889863885,20.868680522188413],[107.05801746073729,20.869559902667447]]],[[[106.93218835620775,20.87621841294947],[106.93797769331593,20.87787406393693],[106.93430912216832,20.874435760601898],[106.93218835620775,20.87621841294947]]],[[[106.96483865497999,20.877258530157064],[106.96439910233676,20.882279759903042],[106.96539906841235,20.87775641372758],[106.96483865497999,20.877258530157064]]],[[[107.03751308715931,20.878575230262697],[107.02835667931737,20.883506624031497],[107.0355612714356,20.884506661153523],[107.03751308715931,20.878575230262697]]],[[[106.96706197872737,20.878216273961925],[106.97239505738605,20.879603627505446],[106.97026133759073,20.87578430210391],[106.96706197872737,20.878216273961925]]],[[[106.97643657109097,20.889735362696854],[106.99469469270599,20.871180731006007],[106.97822232879747,20.872047951751597],[106.97643657109097,20.889735362696854]]],[[[107.01094084744221,20.885463099142783],[106.99998761033999,20.892451257719415],[107.00648700627039,20.89712913889872],[107.01094084744221,20.885463099142783]]],[[[106.94833816477455,20.88523849615973],[106.95248436136427,20.893339689874836],[106.95919142514424,20.887819234769893],[106.94833816477455,20.88523849615973]]],[[[106.99634700001411,20.887485921737948],[106.99677196205647,20.89476134805784],[106.9980752496731,20.894726739447492],[106.99634700001411,20.887485921737948]]],[[[106.96398336014403,20.885374111226326],[106.96274600182659,20.896472613120636],[106.9643767613785,20.897590690757795],[106.96398336014403,20.885374111226326]]],[[[106.969701431376,20.89478942039551],[106.97225326757427,20.896149893203074],[106.97379029258798,20.890690868089166],[106.969701431376,20.89478942039551]]],[[[107.10409365469849,20.895643165699596],[107.10815730881279,20.891927586988572],[107.10445592320235,20.89175035759297],[107.10409365469849,20.895643165699596]]],[[[107.00971199671136,20.897595564183973],[107.01415699664813,20.901230971032533],[107.01328881182928,20.896384870765246],[107.00971199671136,20.897595564183973]]],[[[106.96560427391819,20.899736385026188],[106.97086402455517,20.904405128194185],[106.9683007543764,20.8990786901295],[106.96560427391819,20.899736385026188]]],[[[107.00634504378883,20.90477919040734],[107.00968749468217,20.90918441243076],[107.00978172744482,20.904148994080856],[107.00634504378883,20.90477919040734]]],[[[107.01700716674742,20.90114682146867],[107.01721060058878,20.915286791851997],[107.02194666430717,20.90207261865646],[107.01700716674742,20.90114682146867]]],[[[107.10490103005856,20.90732914972051],[107.10884768417333,20.91042799945268],[107.10732082419673,20.90539184186008],[107.10490103005856,20.90732914972051]]],[[[106.94072614379655,20.910058522882593],[106.94730270425646,20.910138366492447],[106.94808335356396,20.908302396938097],[106.94072614379655,20.910058522882593]]],[[[107.12302468863851,20.91111486565859],[107.12814591760008,20.91092071641799],[107.12406270592919,20.908009941006014],[107.12302468863851,20.91111486565859]]],[[[106.944595488591,20.911916723677905],[106.9463863409569,20.91807365147787],[106.9475188680014,20.917691752572352],[106.944595488591,20.911916723677905]]],[[[106.97741520434829,20.929033244089],[106.99265318489665,20.939255330569097],[106.98927535287527,20.916603259033252],[106.97741520434829,20.929033244089]]],[[[107.10394474765206,20.930218809550468],[107.10839312724107,20.929720415165093],[107.10590341620974,20.92810378755979],[107.10394474765206,20.930218809550468]]],[[[107.12745410602224,20.930697934162367],[107.13244575167016,20.92942182855461],[107.1272920823638,20.92848370076223],[107.12745410602224,20.930697934162367]]],[[[107.09523782636467,20.92966693967759],[107.09743498703506,20.941839795070564],[107.10329855958094,20.93425892570889],[107.09523782636467,20.92966693967759]]],[[[107.07528954767457,20.936469595995106],[107.07973813320837,20.935971774477878],[107.0770060548856,20.934124324178242],[107.07528954767457,20.936469595995106]]],[[[107.0807481177315,20.941369374996725],[107.08537064743751,20.94276557966782],[107.08222502756303,20.93816243484855],[107.0807481177315,20.941369374996725]]],[[[107.14718225135988,20.73804198994594],[107.15162500658886,20.735784934427215],[107.14812988678489,20.73474441702126],[107.14718225135988,20.73804198994594]]],[[[107.15514241788833,20.741737139657346],[107.15900834885628,20.74414517515976],[107.15894760774597,20.741884637466114],[107.15514241788833,20.741737139657346]]],[[[107.1416843692383,20.768146026517968],[107.13541372036696,20.746801128569302],[107.14362433729337,20.74399036856073],[107.1285362980118,20.740885461894607],[107.1416843692383,20.768146026517968]]],[[[107.14324905110288,20.755766050063187],[107.14789079842166,20.755073338264026],[107.14617323090994,20.75313769774658],[107.14324905110288,20.755766050063187]]],[[[107.1522740113366,20.750645465016248],[107.14536538880174,20.762944635586507],[107.15196233869102,20.758249589946672],[107.1522740113366,20.750645465016248]]],[[[107.18317933935509,20.772429697072937],[107.18571713174032,20.778146368959824],[107.18662434983395,20.777405291620937],[107.18317933935509,20.772429697072937]]],[[[107.13126776659419,20.77479556696187],[107.13493565335779,20.777222606937812],[107.13410960087742,20.77496407473234],[107.13126776659419,20.77479556696187]]],[[[107.1677101521019,20.779283273904014],[107.17254060056831,20.778629739271082],[107.16772224078886,20.77644724294595],[107.1677101521019,20.779283273904014]]],[[[107.17218694487167,20.799131200844272],[107.17765815939657,20.797158670136582],[107.17025310929364,20.795085527774916],[107.17218694487167,20.799131200844272]]],[[[107.17081788983381,20.80646855358094],[107.17158229558652,20.81024753449617],[107.17259951515558,20.806999696778632],[107.17081788983381,20.80646855358094]]],[[[107.18273682524438,20.8090304028309],[107.18802721938073,20.810361065810582],[107.18525764922117,20.80610273994955],[107.18273682524438,20.8090304028309]]],[[[107.16471273060807,20.81321105244814],[107.17042100912232,20.821151812506173],[107.17212107942436,20.814654985039567],[107.16471273060807,20.81321105244814]]],[[[107.17477255960603,20.820433884616136],[107.17380329098916,20.825517399608373],[107.17927721157412,20.823072919979325],[107.17477255960603,20.820433884616136]]],[[[107.17676791420791,20.826530028138336],[107.17833718621222,20.830584626978975],[107.17947303535237,20.827306080111555],[107.17676791420791,20.826530028138336]]],[[[107.13588205761096,20.832635063257612],[107.1401706492561,20.83413920815798],[107.13747484418877,20.82925329310507],[107.13588205761096,20.832635063257612]]],[[[107.2199432999434,20.831034471463738],[107.2234431636711,20.834193451666522],[107.22428675922663,20.832360877952226],[107.2199432999434,20.831034471463738]]],[[[107.16669854879905,20.831207113417577],[107.15619742067446,20.835729855248644],[107.16411239087421,20.83623195663955],[107.16591729424778,20.84441993493209],[107.16669854879905,20.831207113417577]]],[[[107.21151159278583,20.834256050776162],[107.20534309790571,20.84299199588395],[107.21362366589955,20.835889334725096],[107.21151159278583,20.834256050776162]]],[[[107.15850474469829,20.839949976110574],[107.16304983018557,20.84263824395987],[107.1608533359128,20.836963045208392],[107.15850474469829,20.839949976110574]]],[[[107.19052433273185,20.840001360674307],[107.19206766199306,20.84430734970448],[107.19408462100853,20.84195478078857],[107.19052433273185,20.840001360674307]]],[[[107.15125211709159,20.840814913477516],[107.15630517924069,20.845606594868514],[107.1566625977008,20.84031120140088],[107.15125211709159,20.840814913477516]]],[[[107.18065004916048,20.841328494714332],[107.17222940006684,20.854827299740123],[107.18565837183644,20.843654517442076],[107.18065004916048,20.841328494714332]]],[[[107.14509346169399,20.859422976589144],[107.15009420668235,20.8605705007281],[107.1480991866282,20.85640889515446],[107.14509346169399,20.859422976589144]]],[[[107.21679812523337,20.859358798269966],[107.21739473907598,20.8672225286968],[107.22090831027037,20.85860080558274],[107.21679812523337,20.859358798269966]]],[[[107.22657736575286,20.8607338571818],[107.22544149233107,20.8669100934261],[107.2299015181406,20.863244834481577],[107.22657736575286,20.8607338571818]]],[[[107.16025116695783,20.864711948897366],[107.16437431392353,20.86754811565305],[107.16645794507815,20.86381238313504],[107.16025116695783,20.864711948897366]]],[[[107.21354244812557,20.8638915414615],[107.21530140783375,20.871077714564933],[107.21460712761689,20.86348634741705],[107.21354244812557,20.8638915414615]]],[[[107.23783849834808,20.866248826422236],[107.24116076935411,20.86930490889449],[107.24233212282928,20.866309728511226],[107.23783849834808,20.866248826422236]]],[[[107.19137401669758,20.867678174708033],[107.19530455586062,20.870491090391567],[107.19429656513444,20.86662732678974],[107.19137401669758,20.867678174708033]]],[[[107.14407708658831,20.874060105689352],[107.14365753216941,20.87046876112447],[107.13680429078545,20.869826694646292],[107.14407708658831,20.874060105689352]]],[[[107.18094676608047,20.875547820875283],[107.18646320391377,20.87586367177107],[107.18710916625508,20.871316005229517],[107.18094676608047,20.875547820875283]]],[[[107.13461415022289,20.872895034878013],[107.14004144815436,20.876095687865757],[107.13630686137259,20.871568341505792],[107.13461415022289,20.872895034878013]]],[[[107.2105247271345,20.875264080273155],[107.20283318900056,20.865420915043217],[107.18080076384422,20.882222030622245],[107.19131250486828,20.887804596504964],[107.2105247271345,20.875264080273155]]],[[[107.23094581719579,20.874131893172375],[107.2324218250073,20.87972636787765],[107.235244020795,20.874783005031702],[107.23094581719579,20.874131893172375]]],[[[107.212988264297,20.875500083961754],[107.21867269908586,20.879928110993603],[107.21652568101541,20.87305878703347],[107.212988264297,20.875500083961754]]],[[[107.16626090361785,20.878742889972443],[107.1710247339044,20.87911536398292],[107.16746207681348,20.87644287114165],[107.16626090361785,20.878742889972443]]],[[[107.20258754997553,20.881092928196153],[107.20564602734237,20.8845312009542],[107.20648160184453,20.879511499156422],[107.20258754997553,20.881092928196153]]],[[[107.1984730445954,20.89053247679243],[107.20037673669708,20.885043999780805],[107.19610727632983,20.886387581521717],[107.1984730445954,20.89053247679243]]],[[[107.15348398979438,20.892795555070848],[107.16139685288249,20.89469174862535],[107.16097753588463,20.892093967862365],[107.15348398979438,20.892795555070848]]],[[[107.16067351736899,20.90272088596015],[107.16413146369615,20.899488805264184],[107.16060103471006,20.8995565493953],[107.16067351736899,20.90272088596015]]],[[[107.1469454976367,20.911349119266504],[107.15322904368549,20.911860056496437],[107.15324277813176,20.90869609494888],[107.1469454976367,20.911349119266504]]],[[[107.19270489191729,20.935340337986247],[107.19685162720089,20.93985246871648],[107.19869084510646,20.936464338558437],[107.19270489191729,20.935340337986247]]],[[[107.19101867297343,20.952594614749728],[107.20062467079197,20.961358810260947],[107.19131449057136,20.948980523632315],[107.19101867297343,20.952594614749728]]],[[[107.20354469483186,20.956960659606807],[107.21813008143818,20.96150960948097],[107.20469644668373,20.949999017540677],[107.20354469483186,20.956960659606807]]],[[[107.22271598715315,20.973561345979363],[107.23021252258991,20.971824148066048],[107.2246511447346,20.9695563132733],[107.22271598715315,20.973561345979363]]],[[[107.23435578199383,20.98956084185943],[107.23945038292891,20.991650423828048],[107.23890720320492,20.986887409226597],[107.23435578199383,20.98956084185943]]],[[[107.34374652598143,20.692990584248093],[107.34548744618877,20.68666720003131],[107.34135149467579,20.68925122746225],[107.34374652598143,20.692990584248093]]],[[[107.251017026015,20.824479482142465],[107.25604497459597,20.823667477072433],[107.25257419314454,20.822431990244183],[107.251017026015,20.824479482142465]]],[[[107.34969170390906,20.835450240736066],[107.36838052703973,20.824418785998205],[107.38120934793312,20.82935995449833],[107.38110298421543,20.796061763439695],[107.34266986662112,20.805681020862494],[107.33237267056234,20.854419246750865],[107.3483806569418,20.821808538833068],[107.34969170390906,20.835450240736066]]],[[[107.26854064883196,20.82580607928719],[107.27304606432449,20.826630532772924],[107.27055372727278,20.82331652473789],[107.26854064883196,20.82580607928719]]],[[[107.30795225669135,20.830338778411942],[107.31175234379572,20.834657321078566],[107.31067012482646,20.828991469880464],[107.30795225669135,20.830338778411942]]],[[[107.25640086330924,20.837774198620423],[107.26213054029228,20.836646536908177],[107.25597918199372,20.835748864218772],[107.25640086330924,20.837774198620423]]],[[[107.27852391314815,20.85544611784411],[107.28519865529375,20.83887958142759],[107.26740435992332,20.835870424680422],[107.281180451117,20.847878473013168],[107.27852391314815,20.85544611784411]]],[[[107.25061520622683,20.843517333058514],[107.24979833672393,20.85295422146021],[107.25399003631117,20.850398750202203],[107.25061520622683,20.843517333058514]]],[[[107.27006472810478,20.84999528465471],[107.27846418107714,20.848667128984857],[107.26846592955906,20.846720204673773],[107.27006472810478,20.84999528465471]]],[[[107.34086557388719,20.850457232215547],[107.34552167888245,20.852704094818193],[107.34350218917473,20.848072561099855],[107.34086557388719,20.850457232215547]]],[[[107.26430047039048,20.851691956418676],[107.26914061804513,20.854592346459697],[107.26831937963573,20.850551577393446],[107.26430047039048,20.851691956418676]]],[[[107.28180365791252,20.858232020591345],[107.28574468406998,20.857030489465558],[107.28209938377961,20.855669432098637],[107.28180365791252,20.858232020591345]]],[[[107.26361683544866,20.860110590131683],[107.26634026589062,20.86829934094186],[107.27307771236661,20.86273217774783],[107.26361683544866,20.860110590131683]]],[[[107.29844718079283,20.862359767589226],[107.29973208266955,20.86786240352717],[107.30255857361936,20.861191272159544],[107.29844718079283,20.862359767589226]]],[[[107.25532358431605,20.868126148602926],[107.26021072694357,20.86637030954222],[107.25693877390535,20.862723912078934],[107.25532358431605,20.868126148602926]]],[[[107.27853464026151,20.863613487272687],[107.28305901076482,20.868445133636044],[107.28432286041175,20.86640431470738],[107.27853464026151,20.863613487272687]]],[[[107.31663458781605,20.865695800920548],[107.32128099632098,20.867464105484146],[107.32064736098698,20.864426426738248],[107.31663458781605,20.865695800920548]]],[[[107.26135545239225,20.870327638609695],[107.26099896383118,20.87514330042302],[107.26565316136436,20.871114484246107],[107.26135545239225,20.870327638609695]]],[[[107.29629014337547,20.870941537422084],[107.29970941255942,20.874178793716396],[107.29885609982921,20.869586431768482],[107.29629014337547,20.870941537422084]]],[[[107.30185302669588,20.875903525227557],[107.30594009555904,20.873960071400234],[107.30222106974662,20.87307137574345],[107.30185302669588,20.875903525227557]]],[[[107.27693031538183,20.877372775533217],[107.28057894136509,20.87959024739206],[107.28117544818843,20.876490622444294],[107.27693031538183,20.877372775533217]]],[[[107.32191510559772,20.873816384918257],[107.29748910064154,20.89359788973087],[107.28965463505341,20.908340844754207],[107.32191510559772,20.873816384918257]]],[[[107.34661747581589,20.89988312650513],[107.34607484287977,20.888748612158793],[107.33738433781701,20.900537225012954],[107.34661747581589,20.89988312650513]]],[[[107.3217574202688,20.884426522566002],[107.30449306300454,20.90816086523182],[107.31060426927166,20.915768359921913],[107.3217574202688,20.884426522566002]]],[[[107.3224892193021,20.903309306978997],[107.32179270067263,20.909032553809368],[107.3252920293038,20.903408761205412],[107.3224892193021,20.903309306978997]]],[[[107.25604190161255,20.911856969123903],[107.26226554471918,20.91222799972246],[107.26069503434843,20.909859169265303],[107.25604190161255,20.911856969123903]]],[[[107.2989548966512,20.91611712780326],[107.30379434283469,20.91427392050508],[107.30179556271509,20.912409098001547],[107.2989548966512,20.91611712780326]]],[[[107.3045352546983,20.91855081197042],[107.30933480515722,20.918689768018453],[107.3075691401038,20.915958441528915],[107.3045352546983,20.91855081197042]]],[[[107.34120348515279,20.915280009165144],[107.3088134321942,20.925284532555168],[107.34752162272474,20.917112214157385],[107.34120348515279,20.915280009165144]]],[[[107.28296662071301,20.93733477348104],[107.28960780555582,20.938608334007483],[107.28952588810932,20.935931145805796],[107.28296662071301,20.93733477348104]]],[[[107.27105586823382,20.937911738036348],[107.27400210571267,20.941423966542857],[107.27553696695753,20.936782785796993],[107.27105586823382,20.937911738036348]]],[[[107.2895558373321,20.940292024057726],[107.29458782476837,20.94298505021993],[107.2958842766381,20.939362416442407],[107.2895558373321,20.940292024057726]]],[[[107.34643762759453,20.926046676512954],[107.30803205443584,20.938839498444167],[107.34177338283541,20.936524727134497],[107.38696750284805,20.964804883738452],[107.34643762759453,20.926046676512954]]],[[[107.32766569091893,20.95178489485704],[107.33056471129242,20.94807826080313],[107.32411225277832,20.949961649810348],[107.32766569091893,20.95178489485704]]],[[[107.25438321001718,20.952294984026366],[107.26061168877845,20.95074337920363],[107.25446756822373,20.950079427723438],[107.25438321001718,20.952294984026366]]],[[[107.30048015313662,20.953318061779157],[107.30636868366787,20.953336622886866],[107.30143548855699,20.95014553059184],[107.30048015313662,20.953318061779157]]],[[[107.28473532187769,20.954956105839642],[107.28856576469832,20.96040847597044],[107.28985584127412,20.95859929452189],[107.28473532187769,20.954956105839642]]],[[[107.30452298165034,20.95890499566906],[107.30511639930245,20.97246352197402],[107.31441787588432,20.960662888781314],[107.30452298165034,20.95890499566906]]],[[[107.28022236467046,20.979972190164517],[107.28640889275624,20.977964312503047],[107.28005302682578,20.975122230906265],[107.28022236467046,20.979972190164517]]],[[[107.26364781799248,20.979841426041048],[107.26858522462845,20.983484348523916],[107.26896945097945,20.97882292853535],[107.26364781799248,20.979841426041048]]],[[[107.31424694893758,20.98319899813532],[107.32232201375001,20.981324291183114],[107.31388537111303,20.98173000143845],[107.31424694893758,20.98319899813532]]],[[[107.24753543021598,20.983125634140777],[107.25286052199556,20.98614148004532],[107.2542797484117,20.982266787881997],[107.24753543021598,20.983125634140777]]],[[[107.29551971036642,20.98952965516952],[107.28251594795267,20.985084224457466],[107.2800164567941,20.99155197684229],[107.29551971036642,20.98952965516952]]],[[[107.30650470163073,20.99457236792051],[107.31064306692406,20.991131537490503],[107.30275735886511,20.991193153641177],[107.30650470163073,20.99457236792051]]],[[[107.34648288597646,20.994607832685404],[107.35207841828446,20.993933551592193],[107.34658470092324,20.9915860827316],[107.34648288597646,20.994607832685404]]],[[[107.4807255583379,21.59944829570236],[107.54014913937135,21.590081120947048],[107.5745461706693,21.618729254051857],[107.59008719217024,21.606780829871468],[107.67472614099864,21.60958967342475],[107.78252543839835,21.656888700752972],[107.84053385705192,21.642477127917175],[107.85545125357254,21.65575775471666],[107.88655030725096,21.626010230987447],[107.89728021301147,21.588919403707564],[107.92242696793028,21.590182193053806],[107.94023252910802,21.571132398241616],[107.95282725917076,21.538140211401696],[108.00303582624247,21.548650987453186],[108.02410776016507,21.549480187560675],[108.03554746394434,21.546506244667512],[108.00129475135174,21.542093849651508],[108.02155053073244,21.528930453977296],[108.00292306025108,21.527927550715958],[108.01142015981259,21.48747143785664],[108.06764923022786,21.491105536191583],[108.00875901731484,21.473155131104477],[107.96667737715927,21.43410614518251],[107.98878623479698,21.48501720148272],[107.96293432775707,21.49412467901078],[107.9586491175628,21.47768809642855],[107.92839659392774,21.466450196019764],[107.9557465277801,21.49520171428776],[107.92202936056663,21.502592095548835],[107.91582384689309,21.526684539260145],[107.88754373075864,21.529572230873782],[107.87933590622714,21.507518425235162],[107.85600869564485,21.528661627731992],[107.83827633118779,21.503104586807297],[107.8371050019943,21.526566325175793],[107.79803899190603,21.51173539667127],[107.77506837420617,21.52554535543385],[107.74527027800099,21.5033147394837],[107.77286642014923,21.50657971108484],[107.8009683868816,21.48217642480222],[107.7675803310675,21.44376727953636],[107.74614420858842,21.442330633252197],[107.75629069535938,21.423933621239655],[107.74611726759787,21.40216604013068],[107.71097182229181,21.414581753844914],[107.68022668421418,21.40379153595069],[107.67282373222952,21.41583037617096],[107.65939066224934,21.402533207241788],[107.67045516077712,21.384698097938895],[107.63684364501825,21.382451242530863],[107.62633382584545,21.337317985037032],[107.60982203206117,21.340116343394584],[107.6019362016944,21.296322297835843],[107.52423114185376,21.34154846878687],[107.5027836420515,21.31022144326505],[107.50997287284986,21.29963451442137],[107.44484099981236,21.324849017068516],[107.44786047717935,21.30942004749727],[107.42764003306115,21.305128270453395],[107.45153747677318,21.285734261926677],[107.41274144136446,21.299058655132853],[107.41941492535858,21.26961962224783],[107.39271401064315,21.309870874940998],[107.36144772263435,21.311122045046375],[107.35557879372641,21.154596671599165],[107.37876202734577,21.169173468780627],[107.38891673302089,21.129427240274993],[107.3653264500557,21.100460471073916],[107.37478618663329,21.086298793754395],[107.34920559336348,21.08071773243745],[107.37066096403231,21.026188038047565],[107.35493216768543,21.00273408061338],[107.21870920076907,20.993585895272872],[107.22450896461709,20.978415026632206],[107.17389624131852,20.950547429520327],[107.18856766696433,20.93634649769274],[107.16977873400145,20.94104091380717],[107.15329494690434,20.925345671165815],[107.16287155218043,20.94503462674669],[107.14547325888384,20.932277166158315],[107.13995001677989,20.943643903443444],[107.07356902229259,20.946576492810948],[107.0620092203493,20.962560452003288],[107.02759309284704,20.947669309391188],[106.90387459913353,20.95582657223855],[106.92640669661182,20.912968204718936],[106.89894352912063,20.90626131181017],[106.88095455031231,20.933990981698514],[106.86993473370109,20.907423909485885],[106.84007854129169,20.90396436956007],[106.86990346337421,20.836922521757003],[106.84178366398498,20.81985420860491],[106.8194664972811,20.853953828706267],[106.77288258566284,20.835820362120046],[106.80746139063075,20.820694627754904],[106.80081956457133,20.811386739906197],[106.76109541711986,20.811785217813622],[106.75159223969018,20.852286072844038],[106.72138539082317,20.868309982619678],[106.75213499313548,20.881563029909955],[106.76806822516852,20.915250397188117],[106.76600703119959,20.975936973512546],[106.75014347684004,20.99551208391557],[106.64987199419721,21.02045392560825],[106.62367606230049,21.01286603613869],[106.57511722777792,21.057845739789116],[106.51459560690182,21.047183205840327],[106.51520079488085,21.061010003508898],[106.43885343074129,21.079413024791336],[106.43928589492816,21.117647246523234],[106.48360519492388,21.130685034786552],[106.49952394517402,21.225476055175875],[106.52656189881264,21.22337990905561],[106.5422623242469,21.192295349750623],[106.5789618915781,21.19323487868678],[106.60783216712088,21.171898849852084],[106.63614546014492,21.16964262170967],[106.63971558520615,21.181254708438075],[106.78960257609805,21.15017708920135],[106.8312572559177,21.153049600258896],[106.82635066365225,21.18851362320521],[106.86942262375516,21.17514240589736],[106.91461135413073,21.185079637515287],[106.93496544110229,21.170876790131786],[106.97690226163013,21.22845586254806],[106.97129675763932,21.285320013507885],[107.02165389091442,21.30281583108581],[107.02959771676126,21.325289991539933],[107.07587255297602,21.347240950709363],[107.09619933293294,21.375343521786135],[107.16738938011588,21.364253727127846],[107.2122689226727,21.38876844300927],[107.25271922771026,21.36961879647032],[107.26291080289133,21.40031079091034],[107.23650913398939,21.46072550667685],[107.24430945411808,21.483998720164834],[107.2306431017978,21.521569391514277],[107.2026600587148,21.5417816095337],[107.21168893999265,21.551052558628726],[107.27658856580973,21.565571281189705],[107.30070875000888,21.596735515032037],[107.38153436921584,21.59723118177368],[107.41541867902885,21.641012952485823],[107.45969138514937,21.664413157441288],[107.49530357410072,21.6356667967853],[107.4807255583379,21.59944829570236]]],[[[107.45629549114409,20.718553678509522],[107.46754216443941,20.740808281177294],[107.47093324617242,20.741026014239196],[107.45629549114409,20.718553678509522]]],[[[107.38656695290263,20.75339534272092],[107.39741428044476,20.753664517903246],[107.38548753082495,20.74629339922103],[107.38656695290263,20.75339534272092]]],[[[107.40804378139546,20.769884929545924],[107.39850718785647,20.784056413073074],[107.40474366518805,20.809795071185647],[107.4198250126143,20.79846992484721],[107.40804378139546,20.769884929545924]]],[[[107.35498094691326,20.83845645310288],[107.35766002728849,20.848831961226097],[107.36076530357599,20.832731089268407],[107.35498094691326,20.83845645310288]]],[[[107.38369931527126,20.84680265182095],[107.38924474634803,20.847572811436123],[107.38862439220202,20.84476770726394],[107.38369931527126,20.84680265182095]]],[[[107.40890721779391,20.851669642440072],[107.41501158291828,20.856861314398202],[107.41245868012408,20.849900057241882],[107.40890721779391,20.851669642440072]]],[[[107.34772629763057,20.886254257028384],[107.38391757713453,20.880155421835298],[107.38002522408487,20.888460268826407],[107.38484837725088,20.89147283940008],[107.39255085293956,20.87779364566029],[107.37088034285358,20.8769377518758],[107.38891655405581,20.865559687629514],[107.34886817582571,20.862673245174165],[107.33863493415492,20.888044822510608],[107.32730653227071,20.87983118566075],[107.32932728642521,20.896468759525703],[107.34772629763057,20.886254257028384]]],[[[107.45012367776559,20.898875723036213],[107.42906768972216,20.885326456151063],[107.41382021143369,20.893602184892984],[107.44132075384977,20.906190025249543],[107.45012367776559,20.898875723036213]]],[[[107.36479536081731,20.89802765605151],[107.37096968510292,20.901680524136907],[107.3747485446097,20.89882853021254],[107.36479536081731,20.89802765605151]]],[[[107.45153843814848,20.969369721935152],[107.40287758183501,20.914128647619066],[107.36685460415674,20.903849883165606],[107.34297075639535,20.90641564716441],[107.40604178799816,20.92258873827967],[107.45153843814848,20.969369721935152]]],[[[107.3890411281456,20.939831791504048],[107.39348048663521,20.943110936420624],[107.39421712581975,20.93768863152519],[107.3890411281456,20.939831791504048]]],[[[107.37975694912399,20.943300998242535],[107.38982283415652,20.943771571201125],[107.37849364806345,20.939567321574657],[107.37975694912399,20.943300998242535]]],[[[107.37444299185063,20.975756645053195],[107.37596889944524,20.980020061976347],[107.37809186424818,20.97812304824015],[107.37444299185063,20.975756645053195]]],[[[107.40127328303566,20.980815007806427],[107.40455649198856,20.97701787407567],[107.3995488006367,20.978363614189504],[107.40127328303566,20.980815007806427]]],[[[107.43625861664191,20.97894611407196],[107.44063843281748,20.982590649938572],[107.44238395305706,20.976998767978785],[107.43625861664191,20.97894611407196]]],[[[107.38009351500375,20.98410951674083],[107.38385572985811,20.981129621235084],[107.37894689738147,20.981568972430182],[107.38009351500375,20.98410951674083]]],[[[107.42139019719991,20.994801417151734],[107.42446895697685,20.997924976656407],[107.42500837663533,20.994520076840104],[107.42139019719991,20.994801417151734]]],[[[107.37707009231099,21.006611495923835],[107.38275947876701,21.005332320929938],[107.38056670139224,21.002822251945418],[107.37707009231099,21.006611495923835]]],[[[107.4409743287024,21.010063311572594],[107.44592562896469,21.01024846669344],[107.44630738487797,21.00498255659977],[107.4409743287024,21.010063311572594]]],[[[107.40147015992,21.01071906123576],[107.40666342277882,21.011911046058003],[107.40455393071937,21.00936817520119],[107.40147015992,21.01071906123576]]],[[[107.4548674082044,21.01106305551565],[107.45628591066628,21.018382534226646],[107.45824135785244,21.015286007443365],[107.4548674082044,21.01106305551565]]],[[[107.44004896858507,21.013173116845905],[107.43816711831789,21.020007173891997],[107.4435585476889,21.02908612492479],[107.44004896858507,21.013173116845905]]],[[[107.44563716961972,21.02300459178855],[107.45099211619328,21.026514700592998],[107.4483561825918,21.01817633856723],[107.44563716961972,21.02300459178855]]],[[[107.45714025222094,21.025191620696773],[107.46139782804738,21.027662703171245],[107.46035334912784,21.02399072898902],[107.45714025222094,21.025191620696773]]],[[[107.42001892982978,21.03141122584742],[107.42474433028667,21.036512792031772],[107.42686696234051,21.03437129040276],[107.42001892982978,21.03141122584742]]],[[[107.36863462778592,21.036601872578387],[107.37421341291872,21.039445197937596],[107.37325265638503,21.03411629662986],[107.36863462778592,21.036601872578387]]],[[[107.4385120164165,21.04720358357855],[107.44435337031183,21.047218338755386],[107.43784255658875,21.044498294260904],[107.4385120164165,21.04720358357855]]],[[[107.37084259920664,21.0450247789704],[107.37703204829046,21.05359031783894],[107.3752485020168,21.043393407879535],[107.37084259920664,21.0450247789704]]],[[[107.42991930183439,21.056462201169722],[107.43570019071132,21.054664873685],[107.42925211009685,21.054195291779365],[107.42991930183439,21.056462201169722]]],[[[107.37725442455212,21.059806703416655],[107.38128234140697,21.062010576626847],[107.3800498763008,21.057152152050207],[107.37725442455212,21.059806703416655]]],[[[107.43893649732155,21.06735805792806],[107.44423423172447,21.066284165781667],[107.43903902902804,21.06518377960782],[107.43893649732155,21.06735805792806]]],[[[107.37008650858559,21.067122603725238],[107.37308520082144,21.078984440279726],[107.3766097023759,21.066216349704803],[107.37008650858559,21.067122603725238]]],[[[107.37612947339653,21.076723282053877],[107.38015861602736,21.07370824104254],[107.37721155027288,21.07353183182863],[107.37612947339653,21.076723282053877]]],[[[107.35351829403407,21.08044128353845],[107.35942116515469,21.07818869765032],[107.35263203284211,21.078337059707565],[107.35351829403407,21.08044128353845]]],[[[107.38767616682168,21.09751936602595],[107.39424848428018,21.095477927464458],[107.3819674422437,21.094813483155747],[107.38767616682168,21.09751936602595]]],[[[107.4289942645737,21.142685684396895],[107.42987327723,21.147647249521015],[107.43130811677622,21.14588576901309],[107.4289942645737,21.142685684396895]]],[[[107.40160809793542,21.156820419826545],[107.39627179880455,21.13494764411854],[107.39647003996043,21.15816198618677],[107.40160809793542,21.156820419826545]]],[[[107.3952896761777,21.16120868513275],[107.40117662120417,21.165333594769606],[107.39898489693553,21.160456279034122],[107.3952896761777,21.16120868513275]]],[[[107.43634440477052,21.182793122005023],[107.42002910475946,21.186393779049695],[107.42882801410161,21.196328354969637],[107.43634440477052,21.182793122005023]]],[[[107.42771838829304,21.23466319375143],[107.38736323872257,21.22027920582076],[107.37483194773625,21.2031811017265],[107.39466037018002,21.2501023850171],[107.43026583130313,21.25551384858528],[107.42771838829304,21.23466319375143]]],[[[107.36745620114283,21.232532412940543],[107.37376361519875,21.24512963772264],[107.37019999403458,21.23084347084955],[107.36745620114283,21.232532412940543]]],[[[107.38148526263484,21.278195933195832],[107.38455176015566,21.273949844409856],[107.38003156790262,21.271859383803587],[107.38148526263484,21.278195933195832]]],[[[107.4009215770692,21.27834841864467],[107.40622784603835,21.274524012972847],[107.39759884830829,21.27663331797328],[107.4009215770692,21.27834841864467]]],[[[107.37201928116497,21.27539884018438],[107.373578985282,21.281438868708847],[107.37611804031536,21.27758720908247],[107.37201928116497,21.27539884018438]]],[[[107.37931614102718,21.28167294155304],[107.37683294288604,21.289945907577646],[107.38211116020193,21.28183998792514],[107.37931614102718,21.28167294155304]]],[[[107.39305880172236,21.28544402192415],[107.37767544126865,21.296567591521182],[107.37540460903551,21.30989838879964],[107.39211964690423,21.29552210266297],[107.39305880172236,21.28544402192415]]],[[[107.47944430770872,20.757954529577944],[107.47865772287565,20.772252000029823],[107.48764697912486,20.770438557593423],[107.47944430770872,20.757954529577944]]],[[[107.48712939500564,20.778614596486477],[107.4916470466739,20.776087517724818],[107.48674624244518,20.77383716485332],[107.48712939500564,20.778614596486477]]],[[[107.55701951174115,20.937993448638792],[107.4951896066151,20.86948663669898],[107.46929950626725,20.81570544624941],[107.49037032413122,20.871973513966566],[107.47473576234563,20.886404953725673],[107.50785473560762,20.886225840250404],[107.55457014339748,20.969723715776922],[107.55701951174115,20.937993448638792]]],[[[107.46299314172018,20.893687310221253],[107.46690086418357,20.896182616834324],[107.46887539858085,20.889852460722523],[107.46299314172018,20.893687310221253]]],[[[107.50246519121566,20.89534621045931],[107.4806279863925,20.901967962751314],[107.51566018277128,20.9156338114513],[107.50246519121566,20.89534621045931]]],[[[107.51936039566579,20.919761362397026],[107.52702129030035,20.924309495686714],[107.51970253374498,20.918677068691807],[107.51936039566579,20.919761362397026]]],[[[107.44161446073883,20.93302854882853],[107.46892682271476,20.975710078157647],[107.47715642522888,20.977668558757046],[107.47206664376068,20.956462714882434],[107.44161446073883,20.93302854882853]]],[[[107.55350467340202,21.039127532209875],[107.50911661483997,20.919973543943968],[107.43609448587188,20.911995121177938],[107.39236689841368,20.892249171062417],[107.48850169659607,20.956969393822533],[107.49061829329963,20.979498637751988],[107.47573383175097,20.985869999900615],[107.50781656927933,21.018552828050645],[107.5087292732374,21.001790542499577],[107.53510736910988,21.04205389377222],[107.53464080442961,21.0095814161495],[107.54877023206063,21.031656072569717],[107.54953512704452,21.045967951959483],[107.55350467340202,21.039127532209875]]],[[[107.46760462505347,20.981116834674253],[107.47318926027623,20.981924383603484],[107.4691944303787,20.977943975234325],[107.46760462505347,20.981116834674253]]],[[[107.53644019675772,21.02524680219824],[107.54285765006057,21.031029409679547],[107.5378313283532,21.024977581150495],[107.53644019675772,21.02524680219824]]],[[[107.4877344202074,21.028066358475712],[107.48715628383547,21.033313300968132],[107.49015852389681,21.029026198600263],[107.4877344202074,21.028066358475712]]],[[[107.49527991563565,21.03444466249124],[107.50023120240814,21.040287063197468],[107.50195738542504,21.03838258868558],[107.49527991563565,21.03444466249124]]],[[[107.5541014428274,21.029419573754353],[107.55412626321652,21.04389695897754],[107.55568623443224,21.045859411882418],[107.5541014428274,21.029419573754353]]],[[[107.54018001939244,21.036303216720114],[107.54491229066974,21.04436801487202],[107.54447458073736,21.03331865643088],[107.54018001939244,21.036303216720114]]],[[[107.4844562879274,21.038782483025216],[107.48858874287623,21.040299422580347],[107.48737117324112,21.037244260114562],[107.4844562879274,21.038782483025216]]],[[[107.62958533279692,21.12613695905344],[107.57510412175787,20.981458177752756],[107.56198508514365,20.971476702188113],[107.57134797462936,21.02184709956407],[107.58957250836465,21.03879620398169],[107.58540616965905,21.071168866749872],[107.62958533279692,21.12613695905344]]],[[[107.5198117842865,21.048941096254623],[107.52595329680724,21.04917204575338],[107.52196197966168,21.04638777887294],[107.5198117842865,21.048941096254623]]],[[[107.46523797275432,21.053725019194303],[107.47026026729753,21.054155560630647],[107.46822183516963,21.051765491784067],[107.46523797275432,21.053725019194303]]],[[[107.5347434908195,21.05642917626551],[107.53931891583534,21.0574183864494],[107.53799414791166,21.05404131525455],[107.5347434908195,21.05642917626551]]],[[[107.52505163922183,21.074395546117614],[107.5152974529152,21.046808674181023],[107.49140792773375,21.042156071145826],[107.51552471789148,21.060279247689152],[107.52505163922183,21.074395546117614]]],[[[107.4984494835569,21.05952769414779],[107.5039299772867,21.06207704012337],[107.50364903537474,21.058995783828436],[107.4984494835569,21.05952769414779]]],[[[107.55845452395715,21.05157959202461],[107.5463817900876,21.060263049999833],[107.55574391425029,21.071384435143614],[107.55845452395715,21.05157959202461]]],[[[107.51370017872034,21.06811626825123],[107.50527765903678,21.06600691648606],[107.50416389814546,21.067234232074213],[107.51370017872034,21.06811626825123]]],[[[107.48880068610282,21.06811320156305],[107.49112054217932,21.064494311663225],[107.48635687377077,21.063939659287882],[107.48880068610282,21.06811320156305]]],[[[107.56960982703197,21.06428240800676],[107.5723237228616,21.06869595775231],[107.57384160760415,21.063583088888493],[107.56960982703197,21.06428240800676]]],[[[107.51198137464081,21.07616764492093],[107.50030585962776,21.068578331824597],[107.49487213334231,21.072870289632192],[107.51198137464081,21.07616764492093]]],[[[107.57021910512765,21.080008574735984],[107.57491430904821,21.08413739192713],[107.5726432825615,21.07693881807205],[107.57021910512765,21.080008574735984]]],[[[107.57901940572106,21.089310262658557],[107.58352452623598,21.090855987713724],[107.58040119515908,21.084824246441883],[107.57901940572106,21.089310262658557]]],[[[107.48783504714976,21.087299698722177],[107.49404577868978,21.090741486930142],[107.49052778642829,21.086093104413294],[107.48783504714976,21.087299698722177]]],[[[107.57071524131538,21.092061252824635],[107.5408300520653,21.088650152182822],[107.56044740542347,21.081741806639116],[107.53751960804351,21.065677009186686],[107.52327660323272,21.079328236708818],[107.55252002907616,21.11960180158195],[107.56256571713419,21.11313520842316],[107.57816530698341,21.121650440115786],[107.57071524131538,21.092061252824635]]],[[[107.58291356640802,21.101553623101267],[107.58677416529554,21.099039901070626],[107.58188496411987,21.093681317638755],[107.58291356640802,21.101553623101267]]],[[[107.59523205261718,21.113038623034072],[107.59945830415745,21.11211474320089],[107.59583279434804,21.109810261034795],[107.59523205261718,21.113038623034072]]],[[[107.60103805596157,21.121569921114997],[107.60932937175318,21.125642692556255],[107.6052254468969,21.11911803646825],[107.60103805596157,21.121569921114997]]],[[[107.56384582112781,21.12029821049407],[107.55777823557719,21.133589950216106],[107.58016969617461,21.13916425942307],[107.57574346958552,21.128692292715186],[107.56384582112781,21.12029821049407]]],[[[107.50834214837153,21.124257503680894],[107.52398885370269,21.14386970572241],[107.53607747589484,21.14566790824739],[107.50834214837153,21.124257503680894]]],[[[107.51769730908359,21.14863822777204],[107.52278720656437,21.14611755128402],[107.51750166427047,21.147137531771705],[107.51769730908359,21.14863822777204]]],[[[107.57871734682817,21.149475367993887],[107.58776907808056,21.15218296317329],[107.5800027487279,21.142900877773343],[107.57871734682817,21.149475367993887]]],[[[107.45708100038792,21.276264265883242],[107.52597070588342,21.22305661896786],[107.53284320355107,21.190208901020014],[107.60809350091438,21.214266416861676],[107.54126004131791,21.145678711803157],[107.53497130887888,21.159870816784803],[107.51189857406001,21.149020134771433],[107.46983611914163,21.09079633478308],[107.45115683871717,21.0941133042856],[107.38043696699248,21.042351599946414],[107.38970280524035,21.063688821282142],[107.38012705791743,21.083627849545678],[107.39692712218903,21.095905559593973],[107.39820244088997,21.116840303737092],[107.43028922716616,21.127642789283357],[107.44215398112141,21.149653850145114],[107.41804974909672,21.17050409308945],[107.4450922739893,21.16345715752186],[107.44471361084453,21.18569462360807],[107.4791797577397,21.182008528271012],[107.44969351044722,21.236192230986717],[107.45708100038792,21.276264265883242]]],[[[107.56720996007164,21.209441661103824],[107.58650007801623,21.217378840061485],[107.56524915382545,21.20691641875777],[107.56720996007164,21.209441661103824]]],[[[107.57952752807302,21.22804952726392],[107.5982628218718,21.232905863614747],[107.57758948726507,21.22472061026798],[107.57952752807302,21.22804952726392]]],[[[107.6376614992788,21.253423401468865],[107.58958420134985,21.239124648583697],[107.6410610436323,21.26130266948269],[107.6376614992788,21.253423401468865]]],[[[107.54116786980143,21.25813297026042],[107.54124918740013,21.26795302111509],[107.54690872265951,21.260305177442035],[107.54116786980143,21.25813297026042]]],[[[107.58586858666598,21.264211222669815],[107.55548573507866,21.255805376417015],[107.5450080253002,21.268942754704426],[107.56859968962402,21.278024097034518],[107.58586858666598,21.264211222669815]]],[[[107.54069714305876,21.2805210871785],[107.54446909577223,21.276011850466602],[107.53913315367214,21.279143096476787],[107.54069714305876,21.2805210871785]]],[[[107.55010240410274,21.27975482972164],[107.55458637166379,21.283593517526867],[107.55668098174198,21.281437419001747],[107.55010240410274,21.27975482972164]]],[[[107.48291197121057,21.292103105074318],[107.48838023775784,21.293692901406303],[107.48707787824156,21.289507132847973],[107.48291197121057,21.292103105074318]]],[[[107.783851351159,20.97484220450417],[107.78655195860608,20.978388550591205],[107.78902575343585,20.97429350024487],[107.783851351159,20.97484220450417]]],[[[107.8022025049417,20.9820931072112],[107.81020912595045,20.984111328874803],[107.80496462062081,20.978492148893622],[107.8022025049417,20.9820931072112]]],[[[107.74606810525893,21.024791843268986],[107.78434064170733,20.989472206477217],[107.7603153476752,20.999015275134866],[107.75736498590544,20.98322509196447],[107.7678373474157,20.98885749467769],[107.77761529201217,20.97148563515401],[107.73730671563249,20.945088533908745],[107.76106883475899,20.972744137432073],[107.72996732773004,21.007232406750234],[107.74606810525893,21.024791843268986]]],[[[107.85849358900799,21.03166016358574],[107.8202194616589,20.984664405637886],[107.80392636860711,20.993365662095698],[107.83378442800898,21.04308064255764],[107.85429973464511,21.045734548210874],[107.85849358900799,21.03166016358574]]],[[[107.81732159421625,21.03837530417701],[107.8232050004105,21.037904425448914],[107.82026425239337,21.032596015193974],[107.81732159421625,21.03837530417701]]],[[[107.77707355929738,21.051912604683025],[107.77255378163176,21.034730709854443],[107.76053839213313,21.034131471790033],[107.77707355929738,21.051912604683025]]],[[[107.86135497005586,21.06125411458578],[107.8644168117865,21.056084411266625],[107.86089357917541,21.054081872880204],[107.86135497005586,21.06125411458578]]],[[[107.76814941036707,21.07083977423622],[107.77420270029444,21.07118118566325],[107.77029004504959,21.06740669506297],[107.76814941036707,21.07083977423622]]],[[[107.80049181544501,21.106162278966053],[107.81986556944054,21.111136511940515],[107.80094089640528,21.103641847992947],[107.80049181544501,21.106162278966053]]],[[[107.7910266820358,21.13167775412512],[107.79620397923031,21.132231456816328],[107.79183013095582,21.1305121518144],[107.7910266820358,21.13167775412512]]],[[[107.64217434317146,21.13982388786218],[107.6485656127129,21.140174495756412],[107.64110021989927,21.133695600771432],[107.64217434317146,21.13982388786218]]],[[[107.84377703718059,21.138378797843302],[107.85029890357163,21.13603065718911],[107.84708476075315,21.13451603428763],[107.84377703718059,21.138378797843302]]],[[[107.86346627424922,21.145407700205226],[107.8698982650929,21.14389917380788],[107.86757884338897,21.139696675161474],[107.86346627424922,21.145407700205226]]],[[[107.85015119801943,21.15388525839802],[107.85863133456849,21.161536688567367],[107.86238435475423,21.15969061153254],[107.85015119801943,21.15388525839802]]],[[[107.8593477821745,21.163821654545757],[107.86622312169976,21.168026878137994],[107.86586967734377,21.162397369443113],[107.8593477821745,21.163821654545757]]],[[[107.65603198758623,21.139189855927157],[107.66028692300313,21.19104791093241],[107.68005872323153,21.21600198520349],[107.65603198758623,21.139189855927157]]],[[[107.61459227811122,21.175273674540506],[107.62545441209153,21.193125017505622],[107.61588987301928,21.172844155133703],[107.61459227811122,21.175273674540506]]],[[[108.00869685977233,21.198028016080116],[108.01973179398715,21.199540615507033],[108.01787475331724,21.195910504766005],[108.00869685977233,21.198028016080116]]],[[[108.00887067534143,21.212032335424],[108.01403876977349,21.213161463930476],[108.0119012422486,21.209589605875635],[108.00887067534143,21.212032335424]]],[[[107.67990053068502,21.220739084041554],[107.69115809297165,21.235108226863247],[107.69484316308154,21.235184037913086],[107.67990053068502,21.220739084041554]]],[[[107.63791417280089,21.24336905653678],[107.63193611565924,21.23409062328369],[107.62660576824169,21.23470795840558],[107.62792943719381,21.23921923388059],[107.63791417280089,21.24336905653678]]],[[[107.95083334168544,21.232712341201648],[107.95636506979218,21.246362154989527],[107.9753461537021,21.245645004113726],[107.97590158489027,21.23051008317384],[107.95083334168544,21.232712341201648]]],[[[107.6721094618822,21.260701472694848],[107.67821456624927,21.260833841208864],[107.67250823117001,21.257801842581046],[107.6721094618822,21.260701472694848]]],[[[107.68470017017677,21.269235200743992],[107.69061192300188,21.267268953599398],[107.68286524563462,21.267196291076004],[107.68470017017677,21.269235200743992]]],[[[107.6388268803563,21.26970478714628],[107.64707326601848,21.273744172155887],[107.64656103196609,21.268146095665827],[107.6388268803563,21.26970478714628]]],[[[107.65009468142449,21.278462395123483],[107.66690935068607,21.282514348158713],[107.64948176557107,21.270703882678106],[107.65009468142449,21.278462395123483]]],[[[107.69869511228967,21.30165854840334],[107.67078720396637,21.275450038588474],[107.65074236956474,21.266876166601833],[107.69869511228967,21.30165854840334]]],[[[107.7932098168796,21.296922501772087],[107.74870897074248,21.28760877822259],[107.76375611065606,21.297394001032387],[107.7932098168796,21.296922501772087]]],[[[107.65282413822348,21.30840610865505],[107.65625969233099,21.310220936047415],[107.65562442202952,21.306471751470212],[107.65282413822348,21.30840610865505]]],[[[107.81745273965225,21.357558618935172],[107.74493076864013,21.304024133207236],[107.70240187584596,21.30348012700631],[107.81745273965225,21.357558618935172]]],[[[107.8525669982684,21.361370097751887],[107.85769885002196,21.362500469121414],[107.85556796219174,21.3595563144724],[107.8525669982684,21.361370097751887]]],[[[107.86743159739035,21.364322019845417],[107.87174266309347,21.367954773693896],[107.87165646037738,21.365190808109332],[107.86743159739035,21.364322019845417]]],[[[107.7409765746093,21.370000571269372],[107.75938009861272,21.365112275711],[107.74265764583373,21.36352258280101],[107.7409765746093,21.370000571269372]]],[[[108.0018898273537,21.398479998752975],[107.9445573787201,21.35789180696139],[107.89093939273886,21.35922594672013],[107.84394133792244,21.34004746341975],[107.84055145678434,21.34685414870006],[107.84714663590859,21.357742926894616],[107.84544823384897,21.348095691562946],[107.87438815109238,21.35848219120021],[107.87971910285438,21.370452196411804],[107.82699717527947,21.365491244625275],[108.0018898273537,21.398479998752975]]],[[[107.7603684472461,21.384862075824174],[107.76452583410003,21.386578906791158],[107.76504096756668,21.384653033810537],[107.7603684472461,21.384862075824174]]],[[[107.94681263109811,21.455374902929464],[107.95503014582465,21.45830004321249],[107.94949488787881,21.453345442438263],[107.94681263109811,21.455374902929464]]],[[[108.09019324821986,21.47378634366487],[108.09171303322995,21.47951469055056],[108.09523396627458,21.473967564251723],[108.09019324821986,21.47378634366487]]],[[[108.05247736783633,21.503883343941197],[108.05764561425377,21.50141953068686],[108.05573677263402,21.500300681431327],[108.05247736783633,21.503883343941197]]],[[[107.86433962927055,21.50416062291447],[107.86931493423691,21.507113430840207],[107.87001603041551,21.503344625753925],[107.86433962927055,21.50416062291447]]],[[[108.03695224095321,21.504153779073704],[108.04271946373234,21.510213610669666],[108.04369829304187,21.508787345259805],[108.03695224095321,21.504153779073704]]],[[[107.85429262190706,21.510955192528172],[107.86119279621062,21.508747275066753],[107.85691523744833,21.507023830485423],[107.85429262190706,21.510955192528172]]],[[[108.06562093975464,21.511328510102715],[108.06763505781174,21.515402393106],[108.07100659907536,21.51224361255271],[108.06562093975464,21.511328510102715]]]]}},{"type":"Feature","properties":{"Name":"Quang Tri"},"geometry":{"type":"MultiPolygon","coordinates":[[[[106.98956204505242,17.165070406274253],[107.11299170530305,17.08477852121183],[107.1057914344272,17.012285716112956],[107.18793223478485,16.90529020757708],[107.38619085192636,16.74369454726559],[107.30450733344674,16.641661062508092],[107.32402091583265,16.604095225914023],[107.28471498910551,16.576476217603386],[107.26858960612549,16.56753957798918],[107.24449162438901,16.58781710387632],[107.17088765024494,16.57980454104677],[107.11866413324321,16.552983980526335],[107.05889311982168,16.54613490839938],[107.05812937327204,16.518539643090094],[107.1189983402013,16.487236631265546],[107.13378094093775,16.4546021308837],[107.05521045629757,16.430603249040757],[107.03417264804932,16.3759588497212],[106.98623345271176,16.347591458878753],[107.01211455084592,16.31722074903837],[107.0169863420461,16.303680335079434],[107.00359212277829,16.31422118086283],[106.96540409022663,16.30315481084591],[106.9622643159455,16.35770999292191],[106.89615053791704,16.392797097408163],[106.89789880468612,16.427204902584265],[106.87001866383031,16.430088723515837],[106.88653433189398,16.4513557446719],[106.87494937681237,16.47457427758087],[106.8872213779643,16.51561122208028],[106.87281397438545,16.53334370165055],[106.82916669099006,16.55010415528261],[106.80060227217717,16.465129478742483],[106.77119234315217,16.47030009757151],[106.76988679463994,16.43423935376319],[106.73902547944238,16.411272748838314],[106.73224467934853,16.44056080713557],[106.72337367405589,16.426610810440593],[106.67349301958723,16.45400185680029],[106.64547418438616,16.528287240064117],[106.67041129564484,16.56219792699278],[106.66479266874671,16.58433717362169],[106.64272767194456,16.59506475823207],[106.62639615895563,16.582801256572793],[106.61461621916322,16.60680714323513],[106.58411213266885,16.601942300197038],[106.58797699344353,16.6255420611173],[106.5627032857281,16.645224616223118],[106.5479195068798,16.869114557390958],[106.51660001138146,16.891069001433323],[106.51451291244103,16.91352423115842],[106.54579710235447,16.92694496873537],[106.5476354218373,16.998980100751112],[106.59135293778792,16.987270835081006],[106.58448575331494,16.97381673625341],[106.60561425459423,16.940298231977863],[106.6582493661154,16.937490893889674],[106.6845882947141,16.95770512908848],[106.74153782191303,16.923025002901625],[106.77029175935729,16.93158022744558],[106.77034976293129,16.96201518575225],[106.80287097841301,16.993654190588472],[106.80868155840727,17.035502534014768],[106.85587932926768,17.036014325600718],[106.87327960736803,17.05562268753704],[106.85941510472338,17.07812544283496],[106.93440564280621,17.110852697494067],[106.98956204505242,17.165070406274253]]],[[[107.3452529677503,17.162283517870094],[107.33097634987871,17.155637698820783],[107.33185424018109,17.16675387599065],[107.3452529677503,17.162283517870094]]]]}},{"type":"Feature","properties":{"Name":"Soc Trang"},"geometry":{"type":"Polygon","coordinates":[[[105.9789772217215,9.884494060252734],[106.06846761009217,9.778299380012413],[106.30187852627301,9.584214584835252],[106.25720427555694,9.513768948778022],[106.20405846602546,9.49551033613318],[106.1562289430114,9.41097708102751],[106.18750577017522,9.403971323617725],[106.18634086573843,9.37874462616361],[106.16327567173494,9.355572384058348],[105.82561763994221,9.245834438808345],[105.81072532641275,9.340398938860005],[105.85720136525089,9.360662585509942],[105.84303659426348,9.401306152157247],[105.81927715781467,9.394399502734927],[105.81093154995114,9.371087829739622],[105.7834816015947,9.383950793394433],[105.77014142079003,9.41234946265763],[105.70480159481781,9.3979349040726],[105.70086513182042,9.37855780369972],[105.64846616967804,9.388780148285264],[105.63679975220685,9.410197707858003],[105.61310479085347,9.407921567826122],[105.59750131233574,9.424891586877266],[105.5787242108537,9.412384007416051],[105.5430718599784,9.45207860944032],[105.54458026406797,9.587162550811115],[105.57429996726972,9.616145161569989],[105.59337525066735,9.60389778475502],[105.60487881440582,9.620781796242966],[105.6676750311778,9.634000705268363],[105.84123306685262,9.749818794202042],[105.8733034072265,9.916978166109516],[105.89537092123106,9.939078379463695],[105.9789772217215,9.884494060252734]]]}},{"type":"Feature","properties":{"Name":"Son La"},"geometry":{"type":"Polygon","coordinates":[[[103.92011913389098,21.701721143116288],[103.93560033968402,21.6706248548532],[104.02464013713268,21.67279818169078],[104.09117108457798,21.643023631535414],[104.15489621109134,21.656540355553034],[104.19213530420097,21.648285679940216],[104.21522503440787,21.67336003853501],[104.33660398228801,21.654630220708157],[104.285734236346,21.600706538076338],[104.29546203024853,21.572957253074833],[104.2753351497974,21.552013630824433],[104.2929684179582,21.51244081948829],[104.28073858961426,21.47140076153596],[104.32851902493309,21.41053783265488],[104.34519799099456,21.420457202837667],[104.36796663625131,21.399266442392445],[104.3916767403893,21.399897702616954],[104.4267143830624,21.35568312867349],[104.47439480387715,21.35364645292151],[104.52814088479408,21.41453272460558],[104.57715526999976,21.40931127069865],[104.5872800417406,21.42381650522759],[104.67349988091485,21.376501617455745],[104.68814535302567,21.401086426497443],[104.73166472494717,21.4072862105902],[104.76764403694278,21.33088086176241],[104.81166618294804,21.334421545717817],[104.84009271410753,21.312894528759557],[104.85320254256334,21.23435767246866],[104.84273718227519,21.22701592474516],[104.86233007587236,21.208413092090552],[104.85058032542173,21.154335126265096],[104.91148169492436,21.11472787179389],[104.85210972688247,21.071191158245426],[104.89890017140584,20.98160174192691],[104.97540528022955,20.906965617669186],[105.00443978187047,20.845272591157197],[104.99594321830494,20.81595229396322],[105.02267134200889,20.804400235182754],[104.98973555435242,20.753374411000323],[105.01239473772705,20.741823329782903],[104.98101915421068,20.723364157529886],[104.87953961226333,20.767979534128244],[104.8433250403184,20.75483813946863],[104.84669465613354,20.703840268014005],[104.83338260792107,20.698905682551242],[104.84521873555627,20.651771295908645],[104.80813917768097,20.63771884215089],[104.80039257855469,20.58625763368292],[104.73861784593691,20.57470827017056],[104.72038255091405,20.604608484394078],[104.68198759605076,20.59812512697306],[104.68279340659052,20.616724507130357],[104.65967999093891,20.625023351146808],[104.63492264066741,20.672353440159213],[104.59018415857213,20.67616099703241],[104.56453932313133,20.71743522945235],[104.53357202013268,20.71856421496659],[104.5193035222398,20.701767784855463],[104.49447024310729,20.71453525939478],[104.4820606933464,20.7687063419242],[104.32641836691414,20.857544170527092],[104.32958977574759,20.8843266330677],[104.28917592113191,20.92452735195576],[104.25959408489916,20.918037795507928],[104.2542654363009,20.89942204319277],[104.23338923442572,20.91826075542957],[104.23943897023236,20.93373208756583],[104.18728030604137,20.9574683026201],[104.12967934592513,20.94964705976406],[104.10209661986318,20.97932135439703],[104.0491592668867,20.951701118511835],[104.04660219213753,20.91580343258238],[104.02774129902178,20.903206718615195],[103.97231473773502,20.915319129674117],[103.94229045843798,20.895120953669107],[103.89450384207873,20.90781003520499],[103.84809467233134,20.862399793715554],[103.80820949497229,20.86666993756762],[103.80232865184587,20.832498049745254],[103.77342402939553,20.806250367260702],[103.79050847278785,20.750110673269035],[103.73045630791233,20.73462050842977],[103.74458029374563,20.679803679396343],[103.72844014299824,20.667827726968085],[103.68184756731142,20.66267885554481],[103.66587263101718,20.700860949873004],[103.64530968369502,20.701815964235436],[103.5969222959273,20.746164515580006],[103.5053387750645,20.75594165618253],[103.46183888695515,20.829272198653086],[103.43587187208931,20.795511908947503],[103.39765890403527,20.783901389737423],[103.29498705081181,20.82250810076829],[103.28734244559746,20.839817794655573],[103.26043709699451,20.824126520722416],[103.23391116606751,20.83534271959087],[103.2326783574203,20.873727208144203],[103.21230818157738,20.893180938849298],[103.28091499633007,20.904274579008643],[103.27269685117881,20.93479872488132],[103.29593836176605,20.950459195235737],[103.29041832394654,21.022916096700555],[103.27264065704077,21.053661802250417],[103.3018783002434,21.063381846694938],[103.28615715173123,21.094478601706157],[103.32836212401287,21.092415940043622],[103.37910790920273,21.062420703452744],[103.42224291807628,21.070713544494538],[103.3955160983893,21.15150500385289],[103.43282735939516,21.17372219922015],[103.43726814960547,21.28693564286567],[103.42599140477955,21.313686373727194],[103.3679071418012,21.334656664473528],[103.38526308961997,21.367913577549587],[103.3370929627701,21.40238519502077],[103.33505437326079,21.421559718606204],[103.44770151471317,21.43787391694775],[103.44977806640469,21.502644888450902],[103.51482803728413,21.534442827774342],[103.52719857175674,21.585584048465137],[103.5570931877005,21.62485044549169],[103.54068310813898,21.64847911691777],[103.57128241305298,21.682207043620224],[103.59596975200253,21.68193858879488],[103.53912801664472,21.778182995448958],[103.53855853804617,21.828602754813346],[103.47772915567606,21.91450461889309],[103.50388310991764,21.956076890236318],[103.49495658138119,21.971102826834056],[103.51123592559753,22.01242704087531],[103.5439205110228,22.030961758878107],[103.64966848361371,21.993967607818888],[103.66424806059956,21.951721860275654],[103.68637298012897,21.94332970979832],[103.6813299652058,21.92187225899761],[103.70263477497497,21.886366275483283],[103.7208881014048,21.880611609937887],[103.69483063542555,21.82579590505702],[103.72203080517755,21.807464693740656],[103.75645316767958,21.809773317284794],[103.75262820083088,21.780729614680013],[103.77671887107908,21.780259801648583],[103.80327743570513,21.740636500574112],[103.8310703711008,21.744289874078504],[103.85135929589484,21.69250381519896],[103.8774269583875,21.687298523008508],[103.880083017917,21.70959919614603],[103.92011913389098,21.701721143116288]]]}},{"type":"Feature","properties":{"Name":"Tay Ninh"},"geometry":{"type":"Polygon","coordinates":[[[106.45060612287432,11.673752966026598],[106.46472435934174,11.620876293006575],[106.4841367751921,11.606018132131169],[106.48670432884177,11.566357420158852],[106.4710916709439,11.54752517584626],[106.43211989181964,11.540305518285095],[106.40918753667552,11.473944754946558],[106.367094684672,11.450342122491008],[106.32478170381262,11.342082959461038],[106.34195693826217,11.327255646231151],[106.33377306807267,11.296227892603213],[106.35325418673142,11.288991396136055],[106.34927601407685,11.263748061224078],[106.36238975188559,11.261188141019943],[106.34960676314165,11.250003869882732],[106.37551222031277,11.23609299099877],[106.3837673617744,11.190802478051978],[106.4277841433236,11.170083649440926],[106.44572060082515,11.136677530743498],[106.41053769066195,11.009212722189432],[106.35460087922723,10.992752925407217],[106.3078375186866,11.021580593769443],[106.27168559171673,11.024440647417975],[106.28006062269964,10.985961171570864],[106.16606354759472,10.964150122630087],[106.15896165895344,10.98278151505491],[106.20150719999737,10.97838430778961],[106.18724875202832,11.048908506822158],[106.15351821639263,11.101749621547867],[106.10262657915337,11.07049655267383],[106.08461635925761,11.101914674122952],[106.01871244072663,11.143831636720734],[106.01291139264669,11.187245505575675],[105.9335382010272,11.21056128397612],[105.90883782820327,11.242217748250539],[105.90718815500941,11.279733304648346],[105.86313606877462,11.282730875429593],[105.8807362014146,11.357040614133098],[105.87235530954996,11.401375979617796],[105.90182446342828,11.442270728711208],[105.87274685368442,11.462698199462409],[105.88119526125234,11.539749779528734],[105.85919451021852,11.56700412803815],[105.81472337138655,11.570170989000019],[105.80918119855352,11.619424405911673],[105.82567168200256,11.619908243870384],[105.83107602743678,11.648752612643023],[105.88153561058004,11.678055858690982],[105.95235415322168,11.64057907566388],[106.00551376284994,11.71994893349654],[106.01106876810923,11.76882315216676],[106.03667193795962,11.78033023495243],[106.15071737680557,11.73808458723397],[106.18803308675763,11.753772498601961],[106.26659243779085,11.71892254443992],[106.29933145558226,11.676565192829457],[106.3790612427822,11.70166382142827],[106.45060612287432,11.673752966026598]]]}},{"type":"Feature","properties":{"Name":"Thai Binh"},"geometry":{"type":"MultiPolygon","coordinates":[[[[106.5916642552013,20.300103150440066],[106.60401808386752,20.275188499749504],[106.58908796014128,20.25425732861288],[106.57909878817861,20.281181776118103],[106.5916642552013,20.300103150440066]]],[[[106.6073189294251,20.282332468568598],[106.60564737122928,20.285346713679928],[106.60871002684632,20.289756974604757],[106.6073189294251,20.282332468568598]]],[[[106.59617832217191,20.41778489006066],[106.60783899027723,20.43446976017134],[106.60767304917192,20.447272608644028],[106.61032023509085,20.432858391801403],[106.59617832217191,20.41778489006066]]],[[[106.60161837788587,20.46723121604782],[106.60110917904541,20.49037143509372],[106.5981255162796,20.498960003801187],[106.60401955785636,20.492013966771196],[106.60161837788587,20.46723121604782]]],[[[106.39921301376961,20.691708595275486],[106.44081236459903,20.658417724698268],[106.4701373499588,20.599381878271117],[106.49093946568388,20.617365422476325],[106.52907284103884,20.60470284486047],[106.54579376317167,20.628676939589127],[106.56669470000048,20.621273289730595],[106.59724224443409,20.64032075889594],[106.62798847518803,20.62167485860789],[106.61791688665505,20.594739840471334],[106.57237192672312,20.55892592369247],[106.59725738811801,20.44117059524683],[106.57783684419508,20.371997698634914],[106.56475743530746,20.381203350654175],[106.58742115396313,20.317230795464866],[106.57242616393637,20.281036737955162],[106.52487735170848,20.317432896511036],[106.47405072825859,20.292305703645354],[106.44015431896673,20.295181852460587],[106.3379643530725,20.378243209656432],[106.25868780889533,20.329110113940658],[106.25081929587384,20.350064956132883],[106.28279129538203,20.395981525826812],[106.21129268900643,20.420299913410304],[106.222435103897,20.469571841966967],[106.1817930454128,20.48558361089499],[106.17066198626173,20.54554395588889],[106.13137902012573,20.57530351974168],[106.12768892640287,20.627653047949877],[106.10837670312242,20.6391987134499],[106.13719553834346,20.660549831109847],[106.22199312488289,20.64225127147904],[106.21619055065344,20.65678777723417],[106.26755176710043,20.6836871759225],[106.25208653056899,20.700823226910416],[106.30079982725027,20.69047649709273],[106.33544570995161,20.712571207495273],[106.35473273692634,20.70171892918529],[106.40507668973748,20.73310313809941],[106.41441072087815,20.71511362599307],[106.39921301376961,20.691708595275486]]]]}},{"type":"Feature","properties":{"Name":"Thai Nguyen"},"geometry":{"type":"Polygon","coordinates":[[[106.05430695170452,21.943711773279745],[106.13031091601601,21.91945269508585],[106.1119486663979,21.891214998173666],[106.11579681417169,21.84391139779285],[106.093016186348,21.823105299869724],[106.10471125442092,21.789907492936493],[106.13473942238647,21.786310615742366],[106.1806214077518,21.742743523994477],[106.23103690702771,21.73001102498887],[106.23086200957414,21.7005780940039],[106.18987145570316,21.64793662697383],[106.18304070096764,21.605302992838915],[106.15752967835203,21.62699343549872],[106.09087107484027,21.62339232249775],[106.05409076727517,21.602313374762502],[106.02906108340233,21.563494625176872],[106.05364712091796,21.55190826805216],[106.03633567874863,21.49238714385166],[106.04960800210768,21.454312867444912],[106.02447256515683,21.43195336245776],[106.03312335435936,21.40993265726638],[106.02285178538165,21.39581914763562],[105.99232800643239,21.406241169594352],[105.95866242343214,21.43764856482943],[105.93791562320752,21.373005924783627],[105.90786014013344,21.37656036656773],[105.89320466936005,21.352521580006965],[105.90434272883391,21.34846760619513],[105.87970379769217,21.340656731622914],[105.8950247523905,21.327552114738353],[105.86311577287466,21.33097892473762],[105.85462507468753,21.377445094415634],[105.798327181854,21.38597431955924],[105.7743080211983,21.361539428401954],[105.75102197618332,21.414234543589373],[105.72770723739916,21.41025975778166],[105.72244125266172,21.43407378667598],[105.65030519602806,21.458331890904105],[105.60155719360966,21.53024579520735],[105.4952227991929,21.619331377141407],[105.47567650037024,21.69814250777057],[105.5236767147087,21.76917380212933],[105.49329513206476,21.779331589781066],[105.49221790972882,21.82816258253723],[105.52607456808693,21.836659025593633],[105.51818702001503,21.884541374784646],[105.54288031607376,21.893643033699107],[105.54959229374941,21.953098429149236],[105.57279437536022,21.958767250808023],[105.59984549057697,22.01410857345195],[105.65829701869251,22.029769234462663],[105.66937904590628,22.04874174063889],[105.7496964600237,22.01339164201073],[105.77868066887783,21.890212043650934],[105.75758651630474,21.820065107518758],[105.78499421900807,21.805615086866794],[105.79848366389001,21.807221587206527],[105.81280679559723,21.844699847819754],[105.8800095572953,21.858824919134747],[105.90828290782997,21.8958380234061],[105.95429103930007,21.909468655554065],[105.9714238698158,21.94030691483232],[106.00088341174012,21.93434697363398],[106.02550439331316,21.967009017552186],[106.05430695170452,21.943711773279745]]]}},{"type":"Feature","properties":{"Name":"Thanh Hoa"},"geometry":{"type":"MultiPolygon","coordinates":[[[[105.82537016000492,19.309803069156374],[105.81297102799061,19.334242728519143],[105.82163320800623,19.34325400107133],[105.82537016000492,19.309803069156374]]],[[[105.9035743381852,19.342812029251775],[105.896150342964,19.346307001566913],[105.89691150576147,19.34996828281004],[105.9035743381852,19.342812029251775]]],[[[105.93387781381011,19.347852830044133],[105.92817411824103,19.356438882448515],[105.93086652117307,19.358118834916354],[105.93387781381011,19.347852830044133]]],[[[105.8773348269408,19.35250272701927],[105.87486070295915,19.354034705037634],[105.8759780944136,19.355601561462947],[105.8773348269408,19.35250272701927]]],[[[105.8719318979388,19.35681900519296],[105.8703281881954,19.359436624100965],[105.8729746492607,19.359462377087084],[105.8719318979388,19.35681900519296]]],[[[105.90868274821031,19.368329035056945],[105.90501986797261,19.3713586459848],[105.90662114235192,19.37252321497442],[105.90868274821031,19.368329035056945]]],[[[105.93599003980853,19.377193317017998],[105.92523594228498,19.359719947417716],[105.91175378191156,19.371540427748585],[105.91345935066857,19.38414870609796],[105.93599003980853,19.377193317017998]]],[[[106.00883597540002,19.911999739396492],[106.00791094533395,19.91648585723658],[106.01093144882736,19.913516906480083],[106.00883597540002,19.911999739396492]]],[[[104.89609874995739,20.67036464521226],[104.95794605336772,20.629046634694475],[104.98131944503643,20.57418399959198],[105.04373631068228,20.558917303690635],[105.05998380810632,20.57501955970497],[105.1032518357037,20.57365842319774],[105.16763101485952,20.51654193326368],[105.22780504326818,20.505356842844094],[105.26462340204841,20.455733789282988],[105.25677717692525,20.43539460947369],[105.34490239532931,20.391637392951395],[105.4029083849141,20.374573263445427],[105.42440871359133,20.3878147301657],[105.50199925466194,20.361694585936448],[105.53659958310436,20.370099063421094],[105.56238391418634,20.317235257001585],[105.59612948558737,20.313973077795367],[105.74012889833006,20.185571664001145],[105.91992016928043,20.10496162397982],[105.95897640193948,20.067258391661483],[106.0733136896751,20.063435004022267],[106.02318011437086,19.97091052969722],[105.99790321136419,19.971311379116912],[105.99412796443409,19.95148621581626],[105.95278246074201,19.922009827791385],[105.94596906921726,19.891892833787324],[105.90819188834502,19.887582824787557],[105.96348455586764,19.890518734452087],[105.93060416105322,19.83058200115846],[105.93062243977386,19.778247656204428],[105.89498568494145,19.7223627284572],[105.87609703515011,19.730981154656604],[105.8474156370221,19.695601835256525],[105.81715054266346,19.58730209391655],[105.80628699404957,19.582222913656608],[105.81640463236795,19.605312967619398],[105.81061992676825,19.621526297100957],[105.79564410309297,19.615977983697064],[105.7887354670682,19.599029337034324],[105.77531638334449,19.607488349407845],[105.78740741931699,19.58901421873128],[105.8064180666405,19.613058651235804],[105.80023888781449,19.58599378988157],[105.8132475371442,19.570021127972723],[105.81093355184203,19.4290177562645],[105.79579235093632,19.427773179089],[105.78781245508083,19.40296773397381],[105.78600941510251,19.417964115251777],[105.77213306029256,19.414934604148698],[105.81570326819133,19.318795289571028],[105.79331564140381,19.324427543896093],[105.80964810857341,19.308838261176845],[105.80221360927072,19.292512586586668],[105.7467882162033,19.302133319796894],[105.74019586814484,19.324163033497257],[105.71066774931722,19.303467342643785],[105.66265920635738,19.315949584605676],[105.66588424266371,19.34075010593267],[105.62356395031611,19.382738426137507],[105.5882735450881,19.371634679397005],[105.52186183065902,19.464965699907168],[105.47815349318921,19.446184985848447],[105.39326465513977,19.451370106245463],[105.34905570375776,19.539770409277025],[105.291419039657,19.475954052837324],[105.26627165701143,19.53003019573697],[105.2816596993357,19.60307197219379],[105.24433645306493,19.657841621893397],[105.23281979339879,19.646403581859886],[105.16285747369352,19.686106837160878],[105.16031971458324,19.72344614082681],[105.1320047434242,19.744248602790833],[105.12870841516127,19.825277618067673],[105.14777010980276,19.85643600451806],[105.18580744835509,19.86324390478245],[105.1675816061063,19.91887071361259],[105.09178204510533,19.940338725152117],[105.04464825381393,19.932584014141014],[104.9639020879111,19.976625127747525],[104.95764767180265,19.993797816216272],[104.91220663392909,19.998604011765792],[104.99048411764795,20.095614700158308],[104.93376905629697,20.126664238963485],[104.92610351936202,20.15942741884038],[104.86093231267614,20.143420771551405],[104.76993463177791,20.200713578968532],[104.71837140961293,20.20163383363456],[104.61142977496422,20.24464224674233],[104.61438395975199,20.36165015852805],[104.68130079459604,20.404118620478016],[104.71649914791738,20.40770155008653],[104.66305119855406,20.452852340762945],[104.66690819925407,20.470433908698],[104.624686925861,20.462873953070527],[104.5971806268845,20.41778804847968],[104.52673124694957,20.414797228909038],[104.5183956359499,20.388989171912783],[104.46792885733095,20.367117107568504],[104.41568261356184,20.379604302096936],[104.40305737939462,20.402942292852572],[104.41248715325958,20.427261818078478],[104.37480422313644,20.44359246322165],[104.38547476914533,20.490666030512955],[104.47243379798147,20.518036344801544],[104.52460716878585,20.553654686914342],[104.54061667681822,20.60005876919689],[104.60008158799496,20.60676992039555],[104.63574883524063,20.654225837152694],[104.68279340659052,20.616724507130357],[104.68198759605076,20.59812512697306],[104.72038255091405,20.604608484394078],[104.73861784593691,20.57470827017056],[104.80039257855469,20.58625763368292],[104.80813917768097,20.63771884215089],[104.85142450913384,20.663079819178336],[104.89609874995739,20.67036464521226]]]]}},{"type":"Feature","properties":{"Name":"Thua Thien - Hue"},"geometry":{"type":"Polygon","coordinates":[[[108.19244818383669,16.211386362390783],[108.12033656088363,16.183046738116502],[108.05691625418183,16.18007310369086],[107.98739812492357,16.214394207926432],[107.95434461870923,16.190183417930427],[107.90504660981327,16.21530229026854],[107.86560807715108,16.18470249072743],[107.87315935432082,16.161014189753132],[107.85783586803092,16.154089003504737],[107.8542711550898,16.115492031232293],[107.82074745183348,16.08377666675983],[107.81362051707328,16.054180846069244],[107.77210521868096,16.06775584615542],[107.72489741678243,16.03144608726717],[107.72160595025446,16.008369248841802],[107.69194960069359,15.996283758089021],[107.61932082799387,16.0333484375804],[107.61808984137315,16.06495746711346],[107.56013071725886,16.051255280406906],[107.55862097138078,16.02268769058452],[107.54114647313128,16.011760106643635],[107.50818620413008,16.018826310186114],[107.48878046035003,16.041429415435232],[107.45700432329096,16.02974184680886],[107.44659405187406,16.09103057500107],[107.40720317788441,16.085007533770693],[107.39928825265082,16.06416842623196],[107.37608442275797,16.07465689819736],[107.33206076858966,16.055929575989182],[107.26111660864461,16.137634701580282],[107.19245424007119,16.146080632415305],[107.1576411401266,16.169551464728386],[107.14283789635192,16.213308103885936],[107.14740692538936,16.269584323957417],[107.08028674124017,16.314409899996917],[107.0169863420461,16.303680335079434],[106.9857907146698,16.345607915073288],[107.03417264804932,16.3759588497212],[107.05521045629757,16.430603249040757],[107.13416196300426,16.4556072842488],[107.1189983402013,16.487236631265546],[107.05812937327204,16.518539643090094],[107.05889311982168,16.54613490839938],[107.11866413324321,16.552983980526335],[107.17088765024494,16.57980454104677],[107.24449162438901,16.58781710387632],[107.26858960612549,16.56753957798918],[107.28471498910551,16.576476217603386],[107.32402091583265,16.604095225914023],[107.30450733344674,16.641661062508092],[107.38619085192636,16.74369454726559],[107.58179551844847,16.596050557287413],[107.7069693697407,16.526146644052403],[107.93301211701566,16.342066026925636],[107.94602458936339,16.347630832097252],[107.98973064974973,16.314784263483034],[108.02201006001633,16.32366524945178],[108.01762817000412,16.34504792612097],[108.03178318514591,16.336779177916753],[108.08703939325346,16.230259862202956],[108.05605971198617,16.26298196914263],[108.03480723376691,16.261378942883937],[108.05480644735974,16.217486839745902],[108.19244818383669,16.211386362390783]]]}},{"type":"Feature","properties":{"Name":"Tien Giang"},"geometry":{"type":"Polygon","coordinates":[[[106.73366293359754,10.497731384395934],[106.79835712368236,10.409981100547384],[106.82566220204905,10.32944738418945],[106.78087405489379,10.30730143761133],[106.76760626321851,10.278331261778362],[106.7725438029542,10.191497607428687],[106.73843353128251,10.196399884746938],[106.67864446756818,10.236576361509947],[106.5349923442214,10.268645254874684],[106.39110606169544,10.338793782806874],[106.2189948202548,10.318725852016485],[106.08633726685144,10.277740139196112],[105.98962445640359,10.331752181118304],[105.8992099103092,10.275035800461865],[105.83652926721197,10.299106123548825],[105.81519722956853,10.323632348054446],[105.81402711625844,10.371632128020337],[105.8428215276914,10.367037125662875],[105.8579379675632,10.40915411906741],[105.94006767478345,10.495707251488511],[105.94102262979061,10.537294438987203],[106.10054156664006,10.52367699090047],[106.0996871504417,10.576599839610935],[106.28496766732405,10.588056121492855],[106.34662159041414,10.54537050924165],[106.34616553071476,10.52910022569489],[106.3678706862832,10.518606027746046],[106.36786781474791,10.490017772402325],[106.38936447868781,10.476117196151733],[106.40140685414309,10.494813784928283],[106.41524860124201,10.489246672096272],[106.4522172844002,10.451955606266267],[106.41223051782418,10.433412647775526],[106.45643840800619,10.396297209648537],[106.52782505778026,10.434473357659385],[106.55740458275534,10.413442060502746],[106.58253045541625,10.417647178874233],[106.58295083181548,10.436753214589203],[106.62560848684228,10.45291815065218],[106.6455978771404,10.484806304567371],[106.6605253901347,10.44441773888758],[106.68058926588196,10.440991265234743],[106.73366293359754,10.497731384395934]]]}},{"type":"Feature","properties":{"Name":"Ho Chi Minh city"},"geometry":{"type":"MultiPolygon","coordinates":[[[[106.96735359739068,10.452794348180646],[106.97153765363987,10.471145914752185],[106.9759431688422,10.474804642820061],[106.97505147034911,10.46141561353977],[106.96735359739068,10.452794348180646]]],[[[106.44974251110807,11.157971223992831],[106.52485068321255,11.121822551669482],[106.5144736165642,11.099729020278119],[106.53184421343974,11.091829298083667],[106.52276020012317,11.073178300438258],[106.5407155478843,11.052444839857515],[106.60100608256471,11.043946558586867],[106.5945696904389,11.020872953224284],[106.61771864909645,11.01038052154388],[106.6239010340056,10.981579923674587],[106.6473701099427,10.979940055788973],[106.64953861371612,10.93290021127575],[106.68333745286122,10.922598791101393],[106.70032401314273,10.868423470966434],[106.71419584706075,10.872502610507127],[106.7163766022984,10.897554130818548],[106.74652825257687,10.865499500701446],[106.7675464277255,10.895136318786115],[106.78567760193982,10.868453685489271],[106.83708424494199,10.902995610159337],[106.84597236163523,10.860357594527443],[106.88049509027627,10.811106237063257],[106.8628280552706,10.789713827031562],[106.87255508744738,10.769091296925865],[106.84388728796802,10.77614903155262],[106.82333029415781,10.7608895302277],[106.81507197898873,10.780978469181036],[106.76454704121306,10.741431655446604],[106.75274580637392,10.698777539252092],[106.82373536769313,10.629285929202297],[106.88007923297027,10.648974794850972],[106.91045673718872,10.60882400992017],[106.98206191502544,10.580033727274724],[106.9848770772154,10.532886617923111],[107.0114540095949,10.52501654008131],[106.99246502963746,10.472732898004892],[106.97068750112732,10.48078653557019],[106.94611458741832,10.429646596413363],[106.9716622762931,10.41052499253442],[106.87680794183314,10.377982650179206],[106.86420650102929,10.34359865815162],[106.82566220204905,10.32944738418945],[106.79835712368236,10.409981100547384],[106.73366293359754,10.497731384395934],[106.74403146388102,10.577240776540634],[106.71953038262114,10.59547299318416],[106.72153176627808,10.643594161841122],[106.68338539931676,10.656931348802743],[106.63878272834029,10.626006593629427],[106.60404422086418,10.660320014057447],[106.55554734873124,10.650687161583278],[106.51817048488005,10.724637832470023],[106.48736219101238,10.729022450126024],[106.46369449890204,10.758865678808093],[106.49897278036957,10.786469270040811],[106.53406871080244,10.902945431586431],[106.40934935079196,10.975172129989858],[106.37126384994679,10.970392207234624],[106.35460087922723,10.992752925407217],[106.41053769066195,11.009212722189432],[106.44974251110807,11.157971223992831]]]]}},{"type":"Feature","properties":{"Name":"Tra Vinh"},"geometry":{"type":"Polygon","coordinates":[[[106.23944849814973,10.082757633558003],[106.30890199762916,10.024358642037726],[106.47976809801935,9.922308767135917],[106.5962072407716,9.800222477285558],[106.56063822557371,9.745352018980554],[106.5777949483782,9.674432203683295],[106.55224433310957,9.610899648999634],[106.4984303093114,9.557396744763992],[106.41452908964584,9.528939449595953],[106.4034669347513,9.539397625200309],[106.37620769662794,9.528787440787823],[106.34141711660669,9.580356987884727],[106.31375966587592,9.593856657159051],[106.30187852627301,9.584214584835252],[106.24504444414583,9.619438406057668],[106.06846761009217,9.778299380012413],[105.95187746667182,9.920577046093854],[105.99418880087251,9.90561204486005],[106.0183595611449,9.93398529388628],[106.07246471887174,9.9443841160342],[106.08337031528788,9.962286507216561],[106.11107368360365,9.939600667037212],[106.13004931582333,9.962435026655214],[106.13323212356369,10.025375981216598],[106.19132661183374,10.026137790626592],[106.21221688180373,10.004705680023164],[106.23013118990258,10.024622220738934],[106.22101176578042,10.045102623787102],[106.23944849814973,10.082757633558003]]]}},{"type":"Feature","properties":{"Name":"Tuyen Quang"},"geometry":{"type":"Polygon","coordinates":[[[105.4962973676295,22.634995204465156],[105.5297843578619,22.634619763591274],[105.54617315136989,22.584768132043735],[105.59597844624835,22.5214434187788],[105.59547558133306,22.489353941731054],[105.54708949218639,22.438247906116032],[105.55082356365659,22.413798472921258],[105.56941811355517,22.41909752393161],[105.55912109106555,22.403566100894864],[105.51752705343085,22.402109079570437],[105.51285469229026,22.35032990140388],[105.47726163461681,22.310634422540602],[105.48959639585706,22.2950203670963],[105.45918420658592,22.285086533117067],[105.46233345072824,22.266377048961715],[105.43453393229521,22.26101205156499],[105.42987209232325,22.217308480502027],[105.4682021691948,22.16170449017011],[105.49104263071291,22.15824405451957],[105.46273253298006,22.11877492692139],[105.47245220690388,22.097704328492],[105.46136230432694,22.075717821820092],[105.5033555941854,21.99334245039381],[105.55377108626669,21.958964589943946],[105.55091268197475,21.909564231903857],[105.51719592755006,21.880505044772065],[105.52607456808693,21.836659025593633],[105.49221790972882,21.82816258253723],[105.49329513206476,21.779331589781066],[105.5235995142063,21.767745716491675],[105.47567650037024,21.69814250777057],[105.4952227991929,21.619331377141407],[105.54012545612494,21.574386765037218],[105.51835834536143,21.535267805564843],[105.42165408926485,21.498232667903324],[105.36885306991331,21.525590773895146],[105.33718313829127,21.50467817196011],[105.30106223163676,21.509725386717264],[105.29173724677656,21.53806685460171],[105.26502310213453,21.547103161581674],[105.27275114015305,21.560341273830772],[105.24733579371195,21.584148207973442],[105.24530903838149,21.616128147595987],[105.22448999921414,21.62812661724962],[105.23243638812886,21.65978619857424],[105.17593864884964,21.688075169433546],[105.15511455639171,21.683038332852846],[105.14810859933243,21.699668387486156],[105.10248023267667,21.7094269885647],[105.05481924441267,21.746478325714236],[105.098033068971,21.814386767435394],[105.04337256459223,21.865334092494436],[105.0349187655886,21.892097229503577],[105.01193816361541,21.89999546152137],[105.01743472193493,21.936032211417455],[104.98540929999928,21.937035464515134],[104.995568179428,22.044890052234166],[104.96029717887177,22.030735023602517],[104.93415051273604,22.058600929089664],[104.87765444619578,22.07510544016401],[104.84700712917572,22.18619764480553],[104.86369702739597,22.2035210425621],[104.89239271305331,22.184235826821975],[104.91181784441807,22.21618629745973],[104.91627056323597,22.24127074374985],[104.89000605983188,22.27312640695817],[104.9198231838929,22.293260460401996],[104.88975628302609,22.32427961471251],[104.89741969396374,22.350893845574547],[104.95005155173777,22.321388467004226],[104.98261306584038,22.324418320748975],[105.01104319788533,22.267603448140676],[105.04658866883204,22.291439423190866],[105.05863605800772,22.331915843641298],[105.03917999266258,22.35323923790054],[105.08332570371829,22.357072749208044],[105.0706853978129,22.385702680934003],[105.0980527866069,22.41374148558117],[105.08624668193886,22.439924462743818],[105.11599081702263,22.457660902928353],[105.1061957736161,22.494224554819425],[105.12542727195108,22.539228015860317],[105.11383684989079,22.57724739405205],[105.13932346760402,22.624981226502427],[105.15770845028482,22.623696698743686],[105.12885516383483,22.670293012912282],[105.14649051842275,22.69649393784499],[105.27459148580846,22.646267442788314],[105.2857348791614,22.617532802996493],[105.31434925981057,22.605279903444853],[105.32714713323367,22.639338950632123],[105.39341004403838,22.630286640216298],[105.44048332804323,22.60573386592523],[105.4962973676295,22.634995204465156]]]}},{"type":"Feature","properties":{"Name":"Vinh Long"},"geometry":{"type":"Polygon","coordinates":[[[106.03270892967345,10.29983505644276],[106.03647915299058,10.250936423876908],[106.12139300208543,10.231763719620005],[106.22573552857187,10.141046251283512],[106.28751437199071,10.051509867986056],[106.23944849814973,10.082757633558003],[106.22101176578042,10.045102623787102],[106.23013118990258,10.024622220738934],[106.21221688180373,10.004705680023164],[106.19132661183374,10.026137790626592],[106.13323212356369,10.025375981216598],[106.13004931582333,9.962435026655214],[106.11107368360365,9.939600667037212],[106.08337031528788,9.962286507216561],[106.07246471887174,9.9443841160342],[106.0183595611449,9.93398529388628],[105.99418880087251,9.90561204486005],[105.95237386815955,9.922362521413277],[105.9789772217215,9.884494060252734],[105.8567889964151,9.96905964058999],[105.78285290084074,10.068213337875306],[105.68084312041373,10.135048279554496],[105.7259899513752,10.206036678949602],[105.7629459711797,10.179523707253338],[105.77308929503499,10.190582014848133],[105.79955032818515,10.156479625734164],[105.86880257198118,10.155336689037028],[105.87449176058635,10.190391519553032],[105.91157692213733,10.193498655638507],[105.91787734576297,10.211943824547916],[105.87520414235735,10.265432577051854],[105.9843117446913,10.331910699219463],[106.03270892967345,10.29983505644276]]]}},{"type":"Feature","properties":{"Name":"Vinh Phuc"},"geometry":{"type":"Polygon","coordinates":[[[105.7578636334,21.379747873265785],[105.78832818479793,21.346237616672738],[105.72155815798266,21.267554994667307],[105.73549628542531,21.2373645512331],[105.72192460923338,21.226100762939893],[105.69627906242886,21.225866881651314],[105.69618963294528,21.213718043552944],[105.68639660941608,21.235315800284013],[105.64902934133107,21.23891890348466],[105.65629932315528,21.221587100664237],[105.61479423206822,21.20512411308738],[105.62544112770593,21.1738370354509],[105.55684129708823,21.15326155247874],[105.49166183282739,21.161769239758655],[105.46689485981,21.178246576018694],[105.44113370785442,21.247628016419867],[105.4540088753094,21.31208061892545],[105.3934026084437,21.360541042435216],[105.38702221170576,21.42897548862794],[105.34125151384637,21.42230849683972],[105.32294190784285,21.507734553906573],[105.36885306991331,21.525590773895146],[105.42165408926485,21.498232667903324],[105.51835834536143,21.535267805564843],[105.55025463993974,21.57397118382312],[105.60155719360966,21.53024579520735],[105.65030519602806,21.458331890904105],[105.72244125266172,21.43407378667598],[105.72770723739916,21.41025975778166],[105.75102197618332,21.414234543589373],[105.7578636334,21.379747873265785]]]}},{"type":"Feature","properties":{"Name":"Yen Bai"},"geometry":{"type":"Polygon","coordinates":[[[104.84700712917572,22.18619764480553],[104.87765444619578,22.07510544016401],[104.93415051273604,22.058600929089664],[104.96029717887177,22.030735023602517],[104.995568179428,22.044890052234166],[104.98540929999928,21.937035464515134],[105.01743472193493,21.936032211417455],[105.01193816361541,21.89999546152137],[105.0349187655886,21.892097229503577],[105.04337256459223,21.865334092494436],[105.098033068971,21.814386767435394],[105.05476273371323,21.747235045860748],[105.08311414540157,21.722878937113308],[105.09640035069566,21.68322090691936],[105.03003516269268,21.701813321827387],[104.97845041615386,21.67409299409644],[104.983755140987,21.66194817147101],[104.95203201176798,21.661875038602204],[104.90647797857594,21.633003222520756],[104.90385068116404,21.610049593913686],[104.88672479791114,21.61131993576646],[104.89590228766053,21.565267856226626],[104.86626836899012,21.54975117307822],[104.91073573336746,21.441037541249557],[104.88038886725246,21.389142690482856],[104.89458273940198,21.345095091865062],[104.85272551606977,21.365443288277163],[104.84622318834954,21.339055187447002],[104.77568469099577,21.32664039283992],[104.74739178470315,21.352988048459736],[104.73233965085427,21.406970833637104],[104.68814535302567,21.401086426497443],[104.67349988091485,21.376501617455745],[104.5872800417406,21.42381650522759],[104.57715526999976,21.40931127069865],[104.52814088479408,21.41453272460558],[104.47439480387715,21.35364645292151],[104.4267143830624,21.35568312867349],[104.3916767403893,21.399897702616954],[104.36796663625131,21.399266442392445],[104.34519799099456,21.420457202837667],[104.32851902493309,21.41053783265488],[104.28073858961426,21.47140076153596],[104.2929684179582,21.51244081948829],[104.2753351497974,21.552013630824433],[104.29546203024853,21.572957253074833],[104.285734236346,21.600706538076338],[104.33660398228801,21.654630220708157],[104.21522503440787,21.67336003853501],[104.19213530420097,21.648285679940216],[104.15489621109134,21.656540355553034],[104.09117108457798,21.643023631535414],[104.02464013713268,21.67279818169078],[103.93428890870621,21.671576419416283],[103.91422763469762,21.735977297414422],[103.95147508610643,21.742256812701783],[103.96497970434996,21.7706982833991],[103.88803610318365,21.866137322879183],[103.89035696020562,21.921653707552593],[103.91704068168218,21.93267597121917],[103.94185364243174,21.919401549741792],[103.98290270169838,21.96794078084241],[104.00921693041704,21.919800510585162],[104.07805174489215,21.90505144017186],[104.0921860216676,21.916862294159614],[104.19393187085922,21.88960495810238],[104.22824150424208,21.902494672990827],[104.2151553774188,21.94993506115418],[104.2553825516635,21.932693458536335],[104.28190393381954,21.941194033977524],[104.32298432276832,21.919194997051534],[104.35388309382978,21.877518153440064],[104.43062197332546,21.94820283649176],[104.41393555638086,22.02630340377914],[104.37709448612168,22.082766056908042],[104.40473689209398,22.11820034916684],[104.38234593062026,22.176535605733648],[104.41371018088023,22.20068841194069],[104.452098058079,22.186076007901477],[104.56043288107264,22.08808078579966],[104.58238874874183,22.113326694571356],[104.58155804137056,22.17810715482136],[104.62414180989668,22.173174194433557],[104.61354768018134,22.207408084215785],[104.6268252582791,22.220224764261502],[104.58259562878533,22.23277506781517],[104.58454844635378,22.26483996189478],[104.60651080622881,22.290657596670826],[104.71986057990188,22.25949282863121],[104.72229925080984,22.201007922177894],[104.75949243982427,22.17123341159271],[104.84700712917572,22.18619764480553]]]}},{"type":"Feature","properties":{"Name":"Da Nang city"},"geometry":{"type":"MultiPolygon","coordinates":[[[[111.19899060543224,15.773835719742749],[111.2065027935692,15.795080759669474],[111.2281419568859,15.791470275732763],[111.22176923226431,15.775958880597841],[111.19899060543224,15.773835719742749]]],[[[107.9096202973389,16.21640037687598],[107.95434461870934,16.19018341793054],[107.98739812492357,16.21439420792649],[108.05512288101619,16.180137775737762],[108.11744161084175,16.182440052766367],[108.19244818383675,16.211386362390783],[108.15437102690152,16.190263418921802],[108.15176366386208,16.16240126540623],[108.13693500704511,16.163636024682944],[108.12113649255525,16.13220908358244],[108.16768644307507,16.081348489141476],[108.22068192193314,16.086225296760063],[108.23243817718031,16.03385231153493],[108.20440751589416,16.008721112189562],[108.23704267008321,16.025146001786595],[108.22209191141263,16.097068508105224],[108.2344829009653,16.091186483269666],[108.24028141835294,16.109424544607066],[108.2120452071207,16.12535118640818],[108.24521886815643,16.15619099072171],[108.30374747986241,16.1239652394043],[108.31705125071466,16.14525242695811],[108.33711181875555,16.118684530966448],[108.30526237076191,16.096583627832217],[108.25847561166029,16.10317734555815],[108.24573339907727,16.080788567638365],[108.28756393502772,15.96848601671644],[108.26986292903109,15.96092179200707],[108.24520864466331,15.975825590778356],[108.20909481567327,15.943813247683295],[108.20132512825217,15.965308586921765],[108.18299584957884,15.966224838705386],[108.17727430876243,15.941591971692219],[108.15167507164728,15.954817474546871],[108.14336889276035,15.933151275810758],[108.10577998765643,15.947045224058002],[108.0810211166314,15.927082576000203],[108.03797781882133,15.935212177500091],[107.98163469458558,15.920725517568712],[107.94891495016486,15.949693824610392],[107.98164973214949,16.008875336028098],[107.95708683059286,16.03892741606751],[107.96098999888937,16.06574602955567],[107.90047001388012,16.035055792391063],[107.8615963642809,16.062000872142676],[107.81672917840905,16.058448805468117],[107.82074745183348,16.083776666759945],[107.85427115508986,16.115492031232407],[107.85783586803103,16.15408900350468],[107.87315935432088,16.161014189753132],[107.87414772813531,16.197532588658135],[107.9096202973389,16.21640037687598]]],[[[108.2067543183573,16.212032287859813],[108.19864829977934,16.224392700462943],[108.20507549273992,16.227116556284216],[108.2067543183573,16.212032287859813]]],[[[111.56348214438549,16.189651476134884],[111.56100055603099,16.214910657101257],[111.64756093788702,16.28749598715018],[111.7757878148559,16.297567250128623],[111.80615856426641,16.266802015800522],[111.80126996293859,16.24086192124065],[111.7612227763102,16.215216717977285],[111.58928076029895,16.18178583734658],[111.56348214438549,16.189651476134884]]],[[[111.52005484775316,16.4428760613813],[111.60839973006364,16.539847454796302],[111.70745331571811,16.58539594906381],[111.77831072256197,16.509420602079103],[111.74130590734188,16.443097713688644],[111.52005484775316,16.4428760613813]]],[[[111.36055689568423,16.720345941811843],[111.37271214235153,16.74514759538539],[111.4035238023817,16.735133859340237],[111.39444295557792,16.710285389759065],[111.36055689568423,16.720345941811843]]],[[[111.45912817132808,17.06609755905521],[111.44397892778545,17.08541836996193],[111.461450178583,17.09882140258577],[111.52760365628376,17.11524313376367],[111.55987251120757,17.101074885098],[111.52164379602442,17.075878473213095],[111.45912817132808,17.06609755905521]]],[[[112.45120569158951,16.012178952396823],[112.44191318034905,16.035066758723985],[112.46068878805727,16.0486267886954],[112.59742401870358,16.073366073385728],[112.53339174313464,16.02456989158742],[112.45120569158951,16.012178952396823]]],[[[111.74839379983405,16.048125322225985],[111.77328677326608,16.07846135960409],[111.82211980658394,16.067641795932275],[111.78333425457225,16.03791862674342],[111.74839379983405,16.048125322225985]]],[[[111.9448021086306,16.32647710483468],[111.96435272689695,16.353504183871166],[112.00736667713056,16.365025901324316],[112.07829508724865,16.343603274971315],[111.9448021086306,16.32647710483468]]],[[[112.63528145327655,16.568457314553484],[112.63365716344754,16.575253041594692],[112.64167806119372,16.572895099229413],[112.63528145327655,16.568457314553484]]],[[[112.7352277572553,16.65792054339846],[112.7271186800831,16.67677309080557],[112.74189275164929,16.661046706440516],[112.7352277572553,16.65792054339846]]],[[[112.3371554728468,16.829294256225126],[112.32480798619963,16.84855228905701],[112.34895428131517,16.846090204299628],[112.3371554728468,16.829294256225126]]],[[[112.34403273512271,16.92338409500013],[112.19149299780383,16.977660025889577],[112.20251511308209,16.99195253388251],[112.24386153498199,17.002344639893238],[112.32454069689572,16.959042647600256],[112.34403273512271,16.92338409500013]]]]}},{"type":"Feature","properties":{"Name":"Khanh Hoa"},"geometry":{"type":"MultiPolygon","coordinates":[[[[109.12868410208972,7.814150366346496],[109.11189684776144,7.833278731328448],[109.13107699210957,7.850013461652054],[109.1478594431589,7.830887784743538],[109.12868410208972,7.814150366346496]]],[[[109.21200368522204,11.778245498530964],[109.22008625217893,11.784918974431207],[109.21995766531404,11.773424801413569],[109.21200368522204,11.778245498530964]]],[[[109.21896376336713,11.851601756216098],[109.24966409092514,11.835833280881388],[109.23276616512646,11.829560881029977],[109.21896376336713,11.851601756216098]]],[[[109.32178189671725,12.004150102745086],[109.31847354991447,12.007282162641673],[109.32187887241207,12.007322561087335],[109.32178189671725,12.004150102745086]]],[[[109.32546633460373,12.035453646968335],[109.3199596580119,12.042040457900953],[109.32593477526973,12.047419819269408],[109.32546633460373,12.035453646968335]]],[[[109.31230918831858,12.163018439449559],[109.29683971328234,12.172489832140172],[109.31550158103317,12.165785940269018],[109.31230918831858,12.163018439449559]]],[[[109.2353467580466,12.175918011806857],[109.24444766063101,12.18034764412863],[109.24976466390814,12.170709594472271],[109.2353467580466,12.175918011806857]]],[[[109.26854734208626,12.176124955702335],[109.27484826393635,12.18208415495991],[109.27377330879136,12.174826469565915],[109.26854734208626,12.176124955702335]]],[[[109.22164252628176,12.186275673783314],[109.22141722992131,12.198781299017867],[109.22978915374642,12.194411496793293],[109.22164252628176,12.186275673783314]]],[[[109.26300640492173,12.237329259138164],[109.30369741080705,12.214346737112237],[109.32691174028474,12.222840126970311],[109.33359118858249,12.195714326654866],[109.32085264973011,12.185956930667885],[109.28954996615818,12.198411321525327],[109.28191924108023,12.181908159434045],[109.228546732246,12.22862452320328],[109.25691666637113,12.21346081496472],[109.26300640492173,12.237329259138164]]],[[[109.24297624925464,12.28872607794625],[109.24015777666011,12.29229857002315],[109.24335509586098,12.291851591677641],[109.24297624925464,12.28872607794625]]],[[[109.3642594121423,12.838506938144803],[109.3573852822052,12.799257559888645],[109.37949592139978,12.740420612021808],[109.42509609071215,12.669813441537201],[109.45148780142108,12.670009136712338],[109.45972075840638,12.651715589902665],[109.4326705542029,12.641712902028928],[109.43841026941851,12.570324995902013],[109.41451640590748,12.581667615168442],[109.38843883288598,12.628724665511015],[109.40961513313192,12.648547031020712],[109.39446963526558,12.687016300461949],[109.39172004174668,12.670298301125797],[109.3676135065582,12.674845992848361],[109.36322471784655,12.643935602546094],[109.34969487901554,12.665223489772416],[109.33250953258892,12.6594411907584],[109.3785541531517,12.714157852403048],[109.35378015463061,12.800199748119894],[109.32472898405547,12.79616165723479],[109.31999555085417,12.770427975071073],[109.29419616242308,12.763231942700031],[109.2595936027626,12.713061046430255],[109.22679196697584,12.695954567849185],[109.18063604002128,12.620831601896896],[109.19926494312261,12.61367247860204],[109.18873144659909,12.578405202138413],[109.2073158017829,12.539055677177828],[109.22029272033296,12.584376927153471],[109.23135886461989,12.595259071948703],[109.24235171236171,12.582703849103325],[109.22821082736789,12.549075269608068],[109.2372632582929,12.509806003744131],[109.28215735277968,12.491340774557159],[109.28789415599061,12.428251502904573],[109.33630712677257,12.407874185545268],[109.3373845082885,12.390940126785551],[109.32510516776938,12.374243106834001],[109.30704970478013,12.389932518271223],[109.29747424344157,12.354742506161813],[109.28153613438525,12.349447393282617],[109.23917143441423,12.407933119018253],[109.17556496714963,12.457160769453935],[109.1399554788623,12.411024331707665],[109.19760122341785,12.394479123612712],[109.19978076636932,12.339119422423437],[109.24096934735769,12.307122645693596],[109.20453166980087,12.291611121056405],[109.20212981893599,12.267346767439392],[109.1728431671786,12.270751927159836],[109.19767138222852,12.261950254200997],[109.21389562138586,12.205121196586049],[109.1648768636764,12.205640434558518],[109.20624356708703,12.188570663605333],[109.19644506938454,12.167045101750034],[109.22057877219265,12.151854634184076],[109.19394111938715,12.117481777562148],[109.19299423669474,12.088888600228756],[109.2448463471813,11.981917152154836],[109.28327537825629,11.954804904622677],[109.25606355239114,11.920284712969192],[109.2784605995771,11.877705138881083],[109.24746968218028,11.854261475087014],[109.22975272760647,11.882432789441737],[109.20147058979592,11.882140735506539],[109.2133865142763,11.976068941828373],[109.19977380381806,12.041725310274899],[109.18225995932983,12.058609087939033],[109.17960588460397,12.112292729825754],[109.16077761439539,12.119976174960641],[109.15155706240859,12.102623171522339],[109.1728505479146,12.087628898255048],[109.17135501582146,12.04553393914],[109.19807266242356,12.023771608273194],[109.20468437018764,11.98382435790785],[109.16499484303762,11.908403995148262],[109.14656252184295,11.89573487316602],[109.13045297772294,11.908705854391656],[109.10895325968522,11.850182529800065],[109.14234962073851,11.819089864006003],[109.18699530089259,11.877665698213491],[109.17616011329869,11.841240513139269],[109.193247776264,11.812743931087653],[109.1078126918024,11.80778751548155],[109.06405162528239,11.849155102925636],[109.03726766267266,11.90861853022102],[108.84826803184421,11.966095099709207],[108.85252711943122,12.015518384166228],[108.7973381374452,12.045854497986852],[108.80714779123775,12.061023583271776],[108.78153250212335,12.124844675541453],[108.78634526542186,12.16198179992017],[108.73561950813394,12.157759745515932],[108.70894104499342,12.193802122470004],[108.71759099602781,12.22233578626765],[108.69881402674594,12.241014885029074],[108.70222512828713,12.305665350075913],[108.67842301091332,12.317935486033889],[108.68680128305283,12.375498827508977],[108.66796147094533,12.424452771977997],[108.70295990857312,12.476930874460379],[108.73880340855067,12.477234990102716],[108.77185452976278,12.506540981780915],[108.86829258473512,12.454852554202148],[108.87696182712682,12.480118112261152],[108.85728765460169,12.494697685649726],[108.89417728375469,12.567326295572173],[108.8603309496138,12.605749491845756],[108.90964050040884,12.642852471664412],[108.90340735596487,12.678483644404707],[108.94073636419193,12.69583912187801],[108.97639955729392,12.68316481800207],[109.04008590593986,12.747247832421635],[109.08343311524612,12.743844887731541],[109.11326036207623,12.798296837529051],[109.14119242259233,12.781538106998084],[109.16447924911824,12.827600926241814],[109.20229056285928,12.829551047642838],[109.22603844931513,12.813714528702576],[109.25375793528059,12.839150383283538],[109.31765746911708,12.836827930864388],[109.36462514573401,12.868159167012095],[109.38692560213497,12.84428262264504],[109.3642594121423,12.838506938144803]]],[[[109.21363987308172,12.35898069260503],[109.21378277535484,12.36344388222949],[109.21592440918425,12.361600174008913],[109.21363987308172,12.35898069260503]]],[[[109.22004400112985,12.38897113311134],[109.22797254030064,12.399611499671096],[109.23837313771025,12.389901177797185],[109.23346140222208,12.382114619993843],[109.22004400112985,12.38897113311134]]],[[[109.22284996415465,12.399722633392855],[109.22002960568182,12.403295264864767],[109.22322870913774,12.402848541027481],[109.22284996415465,12.399722633392855]]],[[[109.21832908931606,12.401778515965816],[109.21476265956915,12.404631766243142],[109.21820033517747,12.404903983831844],[109.21832908931606,12.401778515965816]]],[[[109.35085122190651,12.478595336106025],[109.35193887098222,12.488549903955004],[109.35883556311092,12.48066826892557],[109.35085122190651,12.478595336106025]]],[[[109.29139163381689,12.493530309875894],[109.30686325823285,12.498557699977994],[109.31308815409506,12.498269220847988],[109.29973755014794,12.4871072573942],[109.29139163381689,12.493530309875894]]],[[[109.30736525530233,12.637040691075185],[109.30404641161272,12.640174582890722],[109.30746230743972,12.640215241240469],[109.30736525530233,12.637040691075185]]],[[[109.2941317736624,12.637608777523099],[109.29130937372872,12.641183191451148],[109.29465120498918,12.640723193620545],[109.2941317736624,12.637608777523099]]],[[[109.21843353567925,12.64179195243679],[109.21560975078944,12.645365370815398],[109.21881266197494,12.644918607407988],[109.21843353567925,12.64179195243679]]],[[[109.31460762344312,12.642421747665708],[109.31620732940473,12.646606346205942],[109.31542406037221,12.64198281465525],[109.31460762344312,12.642421747665708]]],[[[109.34447646211908,12.643309768830932],[109.33883483685827,12.652800268517694],[109.34824719265401,12.653004645747842],[109.34447646211908,12.643309768830932]]],[[[109.26341472860696,12.676554827043788],[109.26059125218472,12.680128961282662],[109.26393379031225,12.679669432898038],[109.26341472860696,12.676554827043788]]],[[[109.27889987612855,12.695212851991585],[109.28408404594217,12.7024867305783],[109.28596314068653,12.70235218480559],[109.27889987612855,12.695212851991585]]],[[[109.30065789474611,12.713473624808103],[109.30319613319506,12.72531156997303],[109.31137724696248,12.72417239783789],[109.30065789474611,12.713473624808103]]],[[[113.58076083104754,6.968487087809024],[113.59086926210682,6.954622397205924],[113.57937091083909,6.956796073879786],[113.58076083104754,6.968487087809024]]],[[[111.69911116035178,7.944665014278996],[111.73355840169899,7.934937634964001],[111.75275318790943,7.687665842204979],[111.53712216805366,7.511230074908156],[111.53950221665417,7.661564196130769],[111.69911116035178,7.944665014278996]]],[[[110.47710019271972,7.840015605835561],[110.5118666960912,7.849292941915905],[110.4972417842809,7.820714023333664],[110.45005487543233,7.802681733175518],[110.47710019271972,7.840015605835561]]],[[[112.91915696632111,7.901474412014579],[112.92101418056006,7.895023119021801],[112.91113997882701,7.892078334847383],[112.91915696632111,7.901474412014579]]],[[[110.58750688193709,8.044942201321703],[110.60442720715002,8.077266171196811],[110.63513973670956,8.06141482243612],[110.6239666414474,8.008489139062647],[110.60468003895278,8.009914261434062],[110.58750688193709,8.044942201321703]]],[[[110.43872834863447,8.148285688034207],[110.48992081539348,8.168607749248281],[110.55644876539839,8.120579169393238],[110.50178055113162,8.070005157412083],[110.461538869923,8.07707058124248],[110.43872834863447,8.148285688034207]]],[[[113.36365545813294,8.294119560369495],[113.35147328576375,8.220775352700457],[113.32223353634879,8.169749586074602],[113.22493860823022,8.081651975957982],[113.36365545813294,8.294119560369495]]],[[[111.91726736229907,8.647616446641848],[111.91799829078855,8.641047032194933],[111.91406590531744,8.641206009849611],[111.91726736229907,8.647616446641848]]],[[[111.68896046655232,8.693614967057215],[111.68083661531762,8.672319742262289],[111.64069737678267,8.671745642047824],[111.6412257239881,8.67744761721383],[111.68896046655232,8.693614967057215]]],[[[112.54588385065938,8.839179508627524],[112.60943327212783,8.842383009768184],[112.67231609810949,8.821573846056197],[112.56367388863919,8.807088008105154],[112.54588385065938,8.839179508627524]]],[[[112.24288302403238,8.888595489690204],[112.26194388680108,8.870844606393632],[112.21973482080546,8.827619548403447],[112.17185782707713,8.841638985350983],[112.19685050114981,8.877712298084191],[112.24288302403238,8.888595489690204]]],[[[112.8600173246399,8.86009756674946],[112.85562876885263,8.859095332583593],[112.85679542786693,8.860097971444247],[112.8600173246399,8.86009756674946]]],[[[112.81059669138426,8.87572782707764],[112.85635007009967,8.867815467609717],[112.859316325588,8.862264405877681],[112.82432447639349,8.862055298213534],[112.81059669138426,8.87572782707764]]],[[[112.34600443125953,8.928633648024572],[112.35215209694184,8.935504999955924],[112.35322011022004,8.93223130762874],[112.34600443125953,8.928633648024572]]],[[[112.88096624569573,9.573706558910715],[112.97418636181135,9.69261348812205],[113.06701390856517,9.723900056742366],[113.05262803655478,9.679289830561345],[112.9794506153537,9.622272642868325],[112.88096624569573,9.573706558910715]]],[[[109.35809336611601,12.268205629885983],[109.3601477288347,12.274591151860307],[109.36120077559542,12.269478806401821],[109.35809336611601,12.268205629885983]]],[[[109.36624293616273,12.282987826826798],[109.36831854716331,12.286156869543959],[109.36845734403136,12.280899271883925],[109.36624293616273,12.282987826826798]]],[[[109.3725488105793,12.359651586851328],[109.37039233703683,12.371116244119492],[109.37856411044532,12.358466458460327],[109.3725488105793,12.359651586851328]]],[[[109.37678556260374,12.477013916059377],[109.37363608733574,12.48030903923086],[109.37682136281575,12.480207260256975],[109.37678556260374,12.477013916059377]]],[[[109.39243706222078,12.547500717683988],[109.38961763274762,12.551076137054167],[109.39295776518884,12.55061462476516],[109.39243706222078,12.547500717683988]]],[[[109.31704410719988,12.638032865424407],[109.38299067428028,12.624651779855753],[109.40623002919256,12.552197966662959],[109.3009220481141,12.62108947439981],[109.31704410719988,12.638032865424407]]],[[[109.44828508808638,12.59570756745046],[109.44546597067807,12.599283897833743],[109.44880676591958,12.598821480826643],[109.44828508808638,12.59570756745046]]],[[[109.37531979896971,12.644875407574034],[109.37249872193854,12.648450931265529],[109.37570133724711,12.648001790050671],[109.37531979896971,12.644875407574034]]],[[[109.4001837800576,12.644520349834352],[109.39549637685639,12.65628253071435],[109.40328708593029,12.650039353433385],[109.4001837800576,12.644520349834352]]],[[[109.46441770970966,12.652274536540801],[109.46803665896476,12.658244455717238],[109.46521806765969,12.651518820936928],[109.46441770970966,12.652274536540801]]],[[[109.3665223726095,12.703942805815927],[109.36714953732132,12.709968888553476],[109.3707107536984,12.70930290910195],[109.3665223726095,12.703942805815927]]],[[[113.80232149034464,7.400719112896866],[113.86731712688402,7.406316841349337],[113.84510938429082,7.393177016905895],[113.80232149034464,7.400719112896866]]],[[[113.84843324529822,7.657224854843207],[113.82344508941935,7.637849917339963],[113.77641807463465,7.635425214701968],[113.77553077292703,7.64146303808883],[113.84843324529822,7.657224854843207]]],[[[113.93674091366233,7.654437631891199],[114.33164192773279,7.944401343847005],[114.44645866743372,7.978716971211384],[114.50259449434054,7.923535959017329],[114.36171188809328,7.689687022638111],[114.14247540431666,7.59907444582916],[114.04497098902004,7.602111257628508],[113.94212133802955,7.629673275001608],[113.93674091366233,7.654437631891199]]],[[[113.90779818064163,8.021546739390544],[113.93187130511672,8.014378666042717],[113.96069923877906,7.952122241248617],[113.94390575304828,7.951014194649417],[113.8950119579356,8.004847402785458],[113.90779818064163,8.021546739390544]]],[[[114.12740066600816,8.09203389085144],[114.15031915360612,8.089848528386938],[114.12856988539204,8.08016724112531],[114.12740066600816,8.09203389085144]]],[[[114.52594530403258,8.117828518271608],[114.70873941938873,8.174185378752327],[114.76829950222032,8.167407241551132],[114.81028954102965,8.112679263737164],[114.73564123095821,8.070340957968881],[114.65440598135115,8.069547060748391],[114.5117512825957,8.094614860587512],[114.52594530403258,8.117828518271608]]],[[[115.16983119435429,8.37890426232201],[115.19632988211845,8.386430806336705],[115.28120556938165,8.357149466874432],[115.26670204806123,8.341789462713564],[115.19780401394416,8.348569642275208],[115.16983119435429,8.37890426232201]]],[[[114.58173005899505,8.473159870431743],[114.5746655416815,8.487354290268456],[114.58882694290912,8.49663323613504],[114.58173005899505,8.473159870431743]]],[[[114.16096996129477,8.747185091119093],[114.19783646977737,8.729529077305074],[114.20714428478095,8.685365288077662],[114.17895751197966,8.667034621750418],[114.16096996129477,8.747185091119093]]],[[[113.91128403562993,8.84277926095416],[114.03379485404946,8.82163785530281],[114.06165196956283,8.76527590735742],[114.0029703058351,8.770581686195897],[113.90142293432109,8.82190024330157],[113.91128403562993,8.84277926095416]]],[[[114.63346789712591,8.853363888432852],[114.68580938629418,8.872448141668485],[114.63396376711421,8.827964150625235],[114.63346789712591,8.853363888432852]]],[[[113.65572360885756,8.963926970653233],[113.70818944728535,8.980473081667355],[113.72015515283817,8.97964186438054],[113.68720248310831,8.951339642010907],[113.63789618875819,8.939627825863624],[113.65572360885756,8.963926970653233]]],[[[113.66427663815648,9.205688753933032],[113.66974016437723,9.212475068669505],[113.66800249971561,9.204995701290727],[113.66427663815648,9.205688753933032]]],[[[114.0146794249157,9.539119802137293],[114.02367554569003,9.536567332816219],[114.01751946595073,9.530883595901344],[114.0146794249157,9.539119802137293]]],[[[114.27749991488929,9.86257271665761],[114.3438380108156,9.901721958101973],[114.61101871624078,10.00012405687977],[114.6689175381141,10.003635148643184],[114.63983564220132,9.92876948232589],[114.27565995594227,9.698686923762693],[114.24814063118538,9.769414087190512],[114.27749991488929,9.86257271665761]]],[[[113.8635245787965,10.120691475431272],[113.85287873986204,10.009671749851464],[113.84029271883412,10.005570948340619],[113.84294618741671,10.13413125705199],[113.8635245787965,10.120691475431272]]],[[[115.28614831978916,10.213316753865172],[115.33111273676354,10.204841849571778],[115.33235767636575,10.200654688862983],[115.29025797872293,10.171936142439165],[115.28614831978916,10.213316753865172]]],[[[113.62067460235107,10.26848817838669],[113.60302428394357,10.250654081720597],[113.60574000809504,10.266318607118137],[113.62067460235107,10.26848817838669]]],[[[114.22114485305258,10.205385570687554],[114.36775779908339,10.384053433719146],[114.5829110226257,10.417997736406562],[114.71952072769955,10.375964367361746],[114.70487073020013,10.322572560875017],[114.6715937604439,10.29298201201027],[114.36590850877087,10.174318299050356],[114.2585988598496,10.164861916044629],[114.22114485305258,10.205385570687554]]],[[[114.31602637941398,10.694683139115739],[114.61114472115207,10.932979983839346],[114.62397961336865,10.933795620371711],[114.5767979430708,10.738916418957672],[114.5249976398294,10.700284622237689],[114.42284238596744,10.662864967744099],[114.31602637941398,10.694683139115739]]],[[[114.9329367443354,10.908717661790831],[114.92233709907805,10.866218848621031],[114.86967293855537,10.853737325217423],[114.9329367443354,10.908717661790831]]],[[[114.0535809903705,10.907077772321486],[114.20868783077879,11.060971378726208],[114.38330327942288,11.092874991987287],[114.34343303620585,11.050027630370892],[114.0800375412997,10.90294018224364],[114.0535809903705,10.907077772321486]]],[[[114.64546085393545,10.94892193390018],[114.78083024012358,11.135947230879992],[114.80945400070175,11.15273966620282],[114.80685657696961,11.096382878567113],[114.74283519308983,11.009642276170155],[114.64546085393545,10.94892193390018]]],[[[115.0153100230392,11.075636558580356],[115.02516392167774,11.077182459003325],[115.01853737599924,11.070331988430667],[115.0153100230392,11.075636558580356]]],[[[114.56214147315063,11.325692210826844],[114.63201037487897,11.498635380018925],[114.6586113731164,11.503362765279576],[114.70098656727646,11.475861813671884],[114.69656243340967,11.442647007753237],[114.60195861409886,11.325083521787235],[114.56214147315063,11.325692210826844]]],[[[114.29568597832542,11.380877321231424],[114.35088220614898,11.455853893742301],[114.39784233925263,11.466621683443975],[114.39794471537641,11.455224140781581],[114.29568597832542,11.380877321231424]]],[[[116.59012280262539,8.22360099558955],[116.6063307433692,8.229493001101105],[116.61488181304537,8.217493338047177],[116.60061675865666,8.206919514124422],[116.59012280262539,8.22360099558955]]],[[[116.3043391278485,8.914735022403534],[116.28955203589794,8.873095588790363],[116.2647073209863,8.870793363922758],[116.2761808149927,8.909070132580666],[116.3043391278485,8.914735022403534]]],[[[116.65235723899559,9.04613260043925],[116.66619335004316,9.054931170737007],[116.68568991635675,9.025663045912836],[116.65890076285996,9.029021522725259],[116.65235723899559,9.04613260043925]]],[[[116.48412157914765,9.181872948877526],[116.49565858507583,9.174802587769364],[116.48004754775627,9.177369280767778],[116.48412157914765,9.181872948877526]]],[[[115.90263229274615,9.31700376291343],[115.93013774276278,9.324954101650633],[115.96289762122842,9.317062728761982],[115.9118747036548,9.309317627906182],[115.90263229274615,9.31700376291343]]],[[[115.43179432644718,9.350324251762913],[115.42830260787923,9.397649452060705],[115.44534671487907,9.417351594400714],[115.4603598073594,9.359276550372556],[115.43179432644718,9.350324251762913]]],[[[116.9187061902386,9.450629289010578],[116.93729630558016,9.456034481606139],[116.92602867718176,9.440524245697532],[116.9187061902386,9.450629289010578]]],[[[116.15980671480827,9.597323429432834],[116.17316105363977,9.608625130445603],[116.16649214629558,9.594247326253196],[116.15980671480827,9.597323429432834]]],[[[115.86490395855105,9.802669976838104],[115.89271783376114,9.790590895553578],[115.84694984555915,9.667357856779688],[115.84618512324505,9.773296747347047],[115.86490395855105,9.802669976838104]]],[[[116.41528107376257,9.790909974116062],[116.47135398769649,9.806761498244555],[116.6119259339348,9.713147081572686],[116.48379913802,9.70584302083887],[116.41528107376257,9.790909974116062]]],[[[115.49719553474631,9.906526983633569],[115.52528881942351,9.932250808328263],[115.57286115971476,9.923890510938463],[115.58057006465685,9.907869428631216],[115.5477191127469,9.874698386421528],[115.51089821967719,9.88010678869739],[115.49719553474631,9.906526983633569]]],[[[116.16446198163521,10.113160653341595],[116.14486388905743,10.115699405303303],[116.14026259774073,10.123868317069366],[116.1524730097218,10.126944440933244],[116.16446198163521,10.113160653341595]]],[[[115.36600557060069,10.244919569982244],[115.36870814396582,10.258655462379807],[115.38080984140129,10.257134930033033],[115.36600557060069,10.244919569982244]]],[[[115.7283938875679,10.461804373373127],[115.73067717361278,10.463791075597726],[115.7327355536031,10.459803467256279],[115.7283938875679,10.461804373373127]]],[[[115.7903709658475,10.471590723932934],[115.78786605357561,10.457647536904346],[115.77130115482464,10.456076345746908],[115.77074687566778,10.456787193274408],[115.7903709658475,10.471590723932934]]],[[[116.46833177908854,10.305643280213246],[116.55355143005454,10.511301841107127],[116.58857172570458,10.554894609398787],[116.80892433019369,10.691242553301265],[116.94680346880511,10.553291107398763],[116.76315622597906,10.357116419986824],[116.49873413067564,10.285710718974542],[116.46833177908854,10.305643280213246]]],[[[115.70681033742733,10.484458702207519],[115.71355991305961,10.509407638651567],[115.71881528939423,10.513126213004398],[115.70681033742733,10.484458702207519]]],[[[115.72741935431986,10.473845130048801],[115.72113334502808,10.492489931365299],[115.7499771769053,10.534758802276997],[115.8008087115528,10.538281876607414],[115.78229562404385,10.466237789142781],[115.72741935431986,10.473845130048801]]],[[[115.7275581673756,10.526093582552846],[115.73396640442616,10.53724848363072],[115.74733250189354,10.535546904266369],[115.7275581673756,10.526093582552846]]],[[[115.82749084932334,10.595723100041141],[115.80554869091952,10.785155305672959],[115.83361806981816,10.830679492164904],[115.86993917815073,10.788866912977824],[115.89855139593033,10.698551759955933],[115.82749084932334,10.595723100041141]]],[[[116.16147332313551,10.71572027736903],[116.24556593112288,10.893016148176741],[116.49067014281297,10.915862637850523],[116.17342386072278,10.604425379027987],[116.15875573109213,10.608477066763385],[116.16147332313551,10.71572027736903]]],[[[116.0892928283015,10.799416662948659],[116.09423496357272,10.809477406557164],[116.09336134864736,10.798136374594037],[116.0892928283015,10.799416662948659]]],[[[116.61861829739667,10.791653742026597],[116.64073468235972,10.888314295568307],[116.68081338303136,10.910135467278053],[116.92196147704055,10.916857967920976],[116.86874924268352,10.845820313556771],[116.81320958085769,10.818161362756825],[116.65446888493113,10.77063513430403],[116.61861829739667,10.791653742026597]]],[[[116.1933276544479,11.481526934620376],[116.47441619635049,11.7560535489323],[116.49006474798978,11.75413083077325],[116.48883610590167,11.673252753212182],[116.32740922855317,11.376987286634062],[116.10993532155794,11.349027678084951],[116.10790934414104,11.365158481278911],[116.1933276544479,11.481526934620376]]],[[[116.14401091087495,12.04225160792555],[116.16121000973419,12.047482469640329],[116.17688851239495,12.03862038472306],[116.16118339789557,12.028852083556899],[116.14401091087495,12.04225160792555]]]]}}]}